
> library(SciDataReportR)

> data("SampleData")

> data("SampleVariableTypes")

> df_Raw <- SampleData

> VariableTypes <- SampleVariableTypes

> VariableTypes_Template <- CreateVariableTypesTemplate(df_Raw)

> df_DataDictionary <- MakeDataDictionary(df_Raw)

> FormattedDataDictionary(df_Raw)
<div id="uohcxuygpq" style="padding-left:0px;padding-right:0px;padding-top:10px;padding-bottom:10px;overflow-x:auto;overflow-y:auto;width:auto;height:auto;">
  <style>#uohcxuygpq table {
  font-family: system-ui, 'Segoe UI', Roboto, Helvetica, Arial, sans-serif, 'Apple Color Emoji', 'Segoe UI Emoji', 'Segoe UI Symbol', 'Noto Color Emoji';
  -webkit-font-smoothing: antialiased;
  -moz-osx-font-smoothing: grayscale;
}

#uohcxuygpq thead, #uohcxuygpq tbody, #uohcxuygpq tfoot, #uohcxuygpq tr, #uohcxuygpq td, #uohcxuygpq th {
  border-style: none;
}

#uohcxuygpq p {
  margin: 0;
  padding: 0;
}

#uohcxuygpq .gt_table {
  display: table;
  border-collapse: collapse;
  line-height: normal;
  margin-left: auto;
  margin-right: auto;
  color: #333333;
  font-size: 16px;
  font-weight: normal;
  font-style: normal;
  background-color: #FFFFFF;
  width: auto;
  border-top-style: solid;
  border-top-width: 2px;
  border-top-color: #A8A8A8;
  border-right-style: none;
  border-right-width: 2px;
  border-right-color: #D3D3D3;
  border-bottom-style: solid;
  border-bottom-width: 2px;
  border-bottom-color: #A8A8A8;
  border-left-style: none;
  border-left-width: 2px;
  border-left-color: #D3D3D3;
}

#uohcxuygpq .gt_caption {
  padding-top: 4px;
  padding-bottom: 4px;
}

#uohcxuygpq .gt_title {
  color: #333333;
  font-size: 125%;
  font-weight: initial;
  padding-top: 4px;
  padding-bottom: 4px;
  padding-left: 5px;
  padding-right: 5px;
  border-bottom-color: #FFFFFF;
  border-bottom-width: 0;
}

#uohcxuygpq .gt_subtitle {
  color: #333333;
  font-size: 85%;
  font-weight: initial;
  padding-top: 3px;
  padding-bottom: 5px;
  padding-left: 5px;
  padding-right: 5px;
  border-top-color: #FFFFFF;
  border-top-width: 0;
}

#uohcxuygpq .gt_heading {
  background-color: #FFFFFF;
  text-align: center;
  border-bottom-color: #FFFFFF;
  border-left-style: none;
  border-left-width: 1px;
  border-left-color: #D3D3D3;
  border-right-style: none;
  border-right-width: 1px;
  border-right-color: #D3D3D3;
}

#uohcxuygpq .gt_bottom_border {
  border-bottom-style: solid;
  border-bottom-width: 2px;
  border-bottom-color: #D3D3D3;
}

#uohcxuygpq .gt_col_headings {
  border-top-style: solid;
  border-top-width: 2px;
  border-top-color: #D3D3D3;
  border-bottom-style: solid;
  border-bottom-width: 2px;
  border-bottom-color: #D3D3D3;
  border-left-style: none;
  border-left-width: 1px;
  border-left-color: #D3D3D3;
  border-right-style: none;
  border-right-width: 1px;
  border-right-color: #D3D3D3;
}

#uohcxuygpq .gt_col_heading {
  color: #333333;
  background-color: #FFFFFF;
  font-size: 100%;
  font-weight: normal;
  text-transform: inherit;
  border-left-style: none;
  border-left-width: 1px;
  border-left-color: #D3D3D3;
  border-right-style: none;
  border-right-width: 1px;
  border-right-color: #D3D3D3;
  vertical-align: bottom;
  padding-top: 5px;
  padding-bottom: 6px;
  padding-left: 5px;
  padding-right: 5px;
  overflow-x: hidden;
}

#uohcxuygpq .gt_column_spanner_outer {
  color: #333333;
  background-color: #FFFFFF;
  font-size: 100%;
  font-weight: normal;
  text-transform: inherit;
  padding-top: 0;
  padding-bottom: 0;
  padding-left: 4px;
  padding-right: 4px;
}

#uohcxuygpq .gt_column_spanner_outer:first-child {
  padding-left: 0;
}

#uohcxuygpq .gt_column_spanner_outer:last-child {
  padding-right: 0;
}

#uohcxuygpq .gt_column_spanner {
  border-bottom-style: solid;
  border-bottom-width: 2px;
  border-bottom-color: #D3D3D3;
  vertical-align: bottom;
  padding-top: 5px;
  padding-bottom: 5px;
  overflow-x: hidden;
  display: inline-block;
  width: 100%;
}

#uohcxuygpq .gt_spanner_row {
  border-bottom-style: hidden;
}

#uohcxuygpq .gt_group_heading {
  padding-top: 8px;
  padding-bottom: 8px;
  padding-left: 5px;
  padding-right: 5px;
  color: #333333;
  background-color: #FFFFFF;
  font-size: 100%;
  font-weight: initial;
  text-transform: inherit;
  border-top-style: solid;
  border-top-width: 2px;
  border-top-color: #D3D3D3;
  border-bottom-style: solid;
  border-bottom-width: 2px;
  border-bottom-color: #D3D3D3;
  border-left-style: none;
  border-left-width: 1px;
  border-left-color: #D3D3D3;
  border-right-style: none;
  border-right-width: 1px;
  border-right-color: #D3D3D3;
  vertical-align: middle;
  text-align: left;
}

#uohcxuygpq .gt_empty_group_heading {
  padding: 0.5px;
  color: #333333;
  background-color: #FFFFFF;
  font-size: 100%;
  font-weight: initial;
  border-top-style: solid;
  border-top-width: 2px;
  border-top-color: #D3D3D3;
  border-bottom-style: solid;
  border-bottom-width: 2px;
  border-bottom-color: #D3D3D3;
  vertical-align: middle;
}

#uohcxuygpq .gt_from_md > :first-child {
  margin-top: 0;
}

#uohcxuygpq .gt_from_md > :last-child {
  margin-bottom: 0;
}

#uohcxuygpq .gt_row {
  padding-top: 8px;
  padding-bottom: 8px;
  padding-left: 5px;
  padding-right: 5px;
  margin: 10px;
  border-top-style: solid;
  border-top-width: 1px;
  border-top-color: #D3D3D3;
  border-left-style: none;
  border-left-width: 1px;
  border-left-color: #D3D3D3;
  border-right-style: none;
  border-right-width: 1px;
  border-right-color: #D3D3D3;
  vertical-align: middle;
  overflow-x: hidden;
}

#uohcxuygpq .gt_stub {
  color: #333333;
  background-color: #FFFFFF;
  font-size: 100%;
  font-weight: initial;
  text-transform: inherit;
  border-right-style: solid;
  border-right-width: 2px;
  border-right-color: #D3D3D3;
  padding-left: 5px;
  padding-right: 5px;
}

#uohcxuygpq .gt_stub_row_group {
  color: #333333;
  background-color: #FFFFFF;
  font-size: 100%;
  font-weight: initial;
  text-transform: inherit;
  border-right-style: solid;
  border-right-width: 2px;
  border-right-color: #D3D3D3;
  padding-left: 5px;
  padding-right: 5px;
  vertical-align: top;
}

#uohcxuygpq .gt_row_group_first td {
  border-top-width: 2px;
}

#uohcxuygpq .gt_row_group_first th {
  border-top-width: 2px;
}

#uohcxuygpq .gt_summary_row {
  color: #333333;
  background-color: #FFFFFF;
  text-transform: inherit;
  padding-top: 8px;
  padding-bottom: 8px;
  padding-left: 5px;
  padding-right: 5px;
}

#uohcxuygpq .gt_first_summary_row {
  border-top-style: solid;
  border-top-color: #D3D3D3;
}

#uohcxuygpq .gt_first_summary_row.thick {
  border-top-width: 2px;
}

#uohcxuygpq .gt_last_summary_row {
  padding-top: 8px;
  padding-bottom: 8px;
  padding-left: 5px;
  padding-right: 5px;
  border-bottom-style: solid;
  border-bottom-width: 2px;
  border-bottom-color: #D3D3D3;
}

#uohcxuygpq .gt_grand_summary_row {
  color: #333333;
  background-color: #FFFFFF;
  text-transform: inherit;
  padding-top: 8px;
  padding-bottom: 8px;
  padding-left: 5px;
  padding-right: 5px;
}

#uohcxuygpq .gt_first_grand_summary_row {
  padding-top: 8px;
  padding-bottom: 8px;
  padding-left: 5px;
  padding-right: 5px;
  border-top-style: double;
  border-top-width: 6px;
  border-top-color: #D3D3D3;
}

#uohcxuygpq .gt_last_grand_summary_row_top {
  padding-top: 8px;
  padding-bottom: 8px;
  padding-left: 5px;
  padding-right: 5px;
  border-bottom-style: double;
  border-bottom-width: 6px;
  border-bottom-color: #D3D3D3;
}

#uohcxuygpq .gt_striped {
  background-color: rgba(128, 128, 128, 0.05);
}

#uohcxuygpq .gt_table_body {
  border-top-style: solid;
  border-top-width: 2px;
  border-top-color: #D3D3D3;
  border-bottom-style: solid;
  border-bottom-width: 2px;
  border-bottom-color: #D3D3D3;
}

#uohcxuygpq .gt_footnotes {
  color: #333333;
  background-color: #FFFFFF;
  border-bottom-style: none;
  border-bottom-width: 2px;
  border-bottom-color: #D3D3D3;
  border-left-style: none;
  border-left-width: 2px;
  border-left-color: #D3D3D3;
  border-right-style: none;
  border-right-width: 2px;
  border-right-color: #D3D3D3;
}

#uohcxuygpq .gt_footnote {
  margin: 0px;
  font-size: 90%;
  padding-top: 4px;
  padding-bottom: 4px;
  padding-left: 5px;
  padding-right: 5px;
}

#uohcxuygpq .gt_sourcenotes {
  color: #333333;
  background-color: #FFFFFF;
  border-bottom-style: none;
  border-bottom-width: 2px;
  border-bottom-color: #D3D3D3;
  border-left-style: none;
  border-left-width: 2px;
  border-left-color: #D3D3D3;
  border-right-style: none;
  border-right-width: 2px;
  border-right-color: #D3D3D3;
}

#uohcxuygpq .gt_sourcenote {
  font-size: 90%;
  padding-top: 4px;
  padding-bottom: 4px;
  padding-left: 5px;
  padding-right: 5px;
}

#uohcxuygpq .gt_left {
  text-align: left;
}

#uohcxuygpq .gt_center {
  text-align: center;
}

#uohcxuygpq .gt_right {
  text-align: right;
  font-variant-numeric: tabular-nums;
}

#uohcxuygpq .gt_font_normal {
  font-weight: normal;
}

#uohcxuygpq .gt_font_bold {
  font-weight: bold;
}

#uohcxuygpq .gt_font_italic {
  font-style: italic;
}

#uohcxuygpq .gt_super {
  font-size: 65%;
}

#uohcxuygpq .gt_footnote_marks {
  font-size: 75%;
  vertical-align: 0.4em;
  position: initial;
}

#uohcxuygpq .gt_asterisk {
  font-size: 100%;
  vertical-align: 0;
}

#uohcxuygpq .gt_indent_1 {
  text-indent: 5px;
}

#uohcxuygpq .gt_indent_2 {
  text-indent: 10px;
}

#uohcxuygpq .gt_indent_3 {
  text-indent: 15px;
}

#uohcxuygpq .gt_indent_4 {
  text-indent: 20px;
}

#uohcxuygpq .gt_indent_5 {
  text-indent: 25px;
}

#uohcxuygpq .katex-display {
  display: inline-flex !important;
  margin-bottom: 0.75em !important;
}

#uohcxuygpq div.Reactable > div.rt-table > div.rt-thead > div.rt-tr.rt-tr-group-header > div.rt-th-group:after {
  height: 0px !important;
}
</style>
  <table class="gt_table" data-quarto-disable-processing="false" data-quarto-bootstrap="false">
  <thead>
    <tr class="gt_col_headings">
      <th class="gt_col_heading gt_columns_bottom_border gt_left" rowspan="1" colspan="1" style="border-bottom-width: 3px; border-bottom-style: solid; border-bottom-color: #000000; font-weight: bold; border-left-width: 0.1px; border-left-style: dashed; border-left-color: grey;" scope="col" id="Variable">Variable<span class="gt_footnote_marks" style="white-space:nowrap;font-style:italic;font-weight:normal;line-height:0;"><sup>1,2</sup></span></th>
      <th class="gt_col_heading gt_columns_bottom_border gt_right" rowspan="1" colspan="1" style="border-bottom-width: 3px; border-bottom-style: solid; border-bottom-color: #000000; font-weight: bold; border-left-width: 0.1px; border-left-style: dashed; border-left-color: grey;" scope="col" id="Label">Label</th>
      <th class="gt_col_heading gt_columns_bottom_border gt_left" rowspan="1" colspan="1" style="border-bottom-width: 3px; border-bottom-style: solid; border-bottom-color: #000000; font-weight: bold; border-left-width: 0.1px; border-left-style: dashed; border-left-color: grey;" scope="col" id="Type">Type</th>
      <th class="gt_col_heading gt_columns_bottom_border gt_right" rowspan="1" colspan="1" style="border-bottom-width: 3px; border-bottom-style: solid; border-bottom-color: #000000; font-weight: bold; border-left-width: 0.1px; border-left-style: dashed; border-left-color: grey;" scope="col" id="Ordered-Factor">Ordered Factor</th>
      <th class="gt_col_heading gt_columns_bottom_border gt_right" rowspan="1" colspan="1" style="border-bottom-width: 3px; border-bottom-style: solid; border-bottom-color: #000000; font-weight: bold; border-left-width: 0.1px; border-left-style: dashed; border-left-color: grey;" scope="col" id="n_missing">n_missing</th>
      <th class="gt_col_heading gt_columns_bottom_border gt_right" rowspan="1" colspan="1" style="border-bottom-width: 3px; border-bottom-style: solid; border-bottom-color: #000000; font-weight: bold; border-left-width: 0.1px; border-left-style: dashed; border-left-color: grey;" scope="col" id="complete_rate">complete_rate</th>
      <th class="gt_col_heading gt_columns_bottom_border gt_right" rowspan="1" colspan="1" style="border-bottom-width: 3px; border-bottom-style: solid; border-bottom-color: #000000; font-weight: bold; border-left-width: 0.1px; border-left-style: dashed; border-left-color: grey;" scope="col" id="n_unique">n_unique</th>
      <th class="gt_col_heading gt_columns_bottom_border gt_right" rowspan="1" colspan="1" style="border-bottom-width: 3px; border-bottom-style: solid; border-bottom-color: #000000; font-weight: bold; border-left-width: 0.1px; border-left-style: dashed; border-left-color: grey;" scope="col" id="Top-Counts">Top Counts</th>
      <th class="gt_col_heading gt_columns_bottom_border gt_right" rowspan="1" colspan="1" style="border-bottom-width: 3px; border-bottom-style: solid; border-bottom-color: #000000; font-weight: bold; border-left-width: 0.1px; border-left-style: dashed; border-left-color: grey;" scope="col" id="Mean">Mean</th>
      <th class="gt_col_heading gt_columns_bottom_border gt_right" rowspan="1" colspan="1" style="border-bottom-width: 3px; border-bottom-style: solid; border-bottom-color: #000000; font-weight: bold; border-left-width: 0.1px; border-left-style: dashed; border-left-color: grey;" scope="col" id="Median">Median</th>
      <th class="gt_col_heading gt_columns_bottom_border gt_right" rowspan="1" colspan="1" style="border-bottom-width: 3px; border-bottom-style: solid; border-bottom-color: #000000; font-weight: bold; border-left-width: 0.1px; border-left-style: dashed; border-left-color: grey;" scope="col" id="SD">SD</th>
      <th class="gt_col_heading gt_columns_bottom_border gt_right" rowspan="1" colspan="1" style="border-bottom-width: 3px; border-bottom-style: solid; border-bottom-color: #000000; font-weight: bold; border-left-width: 0.1px; border-left-style: dashed; border-left-color: grey;" scope="col" id="Min">Min</th>
      <th class="gt_col_heading gt_columns_bottom_border gt_right" rowspan="1" colspan="1" style="border-bottom-width: 3px; border-bottom-style: solid; border-bottom-color: #000000; font-weight: bold; border-left-width: 0.1px; border-left-style: dashed; border-left-color: grey;" scope="col" id="Max">Max</th>
      <th class="gt_col_heading gt_columns_bottom_border gt_left" rowspan="1" colspan="1" style="border-bottom-width: 3px; border-bottom-style: solid; border-bottom-color: #000000; font-weight: bold; border-left-width: 0.1px; border-left-style: dashed; border-left-color: grey;" scope="col" id="Histogram">Histogram</th>
    </tr>
  </thead>
  <tbody class="gt_table_body">
    <tr><td headers="Variable" class="gt_row gt_left" style="background-color: #C4929B; border-left-width: 0.1px; border-left-style: dashed; border-left-color: grey;">Diagnosis</td>
<td headers="Label" class="gt_row gt_right" style="background-color: #C4929B; border-left-width: 0.1px; border-left-style: dashed; border-left-color: grey;"></td>
<td headers="Type" class="gt_row gt_left" style="background-color: #C4929B; border-left-width: 0.1px; border-left-style: dashed; border-left-color: grey;">character</td>
<td headers="Ordered Factor" class="gt_row gt_right" style="background-color: #C4929B; border-left-width: 0.1px; border-left-style: dashed; border-left-color: grey;"> </td>
<td headers="n_missing" class="gt_row gt_right" style="background-color: #C4929B; border-left-width: 0.1px; border-left-style: dashed; border-left-color: grey;">0</td>
<td headers="complete_rate" class="gt_row gt_right" style="background-color: #C4929B; border-left-width: 0.1px; border-left-style: dashed; border-left-color: grey;">1</td>
<td headers="n_unique" class="gt_row gt_right" style="background-color: #C4929B; border-left-width: 0.1px; border-left-style: dashed; border-left-color: grey;">2</td>
<td headers="Top Counts" class="gt_row gt_right" style="background-color: #C4929B; border-left-width: 0.1px; border-left-style: dashed; border-left-color: grey;"> </td>
<td headers="Mean" class="gt_row gt_right" style="background-color: #C4929B; border-left-width: 0.1px; border-left-style: dashed; border-left-color: grey;"> </td>
<td headers="Median" class="gt_row gt_right" style="background-color: #C4929B; border-left-width: 0.1px; border-left-style: dashed; border-left-color: grey;"> </td>
<td headers="SD" class="gt_row gt_right" style="background-color: #C4929B; border-left-width: 0.1px; border-left-style: dashed; border-left-color: grey;"> </td>
<td headers="Min" class="gt_row gt_right" style="background-color: #C4929B; border-left-width: 0.1px; border-left-style: dashed; border-left-color: grey;"> </td>
<td headers="Max" class="gt_row gt_right" style="background-color: #C4929B; border-left-width: 0.1px; border-left-style: dashed; border-left-color: grey;"> </td>
<td headers="Histogram" class="gt_row gt_left" style="background-color: #C4929B; border-left-width: 0.1px; border-left-style: dashed; border-left-color: grey;"> </td></tr>
    <tr><td headers="Variable" class="gt_row gt_left" style="border-left-width: 0.1px; border-left-style: dashed; border-left-color: grey;">age</td>
<td headers="Label" class="gt_row gt_right" style="border-left-width: 0.1px; border-left-style: dashed; border-left-color: grey;"></td>
<td headers="Type" class="gt_row gt_left" style="border-left-width: 0.1px; border-left-style: dashed; border-left-color: grey;">numeric</td>
<td headers="Ordered Factor" class="gt_row gt_right" style="border-left-width: 0.1px; border-left-style: dashed; border-left-color: grey;"> </td>
<td headers="n_missing" class="gt_row gt_right" style="border-left-width: 0.1px; border-left-style: dashed; border-left-color: grey;">0</td>
<td headers="complete_rate" class="gt_row gt_right" style="border-left-width: 0.1px; border-left-style: dashed; border-left-color: grey;">1</td>
<td headers="n_unique" class="gt_row gt_right" style="border-left-width: 0.1px; border-left-style: dashed; border-left-color: grey;">65</td>
<td headers="Top Counts" class="gt_row gt_right" style="border-left-width: 0.1px; border-left-style: dashed; border-left-color: grey;"> </td>
<td headers="Mean" class="gt_row gt_right" style="border-left-width: 0.1px; border-left-style: dashed; border-left-color: grey;">103.08</td>
<td headers="Median" class="gt_row gt_right" style="border-left-width: 0.1px; border-left-style: dashed; border-left-color: grey;">74</td>
<td headers="SD" class="gt_row gt_right" style="border-left-width: 0.1px; border-left-style: dashed; border-left-color: grey;">166.35</td>
<td headers="Min" class="gt_row gt_right" style="border-left-width: 0.1px; border-left-style: dashed; border-left-color: grey;">36</td>
<td headers="Max" class="gt_row gt_right" style="border-left-width: 0.1px; border-left-style: dashed; border-left-color: grey;">999</td>
<td headers="Histogram" class="gt_row gt_left" style="border-left-width: 0.1px; border-left-style: dashed; border-left-color: grey;">▇▁▁▁▁</td></tr>
    <tr><td headers="Variable" class="gt_row gt_left" style="border-left-width: 0.1px; border-left-style: dashed; border-left-color: grey;">sex</td>
<td headers="Label" class="gt_row gt_right" style="border-left-width: 0.1px; border-left-style: dashed; border-left-color: grey;"></td>
<td headers="Type" class="gt_row gt_left" style="border-left-width: 0.1px; border-left-style: dashed; border-left-color: grey;">numeric</td>
<td headers="Ordered Factor" class="gt_row gt_right" style="border-left-width: 0.1px; border-left-style: dashed; border-left-color: grey;"> </td>
<td headers="n_missing" class="gt_row gt_right" style="border-left-width: 0.1px; border-left-style: dashed; border-left-color: grey;">0</td>
<td headers="complete_rate" class="gt_row gt_right" style="border-left-width: 0.1px; border-left-style: dashed; border-left-color: grey;">1</td>
<td headers="n_unique" class="gt_row gt_right" style="border-left-width: 0.1px; border-left-style: dashed; border-left-color: grey;">2</td>
<td headers="Top Counts" class="gt_row gt_right" style="border-left-width: 0.1px; border-left-style: dashed; border-left-color: grey;"> </td>
<td headers="Mean" class="gt_row gt_right" style="border-left-width: 0.1px; border-left-style: dashed; border-left-color: grey;">0.39</td>
<td headers="Median" class="gt_row gt_right" style="border-left-width: 0.1px; border-left-style: dashed; border-left-color: grey;">0</td>
<td headers="SD" class="gt_row gt_right" style="border-left-width: 0.1px; border-left-style: dashed; border-left-color: grey;">0.49</td>
<td headers="Min" class="gt_row gt_right" style="border-left-width: 0.1px; border-left-style: dashed; border-left-color: grey;">0</td>
<td headers="Max" class="gt_row gt_right" style="border-left-width: 0.1px; border-left-style: dashed; border-left-color: grey;">1</td>
<td headers="Histogram" class="gt_row gt_left" style="border-left-width: 0.1px; border-left-style: dashed; border-left-color: grey;">▇▁▁▁▅</td></tr>
    <tr><td headers="Variable" class="gt_row gt_left" style="background-color: #C4929B; border-left-width: 0.1px; border-left-style: dashed; border-left-color: grey;">Genotype</td>
<td headers="Label" class="gt_row gt_right" style="background-color: #C4929B; border-left-width: 0.1px; border-left-style: dashed; border-left-color: grey;"></td>
<td headers="Type" class="gt_row gt_left" style="background-color: #C4929B; border-left-width: 0.1px; border-left-style: dashed; border-left-color: grey;">character</td>
<td headers="Ordered Factor" class="gt_row gt_right" style="background-color: #C4929B; border-left-width: 0.1px; border-left-style: dashed; border-left-color: grey;"> </td>
<td headers="n_missing" class="gt_row gt_right" style="background-color: #C4929B; border-left-width: 0.1px; border-left-style: dashed; border-left-color: grey;">0</td>
<td headers="complete_rate" class="gt_row gt_right" style="background-color: #C4929B; border-left-width: 0.1px; border-left-style: dashed; border-left-color: grey;">1</td>
<td headers="n_unique" class="gt_row gt_right" style="background-color: #C4929B; border-left-width: 0.1px; border-left-style: dashed; border-left-color: grey;">6</td>
<td headers="Top Counts" class="gt_row gt_right" style="background-color: #C4929B; border-left-width: 0.1px; border-left-style: dashed; border-left-color: grey;"> </td>
<td headers="Mean" class="gt_row gt_right" style="background-color: #C4929B; border-left-width: 0.1px; border-left-style: dashed; border-left-color: grey;"> </td>
<td headers="Median" class="gt_row gt_right" style="background-color: #C4929B; border-left-width: 0.1px; border-left-style: dashed; border-left-color: grey;"> </td>
<td headers="SD" class="gt_row gt_right" style="background-color: #C4929B; border-left-width: 0.1px; border-left-style: dashed; border-left-color: grey;"> </td>
<td headers="Min" class="gt_row gt_right" style="background-color: #C4929B; border-left-width: 0.1px; border-left-style: dashed; border-left-color: grey;"> </td>
<td headers="Max" class="gt_row gt_right" style="background-color: #C4929B; border-left-width: 0.1px; border-left-style: dashed; border-left-color: grey;"> </td>
<td headers="Histogram" class="gt_row gt_left" style="background-color: #C4929B; border-left-width: 0.1px; border-left-style: dashed; border-left-color: grey;"> </td></tr>
    <tr><td headers="Variable" class="gt_row gt_left" style="border-left-width: 0.1px; border-left-style: dashed; border-left-color: grey;">ACE_CD143_Angiotensin_Converti</td>
<td headers="Label" class="gt_row gt_right" style="border-left-width: 0.1px; border-left-style: dashed; border-left-color: grey;"></td>
<td headers="Type" class="gt_row gt_left" style="border-left-width: 0.1px; border-left-style: dashed; border-left-color: grey;">numeric</td>
<td headers="Ordered Factor" class="gt_row gt_right" style="border-left-width: 0.1px; border-left-style: dashed; border-left-color: grey;"> </td>
<td headers="n_missing" class="gt_row gt_right" style="border-left-width: 0.1px; border-left-style: dashed; border-left-color: grey;">0</td>
<td headers="complete_rate" class="gt_row gt_right" style="border-left-width: 0.1px; border-left-style: dashed; border-left-color: grey;">1</td>
<td headers="n_unique" class="gt_row gt_right" style="border-left-width: 0.1px; border-left-style: dashed; border-left-color: grey;">56</td>
<td headers="Top Counts" class="gt_row gt_right" style="border-left-width: 0.1px; border-left-style: dashed; border-left-color: grey;"> </td>
<td headers="Mean" class="gt_row gt_right" style="border-left-width: 0.1px; border-left-style: dashed; border-left-color: grey;">1.32</td>
<td headers="Median" class="gt_row gt_right" style="border-left-width: 0.1px; border-left-style: dashed; border-left-color: grey;">1.3</td>
<td headers="SD" class="gt_row gt_right" style="border-left-width: 0.1px; border-left-style: dashed; border-left-color: grey;">0.55</td>
<td headers="Min" class="gt_row gt_right" style="border-left-width: 0.1px; border-left-style: dashed; border-left-color: grey;">-0.68</td>
<td headers="Max" class="gt_row gt_right" style="border-left-width: 0.1px; border-left-style: dashed; border-left-color: grey;">3.09</td>
<td headers="Histogram" class="gt_row gt_left" style="border-left-width: 0.1px; border-left-style: dashed; border-left-color: grey;">▁▃▇▅▁</td></tr>
    <tr><td headers="Variable" class="gt_row gt_left" style="border-left-width: 0.1px; border-left-style: dashed; border-left-color: grey;">ACTH_Adrenocorticotropic_Hormon</td>
<td headers="Label" class="gt_row gt_right" style="border-left-width: 0.1px; border-left-style: dashed; border-left-color: grey;"></td>
<td headers="Type" class="gt_row gt_left" style="border-left-width: 0.1px; border-left-style: dashed; border-left-color: grey;">numeric</td>
<td headers="Ordered Factor" class="gt_row gt_right" style="border-left-width: 0.1px; border-left-style: dashed; border-left-color: grey;"> </td>
<td headers="n_missing" class="gt_row gt_right" style="border-left-width: 0.1px; border-left-style: dashed; border-left-color: grey;">0</td>
<td headers="complete_rate" class="gt_row gt_right" style="border-left-width: 0.1px; border-left-style: dashed; border-left-color: grey;">1</td>
<td headers="n_unique" class="gt_row gt_right" style="border-left-width: 0.1px; border-left-style: dashed; border-left-color: grey;">33</td>
<td headers="Top Counts" class="gt_row gt_right" style="border-left-width: 0.1px; border-left-style: dashed; border-left-color: grey;"> </td>
<td headers="Mean" class="gt_row gt_right" style="border-left-width: 0.1px; border-left-style: dashed; border-left-color: grey;">-1.54</td>
<td headers="Median" class="gt_row gt_right" style="border-left-width: 0.1px; border-left-style: dashed; border-left-color: grey;">-1.56</td>
<td headers="SD" class="gt_row gt_right" style="border-left-width: 0.1px; border-left-style: dashed; border-left-color: grey;">0.27</td>
<td headers="Min" class="gt_row gt_right" style="border-left-width: 0.1px; border-left-style: dashed; border-left-color: grey;">-2.21</td>
<td headers="Max" class="gt_row gt_right" style="border-left-width: 0.1px; border-left-style: dashed; border-left-color: grey;">-0.8</td>
<td headers="Histogram" class="gt_row gt_left" style="border-left-width: 0.1px; border-left-style: dashed; border-left-color: grey;">▂▆▇▅▁</td></tr>
    <tr><td headers="Variable" class="gt_row gt_left" style="border-left-width: 0.1px; border-left-style: dashed; border-left-color: grey;">AXL</td>
<td headers="Label" class="gt_row gt_right" style="border-left-width: 0.1px; border-left-style: dashed; border-left-color: grey;"></td>
<td headers="Type" class="gt_row gt_left" style="border-left-width: 0.1px; border-left-style: dashed; border-left-color: grey;">numeric</td>
<td headers="Ordered Factor" class="gt_row gt_right" style="border-left-width: 0.1px; border-left-style: dashed; border-left-color: grey;"> </td>
<td headers="n_missing" class="gt_row gt_right" style="border-left-width: 0.1px; border-left-style: dashed; border-left-color: grey;">0</td>
<td headers="complete_rate" class="gt_row gt_right" style="border-left-width: 0.1px; border-left-style: dashed; border-left-color: grey;">1</td>
<td headers="n_unique" class="gt_row gt_right" style="border-left-width: 0.1px; border-left-style: dashed; border-left-color: grey;">64</td>
<td headers="Top Counts" class="gt_row gt_right" style="border-left-width: 0.1px; border-left-style: dashed; border-left-color: grey;"> </td>
<td headers="Mean" class="gt_row gt_right" style="border-left-width: 0.1px; border-left-style: dashed; border-left-color: grey;">0.3</td>
<td headers="Median" class="gt_row gt_right" style="border-left-width: 0.1px; border-left-style: dashed; border-left-color: grey;">0.28</td>
<td headers="SD" class="gt_row gt_right" style="border-left-width: 0.1px; border-left-style: dashed; border-left-color: grey;">0.45</td>
<td headers="Min" class="gt_row gt_right" style="border-left-width: 0.1px; border-left-style: dashed; border-left-color: grey;">-0.92</td>
<td headers="Max" class="gt_row gt_right" style="border-left-width: 0.1px; border-left-style: dashed; border-left-color: grey;">1.52</td>
<td headers="Histogram" class="gt_row gt_left" style="border-left-width: 0.1px; border-left-style: dashed; border-left-color: grey;">▁▅▇▃▁</td></tr>
    <tr><td headers="Variable" class="gt_row gt_left" style="border-left-width: 0.1px; border-left-style: dashed; border-left-color: grey;">Adiponectin</td>
<td headers="Label" class="gt_row gt_right" style="border-left-width: 0.1px; border-left-style: dashed; border-left-color: grey;"></td>
<td headers="Type" class="gt_row gt_left" style="border-left-width: 0.1px; border-left-style: dashed; border-left-color: grey;">numeric</td>
<td headers="Ordered Factor" class="gt_row gt_right" style="border-left-width: 0.1px; border-left-style: dashed; border-left-color: grey;"> </td>
<td headers="n_missing" class="gt_row gt_right" style="border-left-width: 0.1px; border-left-style: dashed; border-left-color: grey;">0</td>
<td headers="complete_rate" class="gt_row gt_right" style="border-left-width: 0.1px; border-left-style: dashed; border-left-color: grey;">1</td>
<td headers="n_unique" class="gt_row gt_right" style="border-left-width: 0.1px; border-left-style: dashed; border-left-color: grey;">96</td>
<td headers="Top Counts" class="gt_row gt_right" style="border-left-width: 0.1px; border-left-style: dashed; border-left-color: grey;"> </td>
<td headers="Mean" class="gt_row gt_right" style="border-left-width: 0.1px; border-left-style: dashed; border-left-color: grey;">-5.22</td>
<td headers="Median" class="gt_row gt_right" style="border-left-width: 0.1px; border-left-style: dashed; border-left-color: grey;">-5.22</td>
<td headers="SD" class="gt_row gt_right" style="border-left-width: 0.1px; border-left-style: dashed; border-left-color: grey;">0.67</td>
<td headers="Min" class="gt_row gt_right" style="border-left-width: 0.1px; border-left-style: dashed; border-left-color: grey;">-7.06</td>
<td headers="Max" class="gt_row gt_right" style="border-left-width: 0.1px; border-left-style: dashed; border-left-color: grey;">-3.47</td>
<td headers="Histogram" class="gt_row gt_left" style="border-left-width: 0.1px; border-left-style: dashed; border-left-color: grey;">▁▅▇▅▁</td></tr>
    <tr><td headers="Variable" class="gt_row gt_left" style="border-left-width: 0.1px; border-left-style: dashed; border-left-color: grey;">Alpha_1_Antichymotrypsin</td>
<td headers="Label" class="gt_row gt_right" style="border-left-width: 0.1px; border-left-style: dashed; border-left-color: grey;"></td>
<td headers="Type" class="gt_row gt_left" style="border-left-width: 0.1px; border-left-style: dashed; border-left-color: grey;">numeric</td>
<td headers="Ordered Factor" class="gt_row gt_right" style="border-left-width: 0.1px; border-left-style: dashed; border-left-color: grey;"> </td>
<td headers="n_missing" class="gt_row gt_right" style="border-left-width: 0.1px; border-left-style: dashed; border-left-color: grey;">0</td>
<td headers="complete_rate" class="gt_row gt_right" style="border-left-width: 0.1px; border-left-style: dashed; border-left-color: grey;">1</td>
<td headers="n_unique" class="gt_row gt_right" style="border-left-width: 0.1px; border-left-style: dashed; border-left-color: grey;">70</td>
<td headers="Top Counts" class="gt_row gt_right" style="border-left-width: 0.1px; border-left-style: dashed; border-left-color: grey;"> </td>
<td headers="Mean" class="gt_row gt_right" style="border-left-width: 0.1px; border-left-style: dashed; border-left-color: grey;">1.35</td>
<td headers="Median" class="gt_row gt_right" style="border-left-width: 0.1px; border-left-style: dashed; border-left-color: grey;">1.36</td>
<td headers="SD" class="gt_row gt_right" style="border-left-width: 0.1px; border-left-style: dashed; border-left-color: grey;">0.36</td>
<td headers="Min" class="gt_row gt_right" style="border-left-width: 0.1px; border-left-style: dashed; border-left-color: grey;">0.18</td>
<td headers="Max" class="gt_row gt_right" style="border-left-width: 0.1px; border-left-style: dashed; border-left-color: grey;">2.3</td>
<td headers="Histogram" class="gt_row gt_left" style="border-left-width: 0.1px; border-left-style: dashed; border-left-color: grey;">▁▃▇▆▂</td></tr>
    <tr><td headers="Variable" class="gt_row gt_left" style="border-left-width: 0.1px; border-left-style: dashed; border-left-color: grey;">Alpha_1_Antitrypsin</td>
<td headers="Label" class="gt_row gt_right" style="border-left-width: 0.1px; border-left-style: dashed; border-left-color: grey;"></td>
<td headers="Type" class="gt_row gt_left" style="border-left-width: 0.1px; border-left-style: dashed; border-left-color: grey;">numeric</td>
<td headers="Ordered Factor" class="gt_row gt_right" style="border-left-width: 0.1px; border-left-style: dashed; border-left-color: grey;"> </td>
<td headers="n_missing" class="gt_row gt_right" style="border-left-width: 0.1px; border-left-style: dashed; border-left-color: grey;">0</td>
<td headers="complete_rate" class="gt_row gt_right" style="border-left-width: 0.1px; border-left-style: dashed; border-left-color: grey;">1</td>
<td headers="n_unique" class="gt_row gt_right" style="border-left-width: 0.1px; border-left-style: dashed; border-left-color: grey;">69</td>
<td headers="Top Counts" class="gt_row gt_right" style="border-left-width: 0.1px; border-left-style: dashed; border-left-color: grey;"> </td>
<td headers="Mean" class="gt_row gt_right" style="border-left-width: 0.1px; border-left-style: dashed; border-left-color: grey;">-13.14</td>
<td headers="Median" class="gt_row gt_right" style="border-left-width: 0.1px; border-left-style: dashed; border-left-color: grey;">-13.1</td>
<td headers="SD" class="gt_row gt_right" style="border-left-width: 0.1px; border-left-style: dashed; border-left-color: grey;">1.55</td>
<td headers="Min" class="gt_row gt_right" style="border-left-width: 0.1px; border-left-style: dashed; border-left-color: grey;">-18.17</td>
<td headers="Max" class="gt_row gt_right" style="border-left-width: 0.1px; border-left-style: dashed; border-left-color: grey;">-8.19</td>
<td headers="Histogram" class="gt_row gt_left" style="border-left-width: 0.1px; border-left-style: dashed; border-left-color: grey;">▁▃▇▃▁</td></tr>
    <tr><td headers="Variable" class="gt_row gt_left" style="border-left-width: 0.1px; border-left-style: dashed; border-left-color: grey;">Alpha_1_Microglobulin</td>
<td headers="Label" class="gt_row gt_right" style="border-left-width: 0.1px; border-left-style: dashed; border-left-color: grey;"></td>
<td headers="Type" class="gt_row gt_left" style="border-left-width: 0.1px; border-left-style: dashed; border-left-color: grey;">numeric</td>
<td headers="Ordered Factor" class="gt_row gt_right" style="border-left-width: 0.1px; border-left-style: dashed; border-left-color: grey;"> </td>
<td headers="n_missing" class="gt_row gt_right" style="border-left-width: 0.1px; border-left-style: dashed; border-left-color: grey;">0</td>
<td headers="complete_rate" class="gt_row gt_right" style="border-left-width: 0.1px; border-left-style: dashed; border-left-color: grey;">1</td>
<td headers="n_unique" class="gt_row gt_right" style="border-left-width: 0.1px; border-left-style: dashed; border-left-color: grey;">87</td>
<td headers="Top Counts" class="gt_row gt_right" style="border-left-width: 0.1px; border-left-style: dashed; border-left-color: grey;"> </td>
<td headers="Mean" class="gt_row gt_right" style="border-left-width: 0.1px; border-left-style: dashed; border-left-color: grey;">-2.94</td>
<td headers="Median" class="gt_row gt_right" style="border-left-width: 0.1px; border-left-style: dashed; border-left-color: grey;">-2.96</td>
<td headers="SD" class="gt_row gt_right" style="border-left-width: 0.1px; border-left-style: dashed; border-left-color: grey;">0.48</td>
<td headers="Min" class="gt_row gt_right" style="border-left-width: 0.1px; border-left-style: dashed; border-left-color: grey;">-4.34</td>
<td headers="Max" class="gt_row gt_right" style="border-left-width: 0.1px; border-left-style: dashed; border-left-color: grey;">-1.77</td>
<td headers="Histogram" class="gt_row gt_left" style="border-left-width: 0.1px; border-left-style: dashed; border-left-color: grey;">▁▅▇▇▂</td></tr>
    <tr><td headers="Variable" class="gt_row gt_left" style="border-left-width: 0.1px; border-left-style: dashed; border-left-color: grey;">Alpha_2_Macroglobulin</td>
<td headers="Label" class="gt_row gt_right" style="border-left-width: 0.1px; border-left-style: dashed; border-left-color: grey;"></td>
<td headers="Type" class="gt_row gt_left" style="border-left-width: 0.1px; border-left-style: dashed; border-left-color: grey;">numeric</td>
<td headers="Ordered Factor" class="gt_row gt_right" style="border-left-width: 0.1px; border-left-style: dashed; border-left-color: grey;"> </td>
<td headers="n_missing" class="gt_row gt_right" style="border-left-width: 0.1px; border-left-style: dashed; border-left-color: grey;">0</td>
<td headers="complete_rate" class="gt_row gt_right" style="border-left-width: 0.1px; border-left-style: dashed; border-left-color: grey;">1</td>
<td headers="n_unique" class="gt_row gt_right" style="border-left-width: 0.1px; border-left-style: dashed; border-left-color: grey;">49</td>
<td headers="Top Counts" class="gt_row gt_right" style="border-left-width: 0.1px; border-left-style: dashed; border-left-color: grey;"> </td>
<td headers="Mean" class="gt_row gt_right" style="border-left-width: 0.1px; border-left-style: dashed; border-left-color: grey;">-159.46</td>
<td headers="Median" class="gt_row gt_right" style="border-left-width: 0.1px; border-left-style: dashed; border-left-color: grey;">-160.01</td>
<td headers="SD" class="gt_row gt_right" style="border-left-width: 0.1px; border-left-style: dashed; border-left-color: grey;">40.92</td>
<td headers="Min" class="gt_row gt_right" style="border-left-width: 0.1px; border-left-style: dashed; border-left-color: grey;">-289.68</td>
<td headers="Max" class="gt_row gt_right" style="border-left-width: 0.1px; border-left-style: dashed; border-left-color: grey;">-50.17</td>
<td headers="Histogram" class="gt_row gt_left" style="border-left-width: 0.1px; border-left-style: dashed; border-left-color: grey;">▁▃▇▅▂</td></tr>
    <tr><td headers="Variable" class="gt_row gt_left" style="border-left-width: 0.1px; border-left-style: dashed; border-left-color: grey;">Angiopoietin_2_ANG_2</td>
<td headers="Label" class="gt_row gt_right" style="border-left-width: 0.1px; border-left-style: dashed; border-left-color: grey;"></td>
<td headers="Type" class="gt_row gt_left" style="border-left-width: 0.1px; border-left-style: dashed; border-left-color: grey;">numeric</td>
<td headers="Ordered Factor" class="gt_row gt_right" style="border-left-width: 0.1px; border-left-style: dashed; border-left-color: grey;"> </td>
<td headers="n_missing" class="gt_row gt_right" style="border-left-width: 0.1px; border-left-style: dashed; border-left-color: grey;">0</td>
<td headers="complete_rate" class="gt_row gt_right" style="border-left-width: 0.1px; border-left-style: dashed; border-left-color: grey;">1</td>
<td headers="n_unique" class="gt_row gt_right" style="border-left-width: 0.1px; border-left-style: dashed; border-left-color: grey;">38</td>
<td headers="Top Counts" class="gt_row gt_right" style="border-left-width: 0.1px; border-left-style: dashed; border-left-color: grey;"> </td>
<td headers="Mean" class="gt_row gt_right" style="border-left-width: 0.1px; border-left-style: dashed; border-left-color: grey;">0.66</td>
<td headers="Median" class="gt_row gt_right" style="border-left-width: 0.1px; border-left-style: dashed; border-left-color: grey;">0.64</td>
<td headers="SD" class="gt_row gt_right" style="border-left-width: 0.1px; border-left-style: dashed; border-left-color: grey;">0.33</td>
<td headers="Min" class="gt_row gt_right" style="border-left-width: 0.1px; border-left-style: dashed; border-left-color: grey;">-0.54</td>
<td headers="Max" class="gt_row gt_right" style="border-left-width: 0.1px; border-left-style: dashed; border-left-color: grey;">1.77</td>
<td headers="Histogram" class="gt_row gt_left" style="border-left-width: 0.1px; border-left-style: dashed; border-left-color: grey;">▁▂▇▃▁</td></tr>
    <tr><td headers="Variable" class="gt_row gt_left" style="border-left-width: 0.1px; border-left-style: dashed; border-left-color: grey;">Angiotensinogen</td>
<td headers="Label" class="gt_row gt_right" style="border-left-width: 0.1px; border-left-style: dashed; border-left-color: grey;"></td>
<td headers="Type" class="gt_row gt_left" style="border-left-width: 0.1px; border-left-style: dashed; border-left-color: grey;">numeric</td>
<td headers="Ordered Factor" class="gt_row gt_right" style="border-left-width: 0.1px; border-left-style: dashed; border-left-color: grey;"> </td>
<td headers="n_missing" class="gt_row gt_right" style="border-left-width: 0.1px; border-left-style: dashed; border-left-color: grey;">100</td>
<td headers="complete_rate" class="gt_row gt_right" style="border-left-width: 0.1px; border-left-style: dashed; border-left-color: grey;">0.7</td>
<td headers="n_unique" class="gt_row gt_right" style="border-left-width: 0.1px; border-left-style: dashed; border-left-color: grey;">128</td>
<td headers="Top Counts" class="gt_row gt_right" style="border-left-width: 0.1px; border-left-style: dashed; border-left-color: grey;"> </td>
<td headers="Mean" class="gt_row gt_right" style="border-left-width: 0.1px; border-left-style: dashed; border-left-color: grey;">2.33</td>
<td headers="Median" class="gt_row gt_right" style="border-left-width: 0.1px; border-left-style: dashed; border-left-color: grey;">2.33</td>
<td headers="SD" class="gt_row gt_right" style="border-left-width: 0.1px; border-left-style: dashed; border-left-color: grey;">0.25</td>
<td headers="Min" class="gt_row gt_right" style="border-left-width: 0.1px; border-left-style: dashed; border-left-color: grey;">1.71</td>
<td headers="Max" class="gt_row gt_right" style="border-left-width: 0.1px; border-left-style: dashed; border-left-color: grey;">2.88</td>
<td headers="Histogram" class="gt_row gt_left" style="border-left-width: 0.1px; border-left-style: dashed; border-left-color: grey;">▂▆▇▇▃</td></tr>
    <tr><td headers="Variable" class="gt_row gt_left" style="border-left-width: 0.1px; border-left-style: dashed; border-left-color: grey;">Apolipoprotein_A_IV</td>
<td headers="Label" class="gt_row gt_right" style="border-left-width: 0.1px; border-left-style: dashed; border-left-color: grey;"></td>
<td headers="Type" class="gt_row gt_left" style="border-left-width: 0.1px; border-left-style: dashed; border-left-color: grey;">numeric</td>
<td headers="Ordered Factor" class="gt_row gt_right" style="border-left-width: 0.1px; border-left-style: dashed; border-left-color: grey;"> </td>
<td headers="n_missing" class="gt_row gt_right" style="border-left-width: 0.1px; border-left-style: dashed; border-left-color: grey;">0</td>
<td headers="complete_rate" class="gt_row gt_right" style="border-left-width: 0.1px; border-left-style: dashed; border-left-color: grey;">1</td>
<td headers="n_unique" class="gt_row gt_right" style="border-left-width: 0.1px; border-left-style: dashed; border-left-color: grey;">58</td>
<td headers="Top Counts" class="gt_row gt_right" style="border-left-width: 0.1px; border-left-style: dashed; border-left-color: grey;"> </td>
<td headers="Mean" class="gt_row gt_right" style="border-left-width: 0.1px; border-left-style: dashed; border-left-color: grey;">-1.86</td>
<td headers="Median" class="gt_row gt_right" style="border-left-width: 0.1px; border-left-style: dashed; border-left-color: grey;">-1.83</td>
<td headers="SD" class="gt_row gt_right" style="border-left-width: 0.1px; border-left-style: dashed; border-left-color: grey;">0.38</td>
<td headers="Min" class="gt_row gt_right" style="border-left-width: 0.1px; border-left-style: dashed; border-left-color: grey;">-2.96</td>
<td headers="Max" class="gt_row gt_right" style="border-left-width: 0.1px; border-left-style: dashed; border-left-color: grey;">-0.78</td>
<td headers="Histogram" class="gt_row gt_left" style="border-left-width: 0.1px; border-left-style: dashed; border-left-color: grey;">▁▅▇▅▁</td></tr>
    <tr><td headers="Variable" class="gt_row gt_left" style="border-left-width: 0.1px; border-left-style: dashed; border-left-color: grey;">Apolipoprotein_A1</td>
<td headers="Label" class="gt_row gt_right" style="border-left-width: 0.1px; border-left-style: dashed; border-left-color: grey;"></td>
<td headers="Type" class="gt_row gt_left" style="border-left-width: 0.1px; border-left-style: dashed; border-left-color: grey;">numeric</td>
<td headers="Ordered Factor" class="gt_row gt_right" style="border-left-width: 0.1px; border-left-style: dashed; border-left-color: grey;"> </td>
<td headers="n_missing" class="gt_row gt_right" style="border-left-width: 0.1px; border-left-style: dashed; border-left-color: grey;">0</td>
<td headers="complete_rate" class="gt_row gt_right" style="border-left-width: 0.1px; border-left-style: dashed; border-left-color: grey;">1</td>
<td headers="n_unique" class="gt_row gt_right" style="border-left-width: 0.1px; border-left-style: dashed; border-left-color: grey;">86</td>
<td headers="Top Counts" class="gt_row gt_right" style="border-left-width: 0.1px; border-left-style: dashed; border-left-color: grey;"> </td>
<td headers="Mean" class="gt_row gt_right" style="border-left-width: 0.1px; border-left-style: dashed; border-left-color: grey;">-7.48</td>
<td headers="Median" class="gt_row gt_right" style="border-left-width: 0.1px; border-left-style: dashed; border-left-color: grey;">-7.47</td>
<td headers="SD" class="gt_row gt_right" style="border-left-width: 0.1px; border-left-style: dashed; border-left-color: grey;">0.44</td>
<td headers="Min" class="gt_row gt_right" style="border-left-width: 0.1px; border-left-style: dashed; border-left-color: grey;">-8.68</td>
<td headers="Max" class="gt_row gt_right" style="border-left-width: 0.1px; border-left-style: dashed; border-left-color: grey;">-6.17</td>
<td headers="Histogram" class="gt_row gt_left" style="border-left-width: 0.1px; border-left-style: dashed; border-left-color: grey;">▁▅▇▃▁</td></tr>
    <tr><td headers="Variable" class="gt_row gt_left" style="border-left-width: 0.1px; border-left-style: dashed; border-left-color: grey;">Apolipoprotein_A2</td>
<td headers="Label" class="gt_row gt_right" style="border-left-width: 0.1px; border-left-style: dashed; border-left-color: grey;"></td>
<td headers="Type" class="gt_row gt_left" style="border-left-width: 0.1px; border-left-style: dashed; border-left-color: grey;">numeric</td>
<td headers="Ordered Factor" class="gt_row gt_right" style="border-left-width: 0.1px; border-left-style: dashed; border-left-color: grey;"> </td>
<td headers="n_missing" class="gt_row gt_right" style="border-left-width: 0.1px; border-left-style: dashed; border-left-color: grey;">0</td>
<td headers="complete_rate" class="gt_row gt_right" style="border-left-width: 0.1px; border-left-style: dashed; border-left-color: grey;">1</td>
<td headers="n_unique" class="gt_row gt_right" style="border-left-width: 0.1px; border-left-style: dashed; border-left-color: grey;">88</td>
<td headers="Top Counts" class="gt_row gt_right" style="border-left-width: 0.1px; border-left-style: dashed; border-left-color: grey;"> </td>
<td headers="Mean" class="gt_row gt_right" style="border-left-width: 0.1px; border-left-style: dashed; border-left-color: grey;">-0.65</td>
<td headers="Median" class="gt_row gt_right" style="border-left-width: 0.1px; border-left-style: dashed; border-left-color: grey;">-0.69</td>
<td headers="SD" class="gt_row gt_right" style="border-left-width: 0.1px; border-left-style: dashed; border-left-color: grey;">0.49</td>
<td headers="Min" class="gt_row gt_right" style="border-left-width: 0.1px; border-left-style: dashed; border-left-color: grey;">-1.97</td>
<td headers="Max" class="gt_row gt_right" style="border-left-width: 0.1px; border-left-style: dashed; border-left-color: grey;">0.96</td>
<td headers="Histogram" class="gt_row gt_left" style="border-left-width: 0.1px; border-left-style: dashed; border-left-color: grey;">▁▇▇▃▁</td></tr>
    <tr><td headers="Variable" class="gt_row gt_left" style="border-left-width: 0.1px; border-left-style: dashed; border-left-color: grey;">Apolipoprotein_B</td>
<td headers="Label" class="gt_row gt_right" style="border-left-width: 0.1px; border-left-style: dashed; border-left-color: grey;"></td>
<td headers="Type" class="gt_row gt_left" style="border-left-width: 0.1px; border-left-style: dashed; border-left-color: grey;">numeric</td>
<td headers="Ordered Factor" class="gt_row gt_right" style="border-left-width: 0.1px; border-left-style: dashed; border-left-color: grey;"> </td>
<td headers="n_missing" class="gt_row gt_right" style="border-left-width: 0.1px; border-left-style: dashed; border-left-color: grey;">0</td>
<td headers="complete_rate" class="gt_row gt_right" style="border-left-width: 0.1px; border-left-style: dashed; border-left-color: grey;">1</td>
<td headers="n_unique" class="gt_row gt_right" style="border-left-width: 0.1px; border-left-style: dashed; border-left-color: grey;">88</td>
<td headers="Top Counts" class="gt_row gt_right" style="border-left-width: 0.1px; border-left-style: dashed; border-left-color: grey;"> </td>
<td headers="Mean" class="gt_row gt_right" style="border-left-width: 0.1px; border-left-style: dashed; border-left-color: grey;">-5.59</td>
<td headers="Median" class="gt_row gt_right" style="border-left-width: 0.1px; border-left-style: dashed; border-left-color: grey;">-5.7</td>
<td headers="SD" class="gt_row gt_right" style="border-left-width: 0.1px; border-left-style: dashed; border-left-color: grey;">1.45</td>
<td headers="Min" class="gt_row gt_right" style="border-left-width: 0.1px; border-left-style: dashed; border-left-color: grey;">-9.94</td>
<td headers="Max" class="gt_row gt_right" style="border-left-width: 0.1px; border-left-style: dashed; border-left-color: grey;">-2.15</td>
<td headers="Histogram" class="gt_row gt_left" style="border-left-width: 0.1px; border-left-style: dashed; border-left-color: grey;">▁▅▇▇▂</td></tr>
    <tr><td headers="Variable" class="gt_row gt_left" style="border-left-width: 0.1px; border-left-style: dashed; border-left-color: grey;">Apolipoprotein_CI</td>
<td headers="Label" class="gt_row gt_right" style="border-left-width: 0.1px; border-left-style: dashed; border-left-color: grey;"></td>
<td headers="Type" class="gt_row gt_left" style="border-left-width: 0.1px; border-left-style: dashed; border-left-color: grey;">numeric</td>
<td headers="Ordered Factor" class="gt_row gt_right" style="border-left-width: 0.1px; border-left-style: dashed; border-left-color: grey;"> </td>
<td headers="n_missing" class="gt_row gt_right" style="border-left-width: 0.1px; border-left-style: dashed; border-left-color: grey;">0</td>
<td headers="complete_rate" class="gt_row gt_right" style="border-left-width: 0.1px; border-left-style: dashed; border-left-color: grey;">1</td>
<td headers="n_unique" class="gt_row gt_right" style="border-left-width: 0.1px; border-left-style: dashed; border-left-color: grey;">56</td>
<td headers="Top Counts" class="gt_row gt_right" style="border-left-width: 0.1px; border-left-style: dashed; border-left-color: grey;"> </td>
<td headers="Mean" class="gt_row gt_right" style="border-left-width: 0.1px; border-left-style: dashed; border-left-color: grey;">-1.59</td>
<td headers="Median" class="gt_row gt_right" style="border-left-width: 0.1px; border-left-style: dashed; border-left-color: grey;">-1.61</td>
<td headers="SD" class="gt_row gt_right" style="border-left-width: 0.1px; border-left-style: dashed; border-left-color: grey;">0.42</td>
<td headers="Min" class="gt_row gt_right" style="border-left-width: 0.1px; border-left-style: dashed; border-left-color: grey;">-3.32</td>
<td headers="Max" class="gt_row gt_right" style="border-left-width: 0.1px; border-left-style: dashed; border-left-color: grey;">-0.27</td>
<td headers="Histogram" class="gt_row gt_left" style="border-left-width: 0.1px; border-left-style: dashed; border-left-color: grey;">▁▁▇▅▁</td></tr>
    <tr><td headers="Variable" class="gt_row gt_left" style="border-left-width: 0.1px; border-left-style: dashed; border-left-color: grey;">Apolipoprotein_CIII</td>
<td headers="Label" class="gt_row gt_right" style="border-left-width: 0.1px; border-left-style: dashed; border-left-color: grey;"></td>
<td headers="Type" class="gt_row gt_left" style="border-left-width: 0.1px; border-left-style: dashed; border-left-color: grey;">numeric</td>
<td headers="Ordered Factor" class="gt_row gt_right" style="border-left-width: 0.1px; border-left-style: dashed; border-left-color: grey;"> </td>
<td headers="n_missing" class="gt_row gt_right" style="border-left-width: 0.1px; border-left-style: dashed; border-left-color: grey;">0</td>
<td headers="complete_rate" class="gt_row gt_right" style="border-left-width: 0.1px; border-left-style: dashed; border-left-color: grey;">1</td>
<td headers="n_unique" class="gt_row gt_right" style="border-left-width: 0.1px; border-left-style: dashed; border-left-color: grey;">85</td>
<td headers="Top Counts" class="gt_row gt_right" style="border-left-width: 0.1px; border-left-style: dashed; border-left-color: grey;"> </td>
<td headers="Mean" class="gt_row gt_right" style="border-left-width: 0.1px; border-left-style: dashed; border-left-color: grey;">-2.5</td>
<td headers="Median" class="gt_row gt_right" style="border-left-width: 0.1px; border-left-style: dashed; border-left-color: grey;">-2.54</td>
<td headers="SD" class="gt_row gt_right" style="border-left-width: 0.1px; border-left-style: dashed; border-left-color: grey;">0.44</td>
<td headers="Min" class="gt_row gt_right" style="border-left-width: 0.1px; border-left-style: dashed; border-left-color: grey;">-3.86</td>
<td headers="Max" class="gt_row gt_right" style="border-left-width: 0.1px; border-left-style: dashed; border-left-color: grey;">-1.24</td>
<td headers="Histogram" class="gt_row gt_left" style="border-left-width: 0.1px; border-left-style: dashed; border-left-color: grey;">▁▃▇▃▁</td></tr>
    <tr><td headers="Variable" class="gt_row gt_left" style="border-left-width: 0.1px; border-left-style: dashed; border-left-color: grey;">Apolipoprotein_D</td>
<td headers="Label" class="gt_row gt_right" style="border-left-width: 0.1px; border-left-style: dashed; border-left-color: grey;"></td>
<td headers="Type" class="gt_row gt_left" style="border-left-width: 0.1px; border-left-style: dashed; border-left-color: grey;">numeric</td>
<td headers="Ordered Factor" class="gt_row gt_right" style="border-left-width: 0.1px; border-left-style: dashed; border-left-color: grey;"> </td>
<td headers="n_missing" class="gt_row gt_right" style="border-left-width: 0.1px; border-left-style: dashed; border-left-color: grey;">0</td>
<td headers="complete_rate" class="gt_row gt_right" style="border-left-width: 0.1px; border-left-style: dashed; border-left-color: grey;">1</td>
<td headers="n_unique" class="gt_row gt_right" style="border-left-width: 0.1px; border-left-style: dashed; border-left-color: grey;">70</td>
<td headers="Top Counts" class="gt_row gt_right" style="border-left-width: 0.1px; border-left-style: dashed; border-left-color: grey;"> </td>
<td headers="Mean" class="gt_row gt_right" style="border-left-width: 0.1px; border-left-style: dashed; border-left-color: grey;">1.43</td>
<td headers="Median" class="gt_row gt_right" style="border-left-width: 0.1px; border-left-style: dashed; border-left-color: grey;">1.41</td>
<td headers="SD" class="gt_row gt_right" style="border-left-width: 0.1px; border-left-style: dashed; border-left-color: grey;">0.35</td>
<td headers="Min" class="gt_row gt_right" style="border-left-width: 0.1px; border-left-style: dashed; border-left-color: grey;">0.26</td>
<td headers="Max" class="gt_row gt_right" style="border-left-width: 0.1px; border-left-style: dashed; border-left-color: grey;">2.64</td>
<td headers="Histogram" class="gt_row gt_left" style="border-left-width: 0.1px; border-left-style: dashed; border-left-color: grey;">▁▅▇▃▁</td></tr>
    <tr><td headers="Variable" class="gt_row gt_left" style="border-left-width: 0.1px; border-left-style: dashed; border-left-color: grey;">Apolipoprotein_E</td>
<td headers="Label" class="gt_row gt_right" style="border-left-width: 0.1px; border-left-style: dashed; border-left-color: grey;"></td>
<td headers="Type" class="gt_row gt_left" style="border-left-width: 0.1px; border-left-style: dashed; border-left-color: grey;">numeric</td>
<td headers="Ordered Factor" class="gt_row gt_right" style="border-left-width: 0.1px; border-left-style: dashed; border-left-color: grey;"> </td>
<td headers="n_missing" class="gt_row gt_right" style="border-left-width: 0.1px; border-left-style: dashed; border-left-color: grey;">0</td>
<td headers="complete_rate" class="gt_row gt_right" style="border-left-width: 0.1px; border-left-style: dashed; border-left-color: grey;">1</td>
<td headers="n_unique" class="gt_row gt_right" style="border-left-width: 0.1px; border-left-style: dashed; border-left-color: grey;">84</td>
<td headers="Top Counts" class="gt_row gt_right" style="border-left-width: 0.1px; border-left-style: dashed; border-left-color: grey;"> </td>
<td headers="Mean" class="gt_row gt_right" style="border-left-width: 0.1px; border-left-style: dashed; border-left-color: grey;">2.79</td>
<td headers="Median" class="gt_row gt_right" style="border-left-width: 0.1px; border-left-style: dashed; border-left-color: grey;">2.82</td>
<td headers="SD" class="gt_row gt_right" style="border-left-width: 0.1px; border-left-style: dashed; border-left-color: grey;">0.8</td>
<td headers="Min" class="gt_row gt_right" style="border-left-width: 0.1px; border-left-style: dashed; border-left-color: grey;">0.59</td>
<td headers="Max" class="gt_row gt_right" style="border-left-width: 0.1px; border-left-style: dashed; border-left-color: grey;">5.44</td>
<td headers="Histogram" class="gt_row gt_left" style="border-left-width: 0.1px; border-left-style: dashed; border-left-color: grey;">▁▅▇▂▁</td></tr>
    <tr><td headers="Variable" class="gt_row gt_left" style="border-left-width: 0.1px; border-left-style: dashed; border-left-color: grey;">Apolipoprotein_H</td>
<td headers="Label" class="gt_row gt_right" style="border-left-width: 0.1px; border-left-style: dashed; border-left-color: grey;"></td>
<td headers="Type" class="gt_row gt_left" style="border-left-width: 0.1px; border-left-style: dashed; border-left-color: grey;">numeric</td>
<td headers="Ordered Factor" class="gt_row gt_right" style="border-left-width: 0.1px; border-left-style: dashed; border-left-color: grey;"> </td>
<td headers="n_missing" class="gt_row gt_right" style="border-left-width: 0.1px; border-left-style: dashed; border-left-color: grey;">0</td>
<td headers="complete_rate" class="gt_row gt_right" style="border-left-width: 0.1px; border-left-style: dashed; border-left-color: grey;">1</td>
<td headers="n_unique" class="gt_row gt_right" style="border-left-width: 0.1px; border-left-style: dashed; border-left-color: grey;">85</td>
<td headers="Top Counts" class="gt_row gt_right" style="border-left-width: 0.1px; border-left-style: dashed; border-left-color: grey;"> </td>
<td headers="Mean" class="gt_row gt_right" style="border-left-width: 0.1px; border-left-style: dashed; border-left-color: grey;">-0.32</td>
<td headers="Median" class="gt_row gt_right" style="border-left-width: 0.1px; border-left-style: dashed; border-left-color: grey;">-0.36</td>
<td headers="SD" class="gt_row gt_right" style="border-left-width: 0.1px; border-left-style: dashed; border-left-color: grey;">0.38</td>
<td headers="Min" class="gt_row gt_right" style="border-left-width: 0.1px; border-left-style: dashed; border-left-color: grey;">-2.23</td>
<td headers="Max" class="gt_row gt_right" style="border-left-width: 0.1px; border-left-style: dashed; border-left-color: grey;">0.93</td>
<td headers="Histogram" class="gt_row gt_left" style="border-left-width: 0.1px; border-left-style: dashed; border-left-color: grey;">▁▁▇▆▁</td></tr>
    <tr><td headers="Variable" class="gt_row gt_left" style="border-left-width: 0.1px; border-left-style: dashed; border-left-color: grey;">B_Lymphocyte_Chemoattractant_BL</td>
<td headers="Label" class="gt_row gt_right" style="border-left-width: 0.1px; border-left-style: dashed; border-left-color: grey;"></td>
<td headers="Type" class="gt_row gt_left" style="border-left-width: 0.1px; border-left-style: dashed; border-left-color: grey;">numeric</td>
<td headers="Ordered Factor" class="gt_row gt_right" style="border-left-width: 0.1px; border-left-style: dashed; border-left-color: grey;"> </td>
<td headers="n_missing" class="gt_row gt_right" style="border-left-width: 0.1px; border-left-style: dashed; border-left-color: grey;">0</td>
<td headers="complete_rate" class="gt_row gt_right" style="border-left-width: 0.1px; border-left-style: dashed; border-left-color: grey;">1</td>
<td headers="n_unique" class="gt_row gt_right" style="border-left-width: 0.1px; border-left-style: dashed; border-left-color: grey;">37</td>
<td headers="Top Counts" class="gt_row gt_right" style="border-left-width: 0.1px; border-left-style: dashed; border-left-color: grey;"> </td>
<td headers="Mean" class="gt_row gt_right" style="border-left-width: 0.1px; border-left-style: dashed; border-left-color: grey;">1.99</td>
<td headers="Median" class="gt_row gt_right" style="border-left-width: 0.1px; border-left-style: dashed; border-left-color: grey;">1.98</td>
<td headers="SD" class="gt_row gt_right" style="border-left-width: 0.1px; border-left-style: dashed; border-left-color: grey;">0.57</td>
<td headers="Min" class="gt_row gt_right" style="border-left-width: 0.1px; border-left-style: dashed; border-left-color: grey;">0.73</td>
<td headers="Max" class="gt_row gt_right" style="border-left-width: 0.1px; border-left-style: dashed; border-left-color: grey;">4.02</td>
<td headers="Histogram" class="gt_row gt_left" style="border-left-width: 0.1px; border-left-style: dashed; border-left-color: grey;">▃▇▇▁▁</td></tr>
    <tr><td headers="Variable" class="gt_row gt_left" style="border-left-width: 0.1px; border-left-style: dashed; border-left-color: grey;">BMP_6</td>
<td headers="Label" class="gt_row gt_right" style="border-left-width: 0.1px; border-left-style: dashed; border-left-color: grey;"></td>
<td headers="Type" class="gt_row gt_left" style="border-left-width: 0.1px; border-left-style: dashed; border-left-color: grey;">numeric</td>
<td headers="Ordered Factor" class="gt_row gt_right" style="border-left-width: 0.1px; border-left-style: dashed; border-left-color: grey;"> </td>
<td headers="n_missing" class="gt_row gt_right" style="border-left-width: 0.1px; border-left-style: dashed; border-left-color: grey;">100</td>
<td headers="complete_rate" class="gt_row gt_right" style="border-left-width: 0.1px; border-left-style: dashed; border-left-color: grey;">0.7</td>
<td headers="n_unique" class="gt_row gt_right" style="border-left-width: 0.1px; border-left-style: dashed; border-left-color: grey;">42</td>
<td headers="Top Counts" class="gt_row gt_right" style="border-left-width: 0.1px; border-left-style: dashed; border-left-color: grey;"> </td>
<td headers="Mean" class="gt_row gt_right" style="border-left-width: 0.1px; border-left-style: dashed; border-left-color: grey;">-1.9</td>
<td headers="Median" class="gt_row gt_right" style="border-left-width: 0.1px; border-left-style: dashed; border-left-color: grey;">-1.88</td>
<td headers="SD" class="gt_row gt_right" style="border-left-width: 0.1px; border-left-style: dashed; border-left-color: grey;">0.3</td>
<td headers="Min" class="gt_row gt_right" style="border-left-width: 0.1px; border-left-style: dashed; border-left-color: grey;">-2.76</td>
<td headers="Max" class="gt_row gt_right" style="border-left-width: 0.1px; border-left-style: dashed; border-left-color: grey;">-0.82</td>
<td headers="Histogram" class="gt_row gt_left" style="border-left-width: 0.1px; border-left-style: dashed; border-left-color: grey;">▁▅▇▂▁</td></tr>
    <tr><td headers="Variable" class="gt_row gt_left" style="border-left-width: 0.1px; border-left-style: dashed; border-left-color: grey;">Beta_2_Microglobulin</td>
<td headers="Label" class="gt_row gt_right" style="border-left-width: 0.1px; border-left-style: dashed; border-left-color: grey;"></td>
<td headers="Type" class="gt_row gt_left" style="border-left-width: 0.1px; border-left-style: dashed; border-left-color: grey;">numeric</td>
<td headers="Ordered Factor" class="gt_row gt_right" style="border-left-width: 0.1px; border-left-style: dashed; border-left-color: grey;"> </td>
<td headers="n_missing" class="gt_row gt_right" style="border-left-width: 0.1px; border-left-style: dashed; border-left-color: grey;">0</td>
<td headers="complete_rate" class="gt_row gt_right" style="border-left-width: 0.1px; border-left-style: dashed; border-left-color: grey;">1</td>
<td headers="n_unique" class="gt_row gt_right" style="border-left-width: 0.1px; border-left-style: dashed; border-left-color: grey;">55</td>
<td headers="Top Counts" class="gt_row gt_right" style="border-left-width: 0.1px; border-left-style: dashed; border-left-color: grey;"> </td>
<td headers="Mean" class="gt_row gt_right" style="border-left-width: 0.1px; border-left-style: dashed; border-left-color: grey;">0.17</td>
<td headers="Median" class="gt_row gt_right" style="border-left-width: 0.1px; border-left-style: dashed; border-left-color: grey;">0.18</td>
<td headers="SD" class="gt_row gt_right" style="border-left-width: 0.1px; border-left-style: dashed; border-left-color: grey;">0.3</td>
<td headers="Min" class="gt_row gt_right" style="border-left-width: 0.1px; border-left-style: dashed; border-left-color: grey;">-0.54</td>
<td headers="Max" class="gt_row gt_right" style="border-left-width: 0.1px; border-left-style: dashed; border-left-color: grey;">0.99</td>
<td headers="Histogram" class="gt_row gt_left" style="border-left-width: 0.1px; border-left-style: dashed; border-left-color: grey;">▂▅▇▃▁</td></tr>
    <tr><td headers="Variable" class="gt_row gt_left" style="border-left-width: 0.1px; border-left-style: dashed; border-left-color: grey;">Betacellulin</td>
<td headers="Label" class="gt_row gt_right" style="border-left-width: 0.1px; border-left-style: dashed; border-left-color: grey;"></td>
<td headers="Type" class="gt_row gt_left" style="border-left-width: 0.1px; border-left-style: dashed; border-left-color: grey;">numeric</td>
<td headers="Ordered Factor" class="gt_row gt_right" style="border-left-width: 0.1px; border-left-style: dashed; border-left-color: grey;"> </td>
<td headers="n_missing" class="gt_row gt_right" style="border-left-width: 0.1px; border-left-style: dashed; border-left-color: grey;">0</td>
<td headers="complete_rate" class="gt_row gt_right" style="border-left-width: 0.1px; border-left-style: dashed; border-left-color: grey;">1</td>
<td headers="n_unique" class="gt_row gt_right" style="border-left-width: 0.1px; border-left-style: dashed; border-left-color: grey;">38</td>
<td headers="Top Counts" class="gt_row gt_right" style="border-left-width: 0.1px; border-left-style: dashed; border-left-color: grey;"> </td>
<td headers="Mean" class="gt_row gt_right" style="border-left-width: 0.1px; border-left-style: dashed; border-left-color: grey;">51.35</td>
<td headers="Median" class="gt_row gt_right" style="border-left-width: 0.1px; border-left-style: dashed; border-left-color: grey;">51</td>
<td headers="SD" class="gt_row gt_right" style="border-left-width: 0.1px; border-left-style: dashed; border-left-color: grey;">10.82</td>
<td headers="Min" class="gt_row gt_right" style="border-left-width: 0.1px; border-left-style: dashed; border-left-color: grey;">10</td>
<td headers="Max" class="gt_row gt_right" style="border-left-width: 0.1px; border-left-style: dashed; border-left-color: grey;">82</td>
<td headers="Histogram" class="gt_row gt_left" style="border-left-width: 0.1px; border-left-style: dashed; border-left-color: grey;">▁▁▇▅▁</td></tr>
    <tr><td headers="Variable" class="gt_row gt_left" style="border-left-width: 0.1px; border-left-style: dashed; border-left-color: grey;">C_Reactive_Protein</td>
<td headers="Label" class="gt_row gt_right" style="border-left-width: 0.1px; border-left-style: dashed; border-left-color: grey;"></td>
<td headers="Type" class="gt_row gt_left" style="border-left-width: 0.1px; border-left-style: dashed; border-left-color: grey;">numeric</td>
<td headers="Ordered Factor" class="gt_row gt_right" style="border-left-width: 0.1px; border-left-style: dashed; border-left-color: grey;"> </td>
<td headers="n_missing" class="gt_row gt_right" style="border-left-width: 0.1px; border-left-style: dashed; border-left-color: grey;">0</td>
<td headers="complete_rate" class="gt_row gt_right" style="border-left-width: 0.1px; border-left-style: dashed; border-left-color: grey;">1</td>
<td headers="n_unique" class="gt_row gt_right" style="border-left-width: 0.1px; border-left-style: dashed; border-left-color: grey;">143</td>
<td headers="Top Counts" class="gt_row gt_right" style="border-left-width: 0.1px; border-left-style: dashed; border-left-color: grey;"> </td>
<td headers="Mean" class="gt_row gt_right" style="border-left-width: 0.1px; border-left-style: dashed; border-left-color: grey;">-5.9</td>
<td headers="Median" class="gt_row gt_right" style="border-left-width: 0.1px; border-left-style: dashed; border-left-color: grey;">-5.91</td>
<td headers="SD" class="gt_row gt_right" style="border-left-width: 0.1px; border-left-style: dashed; border-left-color: grey;">1.19</td>
<td headers="Min" class="gt_row gt_right" style="border-left-width: 0.1px; border-left-style: dashed; border-left-color: grey;">-8.52</td>
<td headers="Max" class="gt_row gt_right" style="border-left-width: 0.1px; border-left-style: dashed; border-left-color: grey;">-2.94</td>
<td headers="Histogram" class="gt_row gt_left" style="border-left-width: 0.1px; border-left-style: dashed; border-left-color: grey;">▃▆▇▅▂</td></tr>
    <tr><td headers="Variable" class="gt_row gt_left" style="border-left-width: 0.1px; border-left-style: dashed; border-left-color: grey;">CD40</td>
<td headers="Label" class="gt_row gt_right" style="border-left-width: 0.1px; border-left-style: dashed; border-left-color: grey;"></td>
<td headers="Type" class="gt_row gt_left" style="border-left-width: 0.1px; border-left-style: dashed; border-left-color: grey;">numeric</td>
<td headers="Ordered Factor" class="gt_row gt_right" style="border-left-width: 0.1px; border-left-style: dashed; border-left-color: grey;"> </td>
<td headers="n_missing" class="gt_row gt_right" style="border-left-width: 0.1px; border-left-style: dashed; border-left-color: grey;">0</td>
<td headers="complete_rate" class="gt_row gt_right" style="border-left-width: 0.1px; border-left-style: dashed; border-left-color: grey;">1</td>
<td headers="n_unique" class="gt_row gt_right" style="border-left-width: 0.1px; border-left-style: dashed; border-left-color: grey;">39</td>
<td headers="Top Counts" class="gt_row gt_right" style="border-left-width: 0.1px; border-left-style: dashed; border-left-color: grey;"> </td>
<td headers="Mean" class="gt_row gt_right" style="border-left-width: 0.1px; border-left-style: dashed; border-left-color: grey;">-1.26</td>
<td headers="Median" class="gt_row gt_right" style="border-left-width: 0.1px; border-left-style: dashed; border-left-color: grey;">-1.27</td>
<td headers="SD" class="gt_row gt_right" style="border-left-width: 0.1px; border-left-style: dashed; border-left-color: grey;">0.22</td>
<td headers="Min" class="gt_row gt_right" style="border-left-width: 0.1px; border-left-style: dashed; border-left-color: grey;">-1.94</td>
<td headers="Max" class="gt_row gt_right" style="border-left-width: 0.1px; border-left-style: dashed; border-left-color: grey;">-0.55</td>
<td headers="Histogram" class="gt_row gt_left" style="border-left-width: 0.1px; border-left-style: dashed; border-left-color: grey;">▁▃▇▃▁</td></tr>
    <tr><td headers="Variable" class="gt_row gt_left" style="border-left-width: 0.1px; border-left-style: dashed; border-left-color: grey;">CD5L</td>
<td headers="Label" class="gt_row gt_right" style="border-left-width: 0.1px; border-left-style: dashed; border-left-color: grey;"></td>
<td headers="Type" class="gt_row gt_left" style="border-left-width: 0.1px; border-left-style: dashed; border-left-color: grey;">numeric</td>
<td headers="Ordered Factor" class="gt_row gt_right" style="border-left-width: 0.1px; border-left-style: dashed; border-left-color: grey;"> </td>
<td headers="n_missing" class="gt_row gt_right" style="border-left-width: 0.1px; border-left-style: dashed; border-left-color: grey;">0</td>
<td headers="complete_rate" class="gt_row gt_right" style="border-left-width: 0.1px; border-left-style: dashed; border-left-color: grey;">1</td>
<td headers="n_unique" class="gt_row gt_right" style="border-left-width: 0.1px; border-left-style: dashed; border-left-color: grey;">85</td>
<td headers="Top Counts" class="gt_row gt_right" style="border-left-width: 0.1px; border-left-style: dashed; border-left-color: grey;"> </td>
<td headers="Mean" class="gt_row gt_right" style="border-left-width: 0.1px; border-left-style: dashed; border-left-color: grey;">-0.06</td>
<td headers="Median" class="gt_row gt_right" style="border-left-width: 0.1px; border-left-style: dashed; border-left-color: grey;">-0.06</td>
<td headers="SD" class="gt_row gt_right" style="border-left-width: 0.1px; border-left-style: dashed; border-left-color: grey;">0.46</td>
<td headers="Min" class="gt_row gt_right" style="border-left-width: 0.1px; border-left-style: dashed; border-left-color: grey;">-1.97</td>
<td headers="Max" class="gt_row gt_right" style="border-left-width: 0.1px; border-left-style: dashed; border-left-color: grey;">1.16</td>
<td headers="Histogram" class="gt_row gt_left" style="border-left-width: 0.1px; border-left-style: dashed; border-left-color: grey;">▁▁▇▇▂</td></tr>
    <tr><td headers="Variable" class="gt_row gt_left" style="border-left-width: 0.1px; border-left-style: dashed; border-left-color: grey;">Calbindin</td>
<td headers="Label" class="gt_row gt_right" style="border-left-width: 0.1px; border-left-style: dashed; border-left-color: grey;"></td>
<td headers="Type" class="gt_row gt_left" style="border-left-width: 0.1px; border-left-style: dashed; border-left-color: grey;">numeric</td>
<td headers="Ordered Factor" class="gt_row gt_right" style="border-left-width: 0.1px; border-left-style: dashed; border-left-color: grey;"> </td>
<td headers="n_missing" class="gt_row gt_right" style="border-left-width: 0.1px; border-left-style: dashed; border-left-color: grey;">0</td>
<td headers="complete_rate" class="gt_row gt_right" style="border-left-width: 0.1px; border-left-style: dashed; border-left-color: grey;">1</td>
<td headers="n_unique" class="gt_row gt_right" style="border-left-width: 0.1px; border-left-style: dashed; border-left-color: grey;">158</td>
<td headers="Top Counts" class="gt_row gt_right" style="border-left-width: 0.1px; border-left-style: dashed; border-left-color: grey;"> </td>
<td headers="Mean" class="gt_row gt_right" style="border-left-width: 0.1px; border-left-style: dashed; border-left-color: grey;">22.25</td>
<td headers="Median" class="gt_row gt_right" style="border-left-width: 0.1px; border-left-style: dashed; border-left-color: grey;">22.08</td>
<td headers="SD" class="gt_row gt_right" style="border-left-width: 0.1px; border-left-style: dashed; border-left-color: grey;">4.2</td>
<td headers="Min" class="gt_row gt_right" style="border-left-width: 0.1px; border-left-style: dashed; border-left-color: grey;">10.81</td>
<td headers="Max" class="gt_row gt_right" style="border-left-width: 0.1px; border-left-style: dashed; border-left-color: grey;">35.36</td>
<td headers="Histogram" class="gt_row gt_left" style="border-left-width: 0.1px; border-left-style: dashed; border-left-color: grey;">▁▅▇▃▁</td></tr>
    <tr><td headers="Variable" class="gt_row gt_left" style="border-left-width: 0.1px; border-left-style: dashed; border-left-color: grey;">Calcitonin</td>
<td headers="Label" class="gt_row gt_right" style="border-left-width: 0.1px; border-left-style: dashed; border-left-color: grey;"></td>
<td headers="Type" class="gt_row gt_left" style="border-left-width: 0.1px; border-left-style: dashed; border-left-color: grey;">numeric</td>
<td headers="Ordered Factor" class="gt_row gt_right" style="border-left-width: 0.1px; border-left-style: dashed; border-left-color: grey;"> </td>
<td headers="n_missing" class="gt_row gt_right" style="border-left-width: 0.1px; border-left-style: dashed; border-left-color: grey;">0</td>
<td headers="complete_rate" class="gt_row gt_right" style="border-left-width: 0.1px; border-left-style: dashed; border-left-color: grey;">1</td>
<td headers="n_unique" class="gt_row gt_right" style="border-left-width: 0.1px; border-left-style: dashed; border-left-color: grey;">99</td>
<td headers="Top Counts" class="gt_row gt_right" style="border-left-width: 0.1px; border-left-style: dashed; border-left-color: grey;"> </td>
<td headers="Mean" class="gt_row gt_right" style="border-left-width: 0.1px; border-left-style: dashed; border-left-color: grey;">1.69</td>
<td headers="Median" class="gt_row gt_right" style="border-left-width: 0.1px; border-left-style: dashed; border-left-color: grey;">1.65</td>
<td headers="SD" class="gt_row gt_right" style="border-left-width: 0.1px; border-left-style: dashed; border-left-color: grey;">0.88</td>
<td headers="Min" class="gt_row gt_right" style="border-left-width: 0.1px; border-left-style: dashed; border-left-color: grey;">-0.71</td>
<td headers="Max" class="gt_row gt_right" style="border-left-width: 0.1px; border-left-style: dashed; border-left-color: grey;">4.11</td>
<td headers="Histogram" class="gt_row gt_left" style="border-left-width: 0.1px; border-left-style: dashed; border-left-color: grey;">▁▆▇▅▁</td></tr>
    <tr><td headers="Variable" class="gt_row gt_left" style="border-left-width: 0.1px; border-left-style: dashed; border-left-color: grey;">CgA</td>
<td headers="Label" class="gt_row gt_right" style="border-left-width: 0.1px; border-left-style: dashed; border-left-color: grey;"></td>
<td headers="Type" class="gt_row gt_left" style="border-left-width: 0.1px; border-left-style: dashed; border-left-color: grey;">numeric</td>
<td headers="Ordered Factor" class="gt_row gt_right" style="border-left-width: 0.1px; border-left-style: dashed; border-left-color: grey;"> </td>
<td headers="n_missing" class="gt_row gt_right" style="border-left-width: 0.1px; border-left-style: dashed; border-left-color: grey;">0</td>
<td headers="complete_rate" class="gt_row gt_right" style="border-left-width: 0.1px; border-left-style: dashed; border-left-color: grey;">1</td>
<td headers="n_unique" class="gt_row gt_right" style="border-left-width: 0.1px; border-left-style: dashed; border-left-color: grey;">109</td>
<td headers="Top Counts" class="gt_row gt_right" style="border-left-width: 0.1px; border-left-style: dashed; border-left-color: grey;"> </td>
<td headers="Mean" class="gt_row gt_right" style="border-left-width: 0.1px; border-left-style: dashed; border-left-color: grey;">330.71</td>
<td headers="Median" class="gt_row gt_right" style="border-left-width: 0.1px; border-left-style: dashed; border-left-color: grey;">328.81</td>
<td headers="SD" class="gt_row gt_right" style="border-left-width: 0.1px; border-left-style: dashed; border-left-color: grey;">82.13</td>
<td headers="Min" class="gt_row gt_right" style="border-left-width: 0.1px; border-left-style: dashed; border-left-color: grey;">135.6</td>
<td headers="Max" class="gt_row gt_right" style="border-left-width: 0.1px; border-left-style: dashed; border-left-color: grey;">535.4</td>
<td headers="Histogram" class="gt_row gt_left" style="border-left-width: 0.1px; border-left-style: dashed; border-left-color: grey;">▂▅▇▅▂</td></tr>
    <tr><td headers="Variable" class="gt_row gt_left" style="border-left-width: 0.1px; border-left-style: dashed; border-left-color: grey;">Clusterin_Apo_J</td>
<td headers="Label" class="gt_row gt_right" style="border-left-width: 0.1px; border-left-style: dashed; border-left-color: grey;"></td>
<td headers="Type" class="gt_row gt_left" style="border-left-width: 0.1px; border-left-style: dashed; border-left-color: grey;">numeric</td>
<td headers="Ordered Factor" class="gt_row gt_right" style="border-left-width: 0.1px; border-left-style: dashed; border-left-color: grey;"> </td>
<td headers="n_missing" class="gt_row gt_right" style="border-left-width: 0.1px; border-left-style: dashed; border-left-color: grey;">0</td>
<td headers="complete_rate" class="gt_row gt_right" style="border-left-width: 0.1px; border-left-style: dashed; border-left-color: grey;">1</td>
<td headers="n_unique" class="gt_row gt_right" style="border-left-width: 0.1px; border-left-style: dashed; border-left-color: grey;">37</td>
<td headers="Top Counts" class="gt_row gt_right" style="border-left-width: 0.1px; border-left-style: dashed; border-left-color: grey;"> </td>
<td headers="Mean" class="gt_row gt_right" style="border-left-width: 0.1px; border-left-style: dashed; border-left-color: grey;">2.88</td>
<td headers="Median" class="gt_row gt_right" style="border-left-width: 0.1px; border-left-style: dashed; border-left-color: grey;">2.89</td>
<td headers="SD" class="gt_row gt_right" style="border-left-width: 0.1px; border-left-style: dashed; border-left-color: grey;">0.3</td>
<td headers="Min" class="gt_row gt_right" style="border-left-width: 0.1px; border-left-style: dashed; border-left-color: grey;">1.87</td>
<td headers="Max" class="gt_row gt_right" style="border-left-width: 0.1px; border-left-style: dashed; border-left-color: grey;">3.76</td>
<td headers="Histogram" class="gt_row gt_left" style="border-left-width: 0.1px; border-left-style: dashed; border-left-color: grey;">▁▂▇▃▁</td></tr>
    <tr><td headers="Variable" class="gt_row gt_left" style="border-left-width: 0.1px; border-left-style: dashed; border-left-color: grey;">Complement_3</td>
<td headers="Label" class="gt_row gt_right" style="border-left-width: 0.1px; border-left-style: dashed; border-left-color: grey;"></td>
<td headers="Type" class="gt_row gt_left" style="border-left-width: 0.1px; border-left-style: dashed; border-left-color: grey;">numeric</td>
<td headers="Ordered Factor" class="gt_row gt_right" style="border-left-width: 0.1px; border-left-style: dashed; border-left-color: grey;"> </td>
<td headers="n_missing" class="gt_row gt_right" style="border-left-width: 0.1px; border-left-style: dashed; border-left-color: grey;">0</td>
<td headers="complete_rate" class="gt_row gt_right" style="border-left-width: 0.1px; border-left-style: dashed; border-left-color: grey;">1</td>
<td headers="n_unique" class="gt_row gt_right" style="border-left-width: 0.1px; border-left-style: dashed; border-left-color: grey;">68</td>
<td headers="Top Counts" class="gt_row gt_right" style="border-left-width: 0.1px; border-left-style: dashed; border-left-color: grey;"> </td>
<td headers="Mean" class="gt_row gt_right" style="border-left-width: 0.1px; border-left-style: dashed; border-left-color: grey;">-15.67</td>
<td headers="Median" class="gt_row gt_right" style="border-left-width: 0.1px; border-left-style: dashed; border-left-color: grey;">-15.71</td>
<td headers="SD" class="gt_row gt_right" style="border-left-width: 0.1px; border-left-style: dashed; border-left-color: grey;">2.49</td>
<td headers="Min" class="gt_row gt_right" style="border-left-width: 0.1px; border-left-style: dashed; border-left-color: grey;">-23.39</td>
<td headers="Max" class="gt_row gt_right" style="border-left-width: 0.1px; border-left-style: dashed; border-left-color: grey;">-9.56</td>
<td headers="Histogram" class="gt_row gt_left" style="border-left-width: 0.1px; border-left-style: dashed; border-left-color: grey;">▁▆▇▇▂</td></tr>
    <tr><td headers="Variable" class="gt_row gt_left" style="border-left-width: 0.1px; border-left-style: dashed; border-left-color: grey;">Complement_Factor_H</td>
<td headers="Label" class="gt_row gt_right" style="border-left-width: 0.1px; border-left-style: dashed; border-left-color: grey;"></td>
<td headers="Type" class="gt_row gt_left" style="border-left-width: 0.1px; border-left-style: dashed; border-left-color: grey;">numeric</td>
<td headers="Ordered Factor" class="gt_row gt_right" style="border-left-width: 0.1px; border-left-style: dashed; border-left-color: grey;"> </td>
<td headers="n_missing" class="gt_row gt_right" style="border-left-width: 0.1px; border-left-style: dashed; border-left-color: grey;">0</td>
<td headers="complete_rate" class="gt_row gt_right" style="border-left-width: 0.1px; border-left-style: dashed; border-left-color: grey;">1</td>
<td headers="n_unique" class="gt_row gt_right" style="border-left-width: 0.1px; border-left-style: dashed; border-left-color: grey;">93</td>
<td headers="Top Counts" class="gt_row gt_right" style="border-left-width: 0.1px; border-left-style: dashed; border-left-color: grey;"> </td>
<td headers="Mean" class="gt_row gt_right" style="border-left-width: 0.1px; border-left-style: dashed; border-left-color: grey;">3.52</td>
<td headers="Median" class="gt_row gt_right" style="border-left-width: 0.1px; border-left-style: dashed; border-left-color: grey;">3.57</td>
<td headers="SD" class="gt_row gt_right" style="border-left-width: 0.1px; border-left-style: dashed; border-left-color: grey;">1.25</td>
<td headers="Min" class="gt_row gt_right" style="border-left-width: 0.1px; border-left-style: dashed; border-left-color: grey;">-0.84</td>
<td headers="Max" class="gt_row gt_right" style="border-left-width: 0.1px; border-left-style: dashed; border-left-color: grey;">7.62</td>
<td headers="Histogram" class="gt_row gt_left" style="border-left-width: 0.1px; border-left-style: dashed; border-left-color: grey;">▁▃▇▅▁</td></tr>
    <tr><td headers="Variable" class="gt_row gt_left" style="border-left-width: 0.1px; border-left-style: dashed; border-left-color: grey;">Connective_Tissue_Growth_Factor</td>
<td headers="Label" class="gt_row gt_right" style="border-left-width: 0.1px; border-left-style: dashed; border-left-color: grey;"></td>
<td headers="Type" class="gt_row gt_left" style="border-left-width: 0.1px; border-left-style: dashed; border-left-color: grey;">numeric</td>
<td headers="Ordered Factor" class="gt_row gt_right" style="border-left-width: 0.1px; border-left-style: dashed; border-left-color: grey;"> </td>
<td headers="n_missing" class="gt_row gt_right" style="border-left-width: 0.1px; border-left-style: dashed; border-left-color: grey;">0</td>
<td headers="complete_rate" class="gt_row gt_right" style="border-left-width: 0.1px; border-left-style: dashed; border-left-color: grey;">1</td>
<td headers="n_unique" class="gt_row gt_right" style="border-left-width: 0.1px; border-left-style: dashed; border-left-color: grey;">27</td>
<td headers="Top Counts" class="gt_row gt_right" style="border-left-width: 0.1px; border-left-style: dashed; border-left-color: grey;"> </td>
<td headers="Mean" class="gt_row gt_right" style="border-left-width: 0.1px; border-left-style: dashed; border-left-color: grey;">0.77</td>
<td headers="Median" class="gt_row gt_right" style="border-left-width: 0.1px; border-left-style: dashed; border-left-color: grey;">0.79</td>
<td headers="SD" class="gt_row gt_right" style="border-left-width: 0.1px; border-left-style: dashed; border-left-color: grey;">0.21</td>
<td headers="Min" class="gt_row gt_right" style="border-left-width: 0.1px; border-left-style: dashed; border-left-color: grey;">0.1</td>
<td headers="Max" class="gt_row gt_right" style="border-left-width: 0.1px; border-left-style: dashed; border-left-color: grey;">1.41</td>
<td headers="Histogram" class="gt_row gt_left" style="border-left-width: 0.1px; border-left-style: dashed; border-left-color: grey;">▁▃▇▃▁</td></tr>
    <tr><td headers="Variable" class="gt_row gt_left" style="border-left-width: 0.1px; border-left-style: dashed; border-left-color: grey;">Cortisol</td>
<td headers="Label" class="gt_row gt_right" style="border-left-width: 0.1px; border-left-style: dashed; border-left-color: grey;"></td>
<td headers="Type" class="gt_row gt_left" style="border-left-width: 0.1px; border-left-style: dashed; border-left-color: grey;">numeric</td>
<td headers="Ordered Factor" class="gt_row gt_right" style="border-left-width: 0.1px; border-left-style: dashed; border-left-color: grey;"> </td>
<td headers="n_missing" class="gt_row gt_right" style="border-left-width: 0.1px; border-left-style: dashed; border-left-color: grey;">0</td>
<td headers="complete_rate" class="gt_row gt_right" style="border-left-width: 0.1px; border-left-style: dashed; border-left-color: grey;">1</td>
<td headers="n_unique" class="gt_row gt_right" style="border-left-width: 0.1px; border-left-style: dashed; border-left-color: grey;">62</td>
<td headers="Top Counts" class="gt_row gt_right" style="border-left-width: 0.1px; border-left-style: dashed; border-left-color: grey;"> </td>
<td headers="Mean" class="gt_row gt_right" style="border-left-width: 0.1px; border-left-style: dashed; border-left-color: grey;">11.68</td>
<td headers="Median" class="gt_row gt_right" style="border-left-width: 0.1px; border-left-style: dashed; border-left-color: grey;">12</td>
<td headers="SD" class="gt_row gt_right" style="border-left-width: 0.1px; border-left-style: dashed; border-left-color: grey;">3.97</td>
<td headers="Min" class="gt_row gt_right" style="border-left-width: 0.1px; border-left-style: dashed; border-left-color: grey;">0.1</td>
<td headers="Max" class="gt_row gt_right" style="border-left-width: 0.1px; border-left-style: dashed; border-left-color: grey;">29</td>
<td headers="Histogram" class="gt_row gt_left" style="border-left-width: 0.1px; border-left-style: dashed; border-left-color: grey;">▁▇▇▁▁</td></tr>
    <tr><td headers="Variable" class="gt_row gt_left" style="border-left-width: 0.1px; border-left-style: dashed; border-left-color: grey;">Creatine_Kinase_MB</td>
<td headers="Label" class="gt_row gt_right" style="border-left-width: 0.1px; border-left-style: dashed; border-left-color: grey;"></td>
<td headers="Type" class="gt_row gt_left" style="border-left-width: 0.1px; border-left-style: dashed; border-left-color: grey;">numeric</td>
<td headers="Ordered Factor" class="gt_row gt_right" style="border-left-width: 0.1px; border-left-style: dashed; border-left-color: grey;"> </td>
<td headers="n_missing" class="gt_row gt_right" style="border-left-width: 0.1px; border-left-style: dashed; border-left-color: grey;">0</td>
<td headers="complete_rate" class="gt_row gt_right" style="border-left-width: 0.1px; border-left-style: dashed; border-left-color: grey;">1</td>
<td headers="n_unique" class="gt_row gt_right" style="border-left-width: 0.1px; border-left-style: dashed; border-left-color: grey;">36</td>
<td headers="Top Counts" class="gt_row gt_right" style="border-left-width: 0.1px; border-left-style: dashed; border-left-color: grey;"> </td>
<td headers="Mean" class="gt_row gt_right" style="border-left-width: 0.1px; border-left-style: dashed; border-left-color: grey;">-1.67</td>
<td headers="Median" class="gt_row gt_right" style="border-left-width: 0.1px; border-left-style: dashed; border-left-color: grey;">-1.67</td>
<td headers="SD" class="gt_row gt_right" style="border-left-width: 0.1px; border-left-style: dashed; border-left-color: grey;">0.09</td>
<td headers="Min" class="gt_row gt_right" style="border-left-width: 0.1px; border-left-style: dashed; border-left-color: grey;">-1.87</td>
<td headers="Max" class="gt_row gt_right" style="border-left-width: 0.1px; border-left-style: dashed; border-left-color: grey;">-1.38</td>
<td headers="Histogram" class="gt_row gt_left" style="border-left-width: 0.1px; border-left-style: dashed; border-left-color: grey;">▂▅▇▂▁</td></tr>
    <tr><td headers="Variable" class="gt_row gt_left" style="border-left-width: 0.1px; border-left-style: dashed; border-left-color: grey;">Cystatin_C</td>
<td headers="Label" class="gt_row gt_right" style="border-left-width: 0.1px; border-left-style: dashed; border-left-color: grey;"></td>
<td headers="Type" class="gt_row gt_left" style="border-left-width: 0.1px; border-left-style: dashed; border-left-color: grey;">numeric</td>
<td headers="Ordered Factor" class="gt_row gt_right" style="border-left-width: 0.1px; border-left-style: dashed; border-left-color: grey;"> </td>
<td headers="n_missing" class="gt_row gt_right" style="border-left-width: 0.1px; border-left-style: dashed; border-left-color: grey;">0</td>
<td headers="complete_rate" class="gt_row gt_right" style="border-left-width: 0.1px; border-left-style: dashed; border-left-color: grey;">1</td>
<td headers="n_unique" class="gt_row gt_right" style="border-left-width: 0.1px; border-left-style: dashed; border-left-color: grey;">253</td>
<td headers="Top Counts" class="gt_row gt_right" style="border-left-width: 0.1px; border-left-style: dashed; border-left-color: grey;"> </td>
<td headers="Mean" class="gt_row gt_right" style="border-left-width: 0.1px; border-left-style: dashed; border-left-color: grey;">8.58</td>
<td headers="Median" class="gt_row gt_right" style="border-left-width: 0.1px; border-left-style: dashed; border-left-color: grey;">8.56</td>
<td headers="SD" class="gt_row gt_right" style="border-left-width: 0.1px; border-left-style: dashed; border-left-color: grey;">0.4</td>
<td headers="Min" class="gt_row gt_right" style="border-left-width: 0.1px; border-left-style: dashed; border-left-color: grey;">7.43</td>
<td headers="Max" class="gt_row gt_right" style="border-left-width: 0.1px; border-left-style: dashed; border-left-color: grey;">9.69</td>
<td headers="Histogram" class="gt_row gt_left" style="border-left-width: 0.1px; border-left-style: dashed; border-left-color: grey;">▁▅▇▅▁</td></tr>
    <tr><td headers="Variable" class="gt_row gt_left" style="border-left-width: 0.1px; border-left-style: dashed; border-left-color: grey;">EGF_R</td>
<td headers="Label" class="gt_row gt_right" style="border-left-width: 0.1px; border-left-style: dashed; border-left-color: grey;"></td>
<td headers="Type" class="gt_row gt_left" style="border-left-width: 0.1px; border-left-style: dashed; border-left-color: grey;">numeric</td>
<td headers="Ordered Factor" class="gt_row gt_right" style="border-left-width: 0.1px; border-left-style: dashed; border-left-color: grey;"> </td>
<td headers="n_missing" class="gt_row gt_right" style="border-left-width: 0.1px; border-left-style: dashed; border-left-color: grey;">0</td>
<td headers="complete_rate" class="gt_row gt_right" style="border-left-width: 0.1px; border-left-style: dashed; border-left-color: grey;">1</td>
<td headers="n_unique" class="gt_row gt_right" style="border-left-width: 0.1px; border-left-style: dashed; border-left-color: grey;">62</td>
<td headers="Top Counts" class="gt_row gt_right" style="border-left-width: 0.1px; border-left-style: dashed; border-left-color: grey;"> </td>
<td headers="Mean" class="gt_row gt_right" style="border-left-width: 0.1px; border-left-style: dashed; border-left-color: grey;">-0.7</td>
<td headers="Median" class="gt_row gt_right" style="border-left-width: 0.1px; border-left-style: dashed; border-left-color: grey;">-0.68</td>
<td headers="SD" class="gt_row gt_right" style="border-left-width: 0.1px; border-left-style: dashed; border-left-color: grey;">0.23</td>
<td headers="Min" class="gt_row gt_right" style="border-left-width: 0.1px; border-left-style: dashed; border-left-color: grey;">-1.36</td>
<td headers="Max" class="gt_row gt_right" style="border-left-width: 0.1px; border-left-style: dashed; border-left-color: grey;">0.19</td>
<td headers="Histogram" class="gt_row gt_left" style="border-left-width: 0.1px; border-left-style: dashed; border-left-color: grey;">▁▆▇▂▁</td></tr>
    <tr><td headers="Variable" class="gt_row gt_left" style="border-left-width: 0.1px; border-left-style: dashed; border-left-color: grey;">EN_RAGE</td>
<td headers="Label" class="gt_row gt_right" style="border-left-width: 0.1px; border-left-style: dashed; border-left-color: grey;"></td>
<td headers="Type" class="gt_row gt_left" style="border-left-width: 0.1px; border-left-style: dashed; border-left-color: grey;">numeric</td>
<td headers="Ordered Factor" class="gt_row gt_right" style="border-left-width: 0.1px; border-left-style: dashed; border-left-color: grey;"> </td>
<td headers="n_missing" class="gt_row gt_right" style="border-left-width: 0.1px; border-left-style: dashed; border-left-color: grey;">0</td>
<td headers="complete_rate" class="gt_row gt_right" style="border-left-width: 0.1px; border-left-style: dashed; border-left-color: grey;">1</td>
<td headers="n_unique" class="gt_row gt_right" style="border-left-width: 0.1px; border-left-style: dashed; border-left-color: grey;">102</td>
<td headers="Top Counts" class="gt_row gt_right" style="border-left-width: 0.1px; border-left-style: dashed; border-left-color: grey;"> </td>
<td headers="Mean" class="gt_row gt_right" style="border-left-width: 0.1px; border-left-style: dashed; border-left-color: grey;">-3.63</td>
<td headers="Median" class="gt_row gt_right" style="border-left-width: 0.1px; border-left-style: dashed; border-left-color: grey;">-3.65</td>
<td headers="SD" class="gt_row gt_right" style="border-left-width: 0.1px; border-left-style: dashed; border-left-color: grey;">0.9</td>
<td headers="Min" class="gt_row gt_right" style="border-left-width: 0.1px; border-left-style: dashed; border-left-color: grey;">-8.38</td>
<td headers="Max" class="gt_row gt_right" style="border-left-width: 0.1px; border-left-style: dashed; border-left-color: grey;">-0.39</td>
<td headers="Histogram" class="gt_row gt_left" style="border-left-width: 0.1px; border-left-style: dashed; border-left-color: grey;">▁▁▇▆▁</td></tr>
    <tr><td headers="Variable" class="gt_row gt_left" style="border-left-width: 0.1px; border-left-style: dashed; border-left-color: grey;">ENA_78</td>
<td headers="Label" class="gt_row gt_right" style="border-left-width: 0.1px; border-left-style: dashed; border-left-color: grey;"></td>
<td headers="Type" class="gt_row gt_left" style="border-left-width: 0.1px; border-left-style: dashed; border-left-color: grey;">numeric</td>
<td headers="Ordered Factor" class="gt_row gt_right" style="border-left-width: 0.1px; border-left-style: dashed; border-left-color: grey;"> </td>
<td headers="n_missing" class="gt_row gt_right" style="border-left-width: 0.1px; border-left-style: dashed; border-left-color: grey;">100</td>
<td headers="complete_rate" class="gt_row gt_right" style="border-left-width: 0.1px; border-left-style: dashed; border-left-color: grey;">0.7</td>
<td headers="n_unique" class="gt_row gt_right" style="border-left-width: 0.1px; border-left-style: dashed; border-left-color: grey;">37</td>
<td headers="Top Counts" class="gt_row gt_right" style="border-left-width: 0.1px; border-left-style: dashed; border-left-color: grey;"> </td>
<td headers="Mean" class="gt_row gt_right" style="border-left-width: 0.1px; border-left-style: dashed; border-left-color: grey;">-1.37</td>
<td headers="Median" class="gt_row gt_right" style="border-left-width: 0.1px; border-left-style: dashed; border-left-color: grey;">-1.37</td>
<td headers="SD" class="gt_row gt_right" style="border-left-width: 0.1px; border-left-style: dashed; border-left-color: grey;">0.01</td>
<td headers="Min" class="gt_row gt_right" style="border-left-width: 0.1px; border-left-style: dashed; border-left-color: grey;">-1.41</td>
<td headers="Max" class="gt_row gt_right" style="border-left-width: 0.1px; border-left-style: dashed; border-left-color: grey;">-1.34</td>
<td headers="Histogram" class="gt_row gt_left" style="border-left-width: 0.1px; border-left-style: dashed; border-left-color: grey;">▁▅▇▅▁</td></tr>
    <tr><td headers="Variable" class="gt_row gt_left" style="border-left-width: 0.1px; border-left-style: dashed; border-left-color: grey;">Eotaxin_3</td>
<td headers="Label" class="gt_row gt_right" style="border-left-width: 0.1px; border-left-style: dashed; border-left-color: grey;"></td>
<td headers="Type" class="gt_row gt_left" style="border-left-width: 0.1px; border-left-style: dashed; border-left-color: grey;">numeric</td>
<td headers="Ordered Factor" class="gt_row gt_right" style="border-left-width: 0.1px; border-left-style: dashed; border-left-color: grey;"> </td>
<td headers="n_missing" class="gt_row gt_right" style="border-left-width: 0.1px; border-left-style: dashed; border-left-color: grey;">0</td>
<td headers="complete_rate" class="gt_row gt_right" style="border-left-width: 0.1px; border-left-style: dashed; border-left-color: grey;">1</td>
<td headers="n_unique" class="gt_row gt_right" style="border-left-width: 0.1px; border-left-style: dashed; border-left-color: grey;">44</td>
<td headers="Top Counts" class="gt_row gt_right" style="border-left-width: 0.1px; border-left-style: dashed; border-left-color: grey;"> </td>
<td headers="Mean" class="gt_row gt_right" style="border-left-width: 0.1px; border-left-style: dashed; border-left-color: grey;">57.65</td>
<td headers="Median" class="gt_row gt_right" style="border-left-width: 0.1px; border-left-style: dashed; border-left-color: grey;">57</td>
<td headers="SD" class="gt_row gt_right" style="border-left-width: 0.1px; border-left-style: dashed; border-left-color: grey;">16.36</td>
<td headers="Min" class="gt_row gt_right" style="border-left-width: 0.1px; border-left-style: dashed; border-left-color: grey;">7</td>
<td headers="Max" class="gt_row gt_right" style="border-left-width: 0.1px; border-left-style: dashed; border-left-color: grey;">107</td>
<td headers="Histogram" class="gt_row gt_left" style="border-left-width: 0.1px; border-left-style: dashed; border-left-color: grey;">▁▆▇▅▁</td></tr>
    <tr><td headers="Variable" class="gt_row gt_left" style="border-left-width: 0.1px; border-left-style: dashed; border-left-color: grey;">FAS</td>
<td headers="Label" class="gt_row gt_right" style="border-left-width: 0.1px; border-left-style: dashed; border-left-color: grey;"></td>
<td headers="Type" class="gt_row gt_left" style="border-left-width: 0.1px; border-left-style: dashed; border-left-color: grey;">numeric</td>
<td headers="Ordered Factor" class="gt_row gt_right" style="border-left-width: 0.1px; border-left-style: dashed; border-left-color: grey;"> </td>
<td headers="n_missing" class="gt_row gt_right" style="border-left-width: 0.1px; border-left-style: dashed; border-left-color: grey;">0</td>
<td headers="complete_rate" class="gt_row gt_right" style="border-left-width: 0.1px; border-left-style: dashed; border-left-color: grey;">1</td>
<td headers="n_unique" class="gt_row gt_right" style="border-left-width: 0.1px; border-left-style: dashed; border-left-color: grey;">54</td>
<td headers="Top Counts" class="gt_row gt_right" style="border-left-width: 0.1px; border-left-style: dashed; border-left-color: grey;"> </td>
<td headers="Mean" class="gt_row gt_right" style="border-left-width: 0.1px; border-left-style: dashed; border-left-color: grey;">-0.53</td>
<td headers="Median" class="gt_row gt_right" style="border-left-width: 0.1px; border-left-style: dashed; border-left-color: grey;">-0.53</td>
<td headers="SD" class="gt_row gt_right" style="border-left-width: 0.1px; border-left-style: dashed; border-left-color: grey;">0.3</td>
<td headers="Min" class="gt_row gt_right" style="border-left-width: 0.1px; border-left-style: dashed; border-left-color: grey;">-1.51</td>
<td headers="Max" class="gt_row gt_right" style="border-left-width: 0.1px; border-left-style: dashed; border-left-color: grey;">0.34</td>
<td headers="Histogram" class="gt_row gt_left" style="border-left-width: 0.1px; border-left-style: dashed; border-left-color: grey;">▁▃▇▆▁</td></tr>
    <tr><td headers="Variable" class="gt_row gt_left" style="border-left-width: 0.1px; border-left-style: dashed; border-left-color: grey;">FSH_Follicle_Stimulation_Hormon</td>
<td headers="Label" class="gt_row gt_right" style="border-left-width: 0.1px; border-left-style: dashed; border-left-color: grey;"></td>
<td headers="Type" class="gt_row gt_left" style="border-left-width: 0.1px; border-left-style: dashed; border-left-color: grey;">numeric</td>
<td headers="Ordered Factor" class="gt_row gt_right" style="border-left-width: 0.1px; border-left-style: dashed; border-left-color: grey;"> </td>
<td headers="n_missing" class="gt_row gt_right" style="border-left-width: 0.1px; border-left-style: dashed; border-left-color: grey;">0</td>
<td headers="complete_rate" class="gt_row gt_right" style="border-left-width: 0.1px; border-left-style: dashed; border-left-color: grey;">1</td>
<td headers="n_unique" class="gt_row gt_right" style="border-left-width: 0.1px; border-left-style: dashed; border-left-color: grey;">102</td>
<td headers="Top Counts" class="gt_row gt_right" style="border-left-width: 0.1px; border-left-style: dashed; border-left-color: grey;"> </td>
<td headers="Mean" class="gt_row gt_right" style="border-left-width: 0.1px; border-left-style: dashed; border-left-color: grey;">-1.13</td>
<td headers="Median" class="gt_row gt_right" style="border-left-width: 0.1px; border-left-style: dashed; border-left-color: grey;">-1.11</td>
<td headers="SD" class="gt_row gt_right" style="border-left-width: 0.1px; border-left-style: dashed; border-left-color: grey;">0.4</td>
<td headers="Min" class="gt_row gt_right" style="border-left-width: 0.1px; border-left-style: dashed; border-left-color: grey;">-2.12</td>
<td headers="Max" class="gt_row gt_right" style="border-left-width: 0.1px; border-left-style: dashed; border-left-color: grey;">0.1</td>
<td headers="Histogram" class="gt_row gt_left" style="border-left-width: 0.1px; border-left-style: dashed; border-left-color: grey;">▂▆▇▃▁</td></tr>
    <tr><td headers="Variable" class="gt_row gt_left" style="border-left-width: 0.1px; border-left-style: dashed; border-left-color: grey;">Fas_Ligand</td>
<td headers="Label" class="gt_row gt_right" style="border-left-width: 0.1px; border-left-style: dashed; border-left-color: grey;"></td>
<td headers="Type" class="gt_row gt_left" style="border-left-width: 0.1px; border-left-style: dashed; border-left-color: grey;">numeric</td>
<td headers="Ordered Factor" class="gt_row gt_right" style="border-left-width: 0.1px; border-left-style: dashed; border-left-color: grey;"> </td>
<td headers="n_missing" class="gt_row gt_right" style="border-left-width: 0.1px; border-left-style: dashed; border-left-color: grey;">0</td>
<td headers="complete_rate" class="gt_row gt_right" style="border-left-width: 0.1px; border-left-style: dashed; border-left-color: grey;">1</td>
<td headers="n_unique" class="gt_row gt_right" style="border-left-width: 0.1px; border-left-style: dashed; border-left-color: grey;">63</td>
<td headers="Top Counts" class="gt_row gt_right" style="border-left-width: 0.1px; border-left-style: dashed; border-left-color: grey;"> </td>
<td headers="Mean" class="gt_row gt_right" style="border-left-width: 0.1px; border-left-style: dashed; border-left-color: grey;">2.9</td>
<td headers="Median" class="gt_row gt_right" style="border-left-width: 0.1px; border-left-style: dashed; border-left-color: grey;">2.85</td>
<td headers="SD" class="gt_row gt_right" style="border-left-width: 0.1px; border-left-style: dashed; border-left-color: grey;">1.08</td>
<td headers="Min" class="gt_row gt_right" style="border-left-width: 0.1px; border-left-style: dashed; border-left-color: grey;">-0.15</td>
<td headers="Max" class="gt_row gt_right" style="border-left-width: 0.1px; border-left-style: dashed; border-left-color: grey;">7.63</td>
<td headers="Histogram" class="gt_row gt_left" style="border-left-width: 0.1px; border-left-style: dashed; border-left-color: grey;">▂▇▇▁▁</td></tr>
    <tr><td headers="Variable" class="gt_row gt_left" style="border-left-width: 0.1px; border-left-style: dashed; border-left-color: grey;">Fatty_Acid_Binding_Protein</td>
<td headers="Label" class="gt_row gt_right" style="border-left-width: 0.1px; border-left-style: dashed; border-left-color: grey;"></td>
<td headers="Type" class="gt_row gt_left" style="border-left-width: 0.1px; border-left-style: dashed; border-left-color: grey;">numeric</td>
<td headers="Ordered Factor" class="gt_row gt_right" style="border-left-width: 0.1px; border-left-style: dashed; border-left-color: grey;"> </td>
<td headers="n_missing" class="gt_row gt_right" style="border-left-width: 0.1px; border-left-style: dashed; border-left-color: grey;">0</td>
<td headers="complete_rate" class="gt_row gt_right" style="border-left-width: 0.1px; border-left-style: dashed; border-left-color: grey;">1</td>
<td headers="n_unique" class="gt_row gt_right" style="border-left-width: 0.1px; border-left-style: dashed; border-left-color: grey;">92</td>
<td headers="Top Counts" class="gt_row gt_right" style="border-left-width: 0.1px; border-left-style: dashed; border-left-color: grey;"> </td>
<td headers="Mean" class="gt_row gt_right" style="border-left-width: 0.1px; border-left-style: dashed; border-left-color: grey;">1.34</td>
<td headers="Median" class="gt_row gt_right" style="border-left-width: 0.1px; border-left-style: dashed; border-left-color: grey;">1.31</td>
<td headers="SD" class="gt_row gt_right" style="border-left-width: 0.1px; border-left-style: dashed; border-left-color: grey;">0.78</td>
<td headers="Min" class="gt_row gt_right" style="border-left-width: 0.1px; border-left-style: dashed; border-left-color: grey;">-1.04</td>
<td headers="Max" class="gt_row gt_right" style="border-left-width: 0.1px; border-left-style: dashed; border-left-color: grey;">3.71</td>
<td headers="Histogram" class="gt_row gt_left" style="border-left-width: 0.1px; border-left-style: dashed; border-left-color: grey;">▁▅▇▅▁</td></tr>
    <tr><td headers="Variable" class="gt_row gt_left" style="border-left-width: 0.1px; border-left-style: dashed; border-left-color: grey;">Ferritin</td>
<td headers="Label" class="gt_row gt_right" style="border-left-width: 0.1px; border-left-style: dashed; border-left-color: grey;"></td>
<td headers="Type" class="gt_row gt_left" style="border-left-width: 0.1px; border-left-style: dashed; border-left-color: grey;">numeric</td>
<td headers="Ordered Factor" class="gt_row gt_right" style="border-left-width: 0.1px; border-left-style: dashed; border-left-color: grey;"> </td>
<td headers="n_missing" class="gt_row gt_right" style="border-left-width: 0.1px; border-left-style: dashed; border-left-color: grey;">0</td>
<td headers="complete_rate" class="gt_row gt_right" style="border-left-width: 0.1px; border-left-style: dashed; border-left-color: grey;">1</td>
<td headers="n_unique" class="gt_row gt_right" style="border-left-width: 0.1px; border-left-style: dashed; border-left-color: grey;">79</td>
<td headers="Top Counts" class="gt_row gt_right" style="border-left-width: 0.1px; border-left-style: dashed; border-left-color: grey;"> </td>
<td headers="Mean" class="gt_row gt_right" style="border-left-width: 0.1px; border-left-style: dashed; border-left-color: grey;">2.75</td>
<td headers="Median" class="gt_row gt_right" style="border-left-width: 0.1px; border-left-style: dashed; border-left-color: grey;">2.73</td>
<td headers="SD" class="gt_row gt_right" style="border-left-width: 0.1px; border-left-style: dashed; border-left-color: grey;">0.78</td>
<td headers="Min" class="gt_row gt_right" style="border-left-width: 0.1px; border-left-style: dashed; border-left-color: grey;">0.61</td>
<td headers="Max" class="gt_row gt_right" style="border-left-width: 0.1px; border-left-style: dashed; border-left-color: grey;">4.93</td>
<td headers="Histogram" class="gt_row gt_left" style="border-left-width: 0.1px; border-left-style: dashed; border-left-color: grey;">▁▃▇▅▁</td></tr>
    <tr><td headers="Variable" class="gt_row gt_left" style="border-left-width: 0.1px; border-left-style: dashed; border-left-color: grey;">Fetuin_A</td>
<td headers="Label" class="gt_row gt_right" style="border-left-width: 0.1px; border-left-style: dashed; border-left-color: grey;"></td>
<td headers="Type" class="gt_row gt_left" style="border-left-width: 0.1px; border-left-style: dashed; border-left-color: grey;">numeric</td>
<td headers="Ordered Factor" class="gt_row gt_right" style="border-left-width: 0.1px; border-left-style: dashed; border-left-color: grey;"> </td>
<td headers="n_missing" class="gt_row gt_right" style="border-left-width: 0.1px; border-left-style: dashed; border-left-color: grey;">100</td>
<td headers="complete_rate" class="gt_row gt_right" style="border-left-width: 0.1px; border-left-style: dashed; border-left-color: grey;">0.7</td>
<td headers="n_unique" class="gt_row gt_right" style="border-left-width: 0.1px; border-left-style: dashed; border-left-color: grey;">67</td>
<td headers="Top Counts" class="gt_row gt_right" style="border-left-width: 0.1px; border-left-style: dashed; border-left-color: grey;"> </td>
<td headers="Mean" class="gt_row gt_right" style="border-left-width: 0.1px; border-left-style: dashed; border-left-color: grey;">1.36</td>
<td headers="Median" class="gt_row gt_right" style="border-left-width: 0.1px; border-left-style: dashed; border-left-color: grey;">1.34</td>
<td headers="SD" class="gt_row gt_right" style="border-left-width: 0.1px; border-left-style: dashed; border-left-color: grey;">0.38</td>
<td headers="Min" class="gt_row gt_right" style="border-left-width: 0.1px; border-left-style: dashed; border-left-color: grey;">0.47</td>
<td headers="Max" class="gt_row gt_right" style="border-left-width: 0.1px; border-left-style: dashed; border-left-color: grey;">2.25</td>
<td headers="Histogram" class="gt_row gt_left" style="border-left-width: 0.1px; border-left-style: dashed; border-left-color: grey;">▂▆▇▅▂</td></tr>
    <tr><td headers="Variable" class="gt_row gt_left" style="border-left-width: 0.1px; border-left-style: dashed; border-left-color: grey;">Fibrinogen</td>
<td headers="Label" class="gt_row gt_right" style="border-left-width: 0.1px; border-left-style: dashed; border-left-color: grey;"></td>
<td headers="Type" class="gt_row gt_left" style="border-left-width: 0.1px; border-left-style: dashed; border-left-color: grey;">numeric</td>
<td headers="Ordered Factor" class="gt_row gt_right" style="border-left-width: 0.1px; border-left-style: dashed; border-left-color: grey;"> </td>
<td headers="n_missing" class="gt_row gt_right" style="border-left-width: 0.1px; border-left-style: dashed; border-left-color: grey;">0</td>
<td headers="complete_rate" class="gt_row gt_right" style="border-left-width: 0.1px; border-left-style: dashed; border-left-color: grey;">1</td>
<td headers="n_unique" class="gt_row gt_right" style="border-left-width: 0.1px; border-left-style: dashed; border-left-color: grey;">97</td>
<td headers="Top Counts" class="gt_row gt_right" style="border-left-width: 0.1px; border-left-style: dashed; border-left-color: grey;"> </td>
<td headers="Mean" class="gt_row gt_right" style="border-left-width: 0.1px; border-left-style: dashed; border-left-color: grey;">-7.36</td>
<td headers="Median" class="gt_row gt_right" style="border-left-width: 0.1px; border-left-style: dashed; border-left-color: grey;">-7.32</td>
<td headers="SD" class="gt_row gt_right" style="border-left-width: 0.1px; border-left-style: dashed; border-left-color: grey;">0.58</td>
<td headers="Min" class="gt_row gt_right" style="border-left-width: 0.1px; border-left-style: dashed; border-left-color: grey;">-9.37</td>
<td headers="Max" class="gt_row gt_right" style="border-left-width: 0.1px; border-left-style: dashed; border-left-color: grey;">-5.84</td>
<td headers="Histogram" class="gt_row gt_left" style="border-left-width: 0.1px; border-left-style: dashed; border-left-color: grey;">▁▂▇▆▂</td></tr>
    <tr><td headers="Variable" class="gt_row gt_left" style="border-left-width: 0.1px; border-left-style: dashed; border-left-color: grey;">GRO_alpha</td>
<td headers="Label" class="gt_row gt_right" style="border-left-width: 0.1px; border-left-style: dashed; border-left-color: grey;"></td>
<td headers="Type" class="gt_row gt_left" style="border-left-width: 0.1px; border-left-style: dashed; border-left-color: grey;">numeric</td>
<td headers="Ordered Factor" class="gt_row gt_right" style="border-left-width: 0.1px; border-left-style: dashed; border-left-color: grey;"> </td>
<td headers="n_missing" class="gt_row gt_right" style="border-left-width: 0.1px; border-left-style: dashed; border-left-color: grey;">0</td>
<td headers="complete_rate" class="gt_row gt_right" style="border-left-width: 0.1px; border-left-style: dashed; border-left-color: grey;">1</td>
<td headers="n_unique" class="gt_row gt_right" style="border-left-width: 0.1px; border-left-style: dashed; border-left-color: grey;">27</td>
<td headers="Top Counts" class="gt_row gt_right" style="border-left-width: 0.1px; border-left-style: dashed; border-left-color: grey;"> </td>
<td headers="Mean" class="gt_row gt_right" style="border-left-width: 0.1px; border-left-style: dashed; border-left-color: grey;">1.38</td>
<td headers="Median" class="gt_row gt_right" style="border-left-width: 0.1px; border-left-style: dashed; border-left-color: grey;">1.38</td>
<td headers="SD" class="gt_row gt_right" style="border-left-width: 0.1px; border-left-style: dashed; border-left-color: grey;">0.04</td>
<td headers="Min" class="gt_row gt_right" style="border-left-width: 0.1px; border-left-style: dashed; border-left-color: grey;">1.27</td>
<td headers="Max" class="gt_row gt_right" style="border-left-width: 0.1px; border-left-style: dashed; border-left-color: grey;">1.51</td>
<td headers="Histogram" class="gt_row gt_left" style="border-left-width: 0.1px; border-left-style: dashed; border-left-color: grey;">▂▆▇▂▁</td></tr>
    <tr><td headers="Variable" class="gt_row gt_left" style="border-left-width: 0.1px; border-left-style: dashed; border-left-color: grey;">Gamma_Interferon_induced_Monokin</td>
<td headers="Label" class="gt_row gt_right" style="border-left-width: 0.1px; border-left-style: dashed; border-left-color: grey;"></td>
<td headers="Type" class="gt_row gt_left" style="border-left-width: 0.1px; border-left-style: dashed; border-left-color: grey;">numeric</td>
<td headers="Ordered Factor" class="gt_row gt_right" style="border-left-width: 0.1px; border-left-style: dashed; border-left-color: grey;"> </td>
<td headers="n_missing" class="gt_row gt_right" style="border-left-width: 0.1px; border-left-style: dashed; border-left-color: grey;">0</td>
<td headers="complete_rate" class="gt_row gt_right" style="border-left-width: 0.1px; border-left-style: dashed; border-left-color: grey;">1</td>
<td headers="n_unique" class="gt_row gt_right" style="border-left-width: 0.1px; border-left-style: dashed; border-left-color: grey;">246</td>
<td headers="Top Counts" class="gt_row gt_right" style="border-left-width: 0.1px; border-left-style: dashed; border-left-color: grey;"> </td>
<td headers="Mean" class="gt_row gt_right" style="border-left-width: 0.1px; border-left-style: dashed; border-left-color: grey;">2.78</td>
<td headers="Median" class="gt_row gt_right" style="border-left-width: 0.1px; border-left-style: dashed; border-left-color: grey;">2.78</td>
<td headers="SD" class="gt_row gt_right" style="border-left-width: 0.1px; border-left-style: dashed; border-left-color: grey;">0.11</td>
<td headers="Min" class="gt_row gt_right" style="border-left-width: 0.1px; border-left-style: dashed; border-left-color: grey;">2.39</td>
<td headers="Max" class="gt_row gt_right" style="border-left-width: 0.1px; border-left-style: dashed; border-left-color: grey;">3.07</td>
<td headers="Histogram" class="gt_row gt_left" style="border-left-width: 0.1px; border-left-style: dashed; border-left-color: grey;">▁▂▇▆▂</td></tr>
    <tr><td headers="Variable" class="gt_row gt_left" style="border-left-width: 0.1px; border-left-style: dashed; border-left-color: grey;">Glutathione_S_Transferase_alpha</td>
<td headers="Label" class="gt_row gt_right" style="border-left-width: 0.1px; border-left-style: dashed; border-left-color: grey;"></td>
<td headers="Type" class="gt_row gt_left" style="border-left-width: 0.1px; border-left-style: dashed; border-left-color: grey;">numeric</td>
<td headers="Ordered Factor" class="gt_row gt_right" style="border-left-width: 0.1px; border-left-style: dashed; border-left-color: grey;"> </td>
<td headers="n_missing" class="gt_row gt_right" style="border-left-width: 0.1px; border-left-style: dashed; border-left-color: grey;">0</td>
<td headers="complete_rate" class="gt_row gt_right" style="border-left-width: 0.1px; border-left-style: dashed; border-left-color: grey;">1</td>
<td headers="n_unique" class="gt_row gt_right" style="border-left-width: 0.1px; border-left-style: dashed; border-left-color: grey;">43</td>
<td headers="Top Counts" class="gt_row gt_right" style="border-left-width: 0.1px; border-left-style: dashed; border-left-color: grey;"> </td>
<td headers="Mean" class="gt_row gt_right" style="border-left-width: 0.1px; border-left-style: dashed; border-left-color: grey;">0.95</td>
<td headers="Median" class="gt_row gt_right" style="border-left-width: 0.1px; border-left-style: dashed; border-left-color: grey;">0.97</td>
<td headers="SD" class="gt_row gt_right" style="border-left-width: 0.1px; border-left-style: dashed; border-left-color: grey;">0.16</td>
<td headers="Min" class="gt_row gt_right" style="border-left-width: 0.1px; border-left-style: dashed; border-left-color: grey;">0.52</td>
<td headers="Max" class="gt_row gt_right" style="border-left-width: 0.1px; border-left-style: dashed; border-left-color: grey;">1.32</td>
<td headers="Histogram" class="gt_row gt_left" style="border-left-width: 0.1px; border-left-style: dashed; border-left-color: grey;">▁▃▇▆▂</td></tr>
    <tr><td headers="Variable" class="gt_row gt_left" style="border-left-width: 0.1px; border-left-style: dashed; border-left-color: grey;">HB_EGF</td>
<td headers="Label" class="gt_row gt_right" style="border-left-width: 0.1px; border-left-style: dashed; border-left-color: grey;"></td>
<td headers="Type" class="gt_row gt_left" style="border-left-width: 0.1px; border-left-style: dashed; border-left-color: grey;">numeric</td>
<td headers="Ordered Factor" class="gt_row gt_right" style="border-left-width: 0.1px; border-left-style: dashed; border-left-color: grey;"> </td>
<td headers="n_missing" class="gt_row gt_right" style="border-left-width: 0.1px; border-left-style: dashed; border-left-color: grey;">0</td>
<td headers="complete_rate" class="gt_row gt_right" style="border-left-width: 0.1px; border-left-style: dashed; border-left-color: grey;">1</td>
<td headers="n_unique" class="gt_row gt_right" style="border-left-width: 0.1px; border-left-style: dashed; border-left-color: grey;">56</td>
<td headers="Top Counts" class="gt_row gt_right" style="border-left-width: 0.1px; border-left-style: dashed; border-left-color: grey;"> </td>
<td headers="Mean" class="gt_row gt_right" style="border-left-width: 0.1px; border-left-style: dashed; border-left-color: grey;">6.84</td>
<td headers="Median" class="gt_row gt_right" style="border-left-width: 0.1px; border-left-style: dashed; border-left-color: grey;">6.7</td>
<td headers="SD" class="gt_row gt_right" style="border-left-width: 0.1px; border-left-style: dashed; border-left-color: grey;">1.49</td>
<td headers="Min" class="gt_row gt_right" style="border-left-width: 0.1px; border-left-style: dashed; border-left-color: grey;">2.1</td>
<td headers="Max" class="gt_row gt_right" style="border-left-width: 0.1px; border-left-style: dashed; border-left-color: grey;">10.7</td>
<td headers="Histogram" class="gt_row gt_left" style="border-left-width: 0.1px; border-left-style: dashed; border-left-color: grey;">▁▃▇▆▂</td></tr>
    <tr><td headers="Variable" class="gt_row gt_left" style="border-left-width: 0.1px; border-left-style: dashed; border-left-color: grey;">HCC_4</td>
<td headers="Label" class="gt_row gt_right" style="border-left-width: 0.1px; border-left-style: dashed; border-left-color: grey;"></td>
<td headers="Type" class="gt_row gt_left" style="border-left-width: 0.1px; border-left-style: dashed; border-left-color: grey;">numeric</td>
<td headers="Ordered Factor" class="gt_row gt_right" style="border-left-width: 0.1px; border-left-style: dashed; border-left-color: grey;"> </td>
<td headers="n_missing" class="gt_row gt_right" style="border-left-width: 0.1px; border-left-style: dashed; border-left-color: grey;">0</td>
<td headers="complete_rate" class="gt_row gt_right" style="border-left-width: 0.1px; border-left-style: dashed; border-left-color: grey;">1</td>
<td headers="n_unique" class="gt_row gt_right" style="border-left-width: 0.1px; border-left-style: dashed; border-left-color: grey;">56</td>
<td headers="Top Counts" class="gt_row gt_right" style="border-left-width: 0.1px; border-left-style: dashed; border-left-color: grey;"> </td>
<td headers="Mean" class="gt_row gt_right" style="border-left-width: 0.1px; border-left-style: dashed; border-left-color: grey;">-3.51</td>
<td headers="Median" class="gt_row gt_right" style="border-left-width: 0.1px; border-left-style: dashed; border-left-color: grey;">-3.54</td>
<td headers="SD" class="gt_row gt_right" style="border-left-width: 0.1px; border-left-style: dashed; border-left-color: grey;">0.36</td>
<td headers="Min" class="gt_row gt_right" style="border-left-width: 0.1px; border-left-style: dashed; border-left-color: grey;">-4.51</td>
<td headers="Max" class="gt_row gt_right" style="border-left-width: 0.1px; border-left-style: dashed; border-left-color: grey;">-2.12</td>
<td headers="Histogram" class="gt_row gt_left" style="border-left-width: 0.1px; border-left-style: dashed; border-left-color: grey;">▁▇▇▂▁</td></tr>
    <tr><td headers="Variable" class="gt_row gt_left" style="border-left-width: 0.1px; border-left-style: dashed; border-left-color: grey;">Hepatocyte_Growth_Factor_HGF</td>
<td headers="Label" class="gt_row gt_right" style="border-left-width: 0.1px; border-left-style: dashed; border-left-color: grey;"></td>
<td headers="Type" class="gt_row gt_left" style="border-left-width: 0.1px; border-left-style: dashed; border-left-color: grey;">numeric</td>
<td headers="Ordered Factor" class="gt_row gt_right" style="border-left-width: 0.1px; border-left-style: dashed; border-left-color: grey;"> </td>
<td headers="n_missing" class="gt_row gt_right" style="border-left-width: 0.1px; border-left-style: dashed; border-left-color: grey;">0</td>
<td headers="complete_rate" class="gt_row gt_right" style="border-left-width: 0.1px; border-left-style: dashed; border-left-color: grey;">1</td>
<td headers="n_unique" class="gt_row gt_right" style="border-left-width: 0.1px; border-left-style: dashed; border-left-color: grey;">53</td>
<td headers="Top Counts" class="gt_row gt_right" style="border-left-width: 0.1px; border-left-style: dashed; border-left-color: grey;"> </td>
<td headers="Mean" class="gt_row gt_right" style="border-left-width: 0.1px; border-left-style: dashed; border-left-color: grey;">0.19</td>
<td headers="Median" class="gt_row gt_right" style="border-left-width: 0.1px; border-left-style: dashed; border-left-color: grey;">0.18</td>
<td headers="SD" class="gt_row gt_right" style="border-left-width: 0.1px; border-left-style: dashed; border-left-color: grey;">0.3</td>
<td headers="Min" class="gt_row gt_right" style="border-left-width: 0.1px; border-left-style: dashed; border-left-color: grey;">-0.63</td>
<td headers="Max" class="gt_row gt_right" style="border-left-width: 0.1px; border-left-style: dashed; border-left-color: grey;">1.1</td>
<td headers="Histogram" class="gt_row gt_left" style="border-left-width: 0.1px; border-left-style: dashed; border-left-color: grey;">▁▅▇▅▁</td></tr>
    <tr><td headers="Variable" class="gt_row gt_left" style="border-left-width: 0.1px; border-left-style: dashed; border-left-color: grey;">I_309</td>
<td headers="Label" class="gt_row gt_right" style="border-left-width: 0.1px; border-left-style: dashed; border-left-color: grey;"></td>
<td headers="Type" class="gt_row gt_left" style="border-left-width: 0.1px; border-left-style: dashed; border-left-color: grey;">numeric</td>
<td headers="Ordered Factor" class="gt_row gt_right" style="border-left-width: 0.1px; border-left-style: dashed; border-left-color: grey;"> </td>
<td headers="n_missing" class="gt_row gt_right" style="border-left-width: 0.1px; border-left-style: dashed; border-left-color: grey;">0</td>
<td headers="complete_rate" class="gt_row gt_right" style="border-left-width: 0.1px; border-left-style: dashed; border-left-color: grey;">1</td>
<td headers="n_unique" class="gt_row gt_right" style="border-left-width: 0.1px; border-left-style: dashed; border-left-color: grey;">48</td>
<td headers="Top Counts" class="gt_row gt_right" style="border-left-width: 0.1px; border-left-style: dashed; border-left-color: grey;"> </td>
<td headers="Mean" class="gt_row gt_right" style="border-left-width: 0.1px; border-left-style: dashed; border-left-color: grey;">2.95</td>
<td headers="Median" class="gt_row gt_right" style="border-left-width: 0.1px; border-left-style: dashed; border-left-color: grey;">2.94</td>
<td headers="SD" class="gt_row gt_right" style="border-left-width: 0.1px; border-left-style: dashed; border-left-color: grey;">0.37</td>
<td headers="Min" class="gt_row gt_right" style="border-left-width: 0.1px; border-left-style: dashed; border-left-color: grey;">1.76</td>
<td headers="Max" class="gt_row gt_right" style="border-left-width: 0.1px; border-left-style: dashed; border-left-color: grey;">4.14</td>
<td headers="Histogram" class="gt_row gt_left" style="border-left-width: 0.1px; border-left-style: dashed; border-left-color: grey;">▁▅▇▃▁</td></tr>
    <tr><td headers="Variable" class="gt_row gt_left" style="border-left-width: 0.1px; border-left-style: dashed; border-left-color: grey;">ICAM_1</td>
<td headers="Label" class="gt_row gt_right" style="border-left-width: 0.1px; border-left-style: dashed; border-left-color: grey;"></td>
<td headers="Type" class="gt_row gt_left" style="border-left-width: 0.1px; border-left-style: dashed; border-left-color: grey;">numeric</td>
<td headers="Ordered Factor" class="gt_row gt_right" style="border-left-width: 0.1px; border-left-style: dashed; border-left-color: grey;"> </td>
<td headers="n_missing" class="gt_row gt_right" style="border-left-width: 0.1px; border-left-style: dashed; border-left-color: grey;">0</td>
<td headers="complete_rate" class="gt_row gt_right" style="border-left-width: 0.1px; border-left-style: dashed; border-left-color: grey;">1</td>
<td headers="n_unique" class="gt_row gt_right" style="border-left-width: 0.1px; border-left-style: dashed; border-left-color: grey;">70</td>
<td headers="Top Counts" class="gt_row gt_right" style="border-left-width: 0.1px; border-left-style: dashed; border-left-color: grey;"> </td>
<td headers="Mean" class="gt_row gt_right" style="border-left-width: 0.1px; border-left-style: dashed; border-left-color: grey;">-0.59</td>
<td headers="Median" class="gt_row gt_right" style="border-left-width: 0.1px; border-left-style: dashed; border-left-color: grey;">-0.59</td>
<td headers="SD" class="gt_row gt_right" style="border-left-width: 0.1px; border-left-style: dashed; border-left-color: grey;">0.33</td>
<td headers="Min" class="gt_row gt_right" style="border-left-width: 0.1px; border-left-style: dashed; border-left-color: grey;">-1.53</td>
<td headers="Max" class="gt_row gt_right" style="border-left-width: 0.1px; border-left-style: dashed; border-left-color: grey;">0.52</td>
<td headers="Histogram" class="gt_row gt_left" style="border-left-width: 0.1px; border-left-style: dashed; border-left-color: grey;">▁▅▇▃▁</td></tr>
    <tr><td headers="Variable" class="gt_row gt_left" style="border-left-width: 0.1px; border-left-style: dashed; border-left-color: grey;">IGF_BP_2</td>
<td headers="Label" class="gt_row gt_right" style="border-left-width: 0.1px; border-left-style: dashed; border-left-color: grey;"></td>
<td headers="Type" class="gt_row gt_left" style="border-left-width: 0.1px; border-left-style: dashed; border-left-color: grey;">numeric</td>
<td headers="Ordered Factor" class="gt_row gt_right" style="border-left-width: 0.1px; border-left-style: dashed; border-left-color: grey;"> </td>
<td headers="n_missing" class="gt_row gt_right" style="border-left-width: 0.1px; border-left-style: dashed; border-left-color: grey;">0</td>
<td headers="complete_rate" class="gt_row gt_right" style="border-left-width: 0.1px; border-left-style: dashed; border-left-color: grey;">1</td>
<td headers="n_unique" class="gt_row gt_right" style="border-left-width: 0.1px; border-left-style: dashed; border-left-color: grey;">141</td>
<td headers="Top Counts" class="gt_row gt_right" style="border-left-width: 0.1px; border-left-style: dashed; border-left-color: grey;"> </td>
<td headers="Mean" class="gt_row gt_right" style="border-left-width: 0.1px; border-left-style: dashed; border-left-color: grey;">5.31</td>
<td headers="Median" class="gt_row gt_right" style="border-left-width: 0.1px; border-left-style: dashed; border-left-color: grey;">5.3</td>
<td headers="SD" class="gt_row gt_right" style="border-left-width: 0.1px; border-left-style: dashed; border-left-color: grey;">0.21</td>
<td headers="Min" class="gt_row gt_right" style="border-left-width: 0.1px; border-left-style: dashed; border-left-color: grey;">4.63</td>
<td headers="Max" class="gt_row gt_right" style="border-left-width: 0.1px; border-left-style: dashed; border-left-color: grey;">5.95</td>
<td headers="Histogram" class="gt_row gt_left" style="border-left-width: 0.1px; border-left-style: dashed; border-left-color: grey;">▁▅▇▅▁</td></tr>
    <tr><td headers="Variable" class="gt_row gt_left" style="border-left-width: 0.1px; border-left-style: dashed; border-left-color: grey;">IL_11</td>
<td headers="Label" class="gt_row gt_right" style="border-left-width: 0.1px; border-left-style: dashed; border-left-color: grey;"></td>
<td headers="Type" class="gt_row gt_left" style="border-left-width: 0.1px; border-left-style: dashed; border-left-color: grey;">numeric</td>
<td headers="Ordered Factor" class="gt_row gt_right" style="border-left-width: 0.1px; border-left-style: dashed; border-left-color: grey;"> </td>
<td headers="n_missing" class="gt_row gt_right" style="border-left-width: 0.1px; border-left-style: dashed; border-left-color: grey;">0</td>
<td headers="complete_rate" class="gt_row gt_right" style="border-left-width: 0.1px; border-left-style: dashed; border-left-color: grey;">1</td>
<td headers="n_unique" class="gt_row gt_right" style="border-left-width: 0.1px; border-left-style: dashed; border-left-color: grey;">78</td>
<td headers="Top Counts" class="gt_row gt_right" style="border-left-width: 0.1px; border-left-style: dashed; border-left-color: grey;"> </td>
<td headers="Mean" class="gt_row gt_right" style="border-left-width: 0.1px; border-left-style: dashed; border-left-color: grey;">4.71</td>
<td headers="Median" class="gt_row gt_right" style="border-left-width: 0.1px; border-left-style: dashed; border-left-color: grey;">4.81</td>
<td headers="SD" class="gt_row gt_right" style="border-left-width: 0.1px; border-left-style: dashed; border-left-color: grey;">1.42</td>
<td headers="Min" class="gt_row gt_right" style="border-left-width: 0.1px; border-left-style: dashed; border-left-color: grey;">1.75</td>
<td headers="Max" class="gt_row gt_right" style="border-left-width: 0.1px; border-left-style: dashed; border-left-color: grey;">8.69</td>
<td headers="Histogram" class="gt_row gt_left" style="border-left-width: 0.1px; border-left-style: dashed; border-left-color: grey;">▃▆▇▃▁</td></tr>
    <tr><td headers="Variable" class="gt_row gt_left" style="border-left-width: 0.1px; border-left-style: dashed; border-left-color: grey;">IL_13</td>
<td headers="Label" class="gt_row gt_right" style="border-left-width: 0.1px; border-left-style: dashed; border-left-color: grey;"></td>
<td headers="Type" class="gt_row gt_left" style="border-left-width: 0.1px; border-left-style: dashed; border-left-color: grey;">numeric</td>
<td headers="Ordered Factor" class="gt_row gt_right" style="border-left-width: 0.1px; border-left-style: dashed; border-left-color: grey;"> </td>
<td headers="n_missing" class="gt_row gt_right" style="border-left-width: 0.1px; border-left-style: dashed; border-left-color: grey;">0</td>
<td headers="complete_rate" class="gt_row gt_right" style="border-left-width: 0.1px; border-left-style: dashed; border-left-color: grey;">1</td>
<td headers="n_unique" class="gt_row gt_right" style="border-left-width: 0.1px; border-left-style: dashed; border-left-color: grey;">20</td>
<td headers="Top Counts" class="gt_row gt_right" style="border-left-width: 0.1px; border-left-style: dashed; border-left-color: grey;"> </td>
<td headers="Mean" class="gt_row gt_right" style="border-left-width: 0.1px; border-left-style: dashed; border-left-color: grey;">1.28</td>
<td headers="Median" class="gt_row gt_right" style="border-left-width: 0.1px; border-left-style: dashed; border-left-color: grey;">1.28</td>
<td headers="SD" class="gt_row gt_right" style="border-left-width: 0.1px; border-left-style: dashed; border-left-color: grey;">0.01</td>
<td headers="Min" class="gt_row gt_right" style="border-left-width: 0.1px; border-left-style: dashed; border-left-color: grey;">1.23</td>
<td headers="Max" class="gt_row gt_right" style="border-left-width: 0.1px; border-left-style: dashed; border-left-color: grey;">1.32</td>
<td headers="Histogram" class="gt_row gt_left" style="border-left-width: 0.1px; border-left-style: dashed; border-left-color: grey;">▁▁▇▆▁</td></tr>
    <tr><td headers="Variable" class="gt_row gt_left" style="border-left-width: 0.1px; border-left-style: dashed; border-left-color: grey;">IL_16</td>
<td headers="Label" class="gt_row gt_right" style="border-left-width: 0.1px; border-left-style: dashed; border-left-color: grey;"></td>
<td headers="Type" class="gt_row gt_left" style="border-left-width: 0.1px; border-left-style: dashed; border-left-color: grey;">numeric</td>
<td headers="Ordered Factor" class="gt_row gt_right" style="border-left-width: 0.1px; border-left-style: dashed; border-left-color: grey;"> </td>
<td headers="n_missing" class="gt_row gt_right" style="border-left-width: 0.1px; border-left-style: dashed; border-left-color: grey;">0</td>
<td headers="complete_rate" class="gt_row gt_right" style="border-left-width: 0.1px; border-left-style: dashed; border-left-color: grey;">1</td>
<td headers="n_unique" class="gt_row gt_right" style="border-left-width: 0.1px; border-left-style: dashed; border-left-color: grey;">59</td>
<td headers="Top Counts" class="gt_row gt_right" style="border-left-width: 0.1px; border-left-style: dashed; border-left-color: grey;"> </td>
<td headers="Mean" class="gt_row gt_right" style="border-left-width: 0.1px; border-left-style: dashed; border-left-color: grey;">2.91</td>
<td headers="Median" class="gt_row gt_right" style="border-left-width: 0.1px; border-left-style: dashed; border-left-color: grey;">2.88</td>
<td headers="SD" class="gt_row gt_right" style="border-left-width: 0.1px; border-left-style: dashed; border-left-color: grey;">0.67</td>
<td headers="Min" class="gt_row gt_right" style="border-left-width: 0.1px; border-left-style: dashed; border-left-color: grey;">0.96</td>
<td headers="Max" class="gt_row gt_right" style="border-left-width: 0.1px; border-left-style: dashed; border-left-color: grey;">4.94</td>
<td headers="Histogram" class="gt_row gt_left" style="border-left-width: 0.1px; border-left-style: dashed; border-left-color: grey;">▁▅▇▅▁</td></tr>
    <tr><td headers="Variable" class="gt_row gt_left" style="border-left-width: 0.1px; border-left-style: dashed; border-left-color: grey;">IL_17E</td>
<td headers="Label" class="gt_row gt_right" style="border-left-width: 0.1px; border-left-style: dashed; border-left-color: grey;"></td>
<td headers="Type" class="gt_row gt_left" style="border-left-width: 0.1px; border-left-style: dashed; border-left-color: grey;">numeric</td>
<td headers="Ordered Factor" class="gt_row gt_right" style="border-left-width: 0.1px; border-left-style: dashed; border-left-color: grey;"> </td>
<td headers="n_missing" class="gt_row gt_right" style="border-left-width: 0.1px; border-left-style: dashed; border-left-color: grey;">0</td>
<td headers="complete_rate" class="gt_row gt_right" style="border-left-width: 0.1px; border-left-style: dashed; border-left-color: grey;">1</td>
<td headers="n_unique" class="gt_row gt_right" style="border-left-width: 0.1px; border-left-style: dashed; border-left-color: grey;">47</td>
<td headers="Top Counts" class="gt_row gt_right" style="border-left-width: 0.1px; border-left-style: dashed; border-left-color: grey;"> </td>
<td headers="Mean" class="gt_row gt_right" style="border-left-width: 0.1px; border-left-style: dashed; border-left-color: grey;">4.84</td>
<td headers="Median" class="gt_row gt_right" style="border-left-width: 0.1px; border-left-style: dashed; border-left-color: grey;">4.75</td>
<td headers="SD" class="gt_row gt_right" style="border-left-width: 0.1px; border-left-style: dashed; border-left-color: grey;">1.33</td>
<td headers="Min" class="gt_row gt_right" style="border-left-width: 0.1px; border-left-style: dashed; border-left-color: grey;">1.05</td>
<td headers="Max" class="gt_row gt_right" style="border-left-width: 0.1px; border-left-style: dashed; border-left-color: grey;">8.95</td>
<td headers="Histogram" class="gt_row gt_left" style="border-left-width: 0.1px; border-left-style: dashed; border-left-color: grey;">▁▆▇▃▁</td></tr>
    <tr><td headers="Variable" class="gt_row gt_left" style="border-left-width: 0.1px; border-left-style: dashed; border-left-color: grey;">IL_1alpha</td>
<td headers="Label" class="gt_row gt_right" style="border-left-width: 0.1px; border-left-style: dashed; border-left-color: grey;"></td>
<td headers="Type" class="gt_row gt_left" style="border-left-width: 0.1px; border-left-style: dashed; border-left-color: grey;">numeric</td>
<td headers="Ordered Factor" class="gt_row gt_right" style="border-left-width: 0.1px; border-left-style: dashed; border-left-color: grey;"> </td>
<td headers="n_missing" class="gt_row gt_right" style="border-left-width: 0.1px; border-left-style: dashed; border-left-color: grey;">0</td>
<td headers="complete_rate" class="gt_row gt_right" style="border-left-width: 0.1px; border-left-style: dashed; border-left-color: grey;">1</td>
<td headers="n_unique" class="gt_row gt_right" style="border-left-width: 0.1px; border-left-style: dashed; border-left-color: grey;">65</td>
<td headers="Top Counts" class="gt_row gt_right" style="border-left-width: 0.1px; border-left-style: dashed; border-left-color: grey;"> </td>
<td headers="Mean" class="gt_row gt_right" style="border-left-width: 0.1px; border-left-style: dashed; border-left-color: grey;">-7.52</td>
<td headers="Median" class="gt_row gt_right" style="border-left-width: 0.1px; border-left-style: dashed; border-left-color: grey;">-7.54</td>
<td headers="SD" class="gt_row gt_right" style="border-left-width: 0.1px; border-left-style: dashed; border-left-color: grey;">0.4</td>
<td headers="Min" class="gt_row gt_right" style="border-left-width: 0.1px; border-left-style: dashed; border-left-color: grey;">-8.52</td>
<td headers="Max" class="gt_row gt_right" style="border-left-width: 0.1px; border-left-style: dashed; border-left-color: grey;">-5.95</td>
<td headers="Histogram" class="gt_row gt_left" style="border-left-width: 0.1px; border-left-style: dashed; border-left-color: grey;">▂▇▇▂▁</td></tr>
    <tr><td headers="Variable" class="gt_row gt_left" style="border-left-width: 0.1px; border-left-style: dashed; border-left-color: grey;">IL_3</td>
<td headers="Label" class="gt_row gt_right" style="border-left-width: 0.1px; border-left-style: dashed; border-left-color: grey;"></td>
<td headers="Type" class="gt_row gt_left" style="border-left-width: 0.1px; border-left-style: dashed; border-left-color: grey;">numeric</td>
<td headers="Ordered Factor" class="gt_row gt_right" style="border-left-width: 0.1px; border-left-style: dashed; border-left-color: grey;"> </td>
<td headers="n_missing" class="gt_row gt_right" style="border-left-width: 0.1px; border-left-style: dashed; border-left-color: grey;">0</td>
<td headers="complete_rate" class="gt_row gt_right" style="border-left-width: 0.1px; border-left-style: dashed; border-left-color: grey;">1</td>
<td headers="n_unique" class="gt_row gt_right" style="border-left-width: 0.1px; border-left-style: dashed; border-left-color: grey;">64</td>
<td headers="Top Counts" class="gt_row gt_right" style="border-left-width: 0.1px; border-left-style: dashed; border-left-color: grey;"> </td>
<td headers="Mean" class="gt_row gt_right" style="border-left-width: 0.1px; border-left-style: dashed; border-left-color: grey;">-3.95</td>
<td headers="Median" class="gt_row gt_right" style="border-left-width: 0.1px; border-left-style: dashed; border-left-color: grey;">-3.91</td>
<td headers="SD" class="gt_row gt_right" style="border-left-width: 0.1px; border-left-style: dashed; border-left-color: grey;">0.51</td>
<td headers="Min" class="gt_row gt_right" style="border-left-width: 0.1px; border-left-style: dashed; border-left-color: grey;">-5.91</td>
<td headers="Max" class="gt_row gt_right" style="border-left-width: 0.1px; border-left-style: dashed; border-left-color: grey;">-2.45</td>
<td headers="Histogram" class="gt_row gt_left" style="border-left-width: 0.1px; border-left-style: dashed; border-left-color: grey;">▁▂▇▆▁</td></tr>
    <tr><td headers="Variable" class="gt_row gt_left" style="border-left-width: 0.1px; border-left-style: dashed; border-left-color: grey;">IL_4</td>
<td headers="Label" class="gt_row gt_right" style="border-left-width: 0.1px; border-left-style: dashed; border-left-color: grey;"></td>
<td headers="Type" class="gt_row gt_left" style="border-left-width: 0.1px; border-left-style: dashed; border-left-color: grey;">numeric</td>
<td headers="Ordered Factor" class="gt_row gt_right" style="border-left-width: 0.1px; border-left-style: dashed; border-left-color: grey;"> </td>
<td headers="n_missing" class="gt_row gt_right" style="border-left-width: 0.1px; border-left-style: dashed; border-left-color: grey;">0</td>
<td headers="complete_rate" class="gt_row gt_right" style="border-left-width: 0.1px; border-left-style: dashed; border-left-color: grey;">1</td>
<td headers="n_unique" class="gt_row gt_right" style="border-left-width: 0.1px; border-left-style: dashed; border-left-color: grey;">49</td>
<td headers="Top Counts" class="gt_row gt_right" style="border-left-width: 0.1px; border-left-style: dashed; border-left-color: grey;"> </td>
<td headers="Mean" class="gt_row gt_right" style="border-left-width: 0.1px; border-left-style: dashed; border-left-color: grey;">1.77</td>
<td headers="Median" class="gt_row gt_right" style="border-left-width: 0.1px; border-left-style: dashed; border-left-color: grey;">1.81</td>
<td headers="SD" class="gt_row gt_right" style="border-left-width: 0.1px; border-left-style: dashed; border-left-color: grey;">0.51</td>
<td headers="Min" class="gt_row gt_right" style="border-left-width: 0.1px; border-left-style: dashed; border-left-color: grey;">0.53</td>
<td headers="Max" class="gt_row gt_right" style="border-left-width: 0.1px; border-left-style: dashed; border-left-color: grey;">3.04</td>
<td headers="Histogram" class="gt_row gt_left" style="border-left-width: 0.1px; border-left-style: dashed; border-left-color: grey;">▂▆▇▅▂</td></tr>
    <tr><td headers="Variable" class="gt_row gt_left" style="border-left-width: 0.1px; border-left-style: dashed; border-left-color: grey;">IL_5</td>
<td headers="Label" class="gt_row gt_right" style="border-left-width: 0.1px; border-left-style: dashed; border-left-color: grey;"></td>
<td headers="Type" class="gt_row gt_left" style="border-left-width: 0.1px; border-left-style: dashed; border-left-color: grey;">numeric</td>
<td headers="Ordered Factor" class="gt_row gt_right" style="border-left-width: 0.1px; border-left-style: dashed; border-left-color: grey;"> </td>
<td headers="n_missing" class="gt_row gt_right" style="border-left-width: 0.1px; border-left-style: dashed; border-left-color: grey;">0</td>
<td headers="complete_rate" class="gt_row gt_right" style="border-left-width: 0.1px; border-left-style: dashed; border-left-color: grey;">1</td>
<td headers="n_unique" class="gt_row gt_right" style="border-left-width: 0.1px; border-left-style: dashed; border-left-color: grey;">50</td>
<td headers="Top Counts" class="gt_row gt_right" style="border-left-width: 0.1px; border-left-style: dashed; border-left-color: grey;"> </td>
<td headers="Mean" class="gt_row gt_right" style="border-left-width: 0.1px; border-left-style: dashed; border-left-color: grey;">0.19</td>
<td headers="Median" class="gt_row gt_right" style="border-left-width: 0.1px; border-left-style: dashed; border-left-color: grey;">0.18</td>
<td headers="SD" class="gt_row gt_right" style="border-left-width: 0.1px; border-left-style: dashed; border-left-color: grey;">0.45</td>
<td headers="Min" class="gt_row gt_right" style="border-left-width: 0.1px; border-left-style: dashed; border-left-color: grey;">-1.43</td>
<td headers="Max" class="gt_row gt_right" style="border-left-width: 0.1px; border-left-style: dashed; border-left-color: grey;">1.95</td>
<td headers="Histogram" class="gt_row gt_left" style="border-left-width: 0.1px; border-left-style: dashed; border-left-color: grey;">▁▃▇▂▁</td></tr>
    <tr><td headers="Variable" class="gt_row gt_left" style="border-left-width: 0.1px; border-left-style: dashed; border-left-color: grey;">IL_6</td>
<td headers="Label" class="gt_row gt_right" style="border-left-width: 0.1px; border-left-style: dashed; border-left-color: grey;"></td>
<td headers="Type" class="gt_row gt_left" style="border-left-width: 0.1px; border-left-style: dashed; border-left-color: grey;">numeric</td>
<td headers="Ordered Factor" class="gt_row gt_right" style="border-left-width: 0.1px; border-left-style: dashed; border-left-color: grey;"> </td>
<td headers="n_missing" class="gt_row gt_right" style="border-left-width: 0.1px; border-left-style: dashed; border-left-color: grey;">100</td>
<td headers="complete_rate" class="gt_row gt_right" style="border-left-width: 0.1px; border-left-style: dashed; border-left-color: grey;">0.7</td>
<td headers="n_unique" class="gt_row gt_right" style="border-left-width: 0.1px; border-left-style: dashed; border-left-color: grey;">52</td>
<td headers="Top Counts" class="gt_row gt_right" style="border-left-width: 0.1px; border-left-style: dashed; border-left-color: grey;"> </td>
<td headers="Mean" class="gt_row gt_right" style="border-left-width: 0.1px; border-left-style: dashed; border-left-color: grey;">-0.15</td>
<td headers="Median" class="gt_row gt_right" style="border-left-width: 0.1px; border-left-style: dashed; border-left-color: grey;">-0.16</td>
<td headers="SD" class="gt_row gt_right" style="border-left-width: 0.1px; border-left-style: dashed; border-left-color: grey;">0.54</td>
<td headers="Min" class="gt_row gt_right" style="border-left-width: 0.1px; border-left-style: dashed; border-left-color: grey;">-1.53</td>
<td headers="Max" class="gt_row gt_right" style="border-left-width: 0.1px; border-left-style: dashed; border-left-color: grey;">1.53</td>
<td headers="Histogram" class="gt_row gt_left" style="border-left-width: 0.1px; border-left-style: dashed; border-left-color: grey;">▂▃▇▂▁</td></tr>
    <tr><td headers="Variable" class="gt_row gt_left" style="border-left-width: 0.1px; border-left-style: dashed; border-left-color: grey;">IL_6_Receptor</td>
<td headers="Label" class="gt_row gt_right" style="border-left-width: 0.1px; border-left-style: dashed; border-left-color: grey;"></td>
<td headers="Type" class="gt_row gt_left" style="border-left-width: 0.1px; border-left-style: dashed; border-left-color: grey;">numeric</td>
<td headers="Ordered Factor" class="gt_row gt_right" style="border-left-width: 0.1px; border-left-style: dashed; border-left-color: grey;"> </td>
<td headers="n_missing" class="gt_row gt_right" style="border-left-width: 0.1px; border-left-style: dashed; border-left-color: grey;">0</td>
<td headers="complete_rate" class="gt_row gt_right" style="border-left-width: 0.1px; border-left-style: dashed; border-left-color: grey;">1</td>
<td headers="n_unique" class="gt_row gt_right" style="border-left-width: 0.1px; border-left-style: dashed; border-left-color: grey;">58</td>
<td headers="Top Counts" class="gt_row gt_right" style="border-left-width: 0.1px; border-left-style: dashed; border-left-color: grey;"> </td>
<td headers="Mean" class="gt_row gt_right" style="border-left-width: 0.1px; border-left-style: dashed; border-left-color: grey;">0.09</td>
<td headers="Median" class="gt_row gt_right" style="border-left-width: 0.1px; border-left-style: dashed; border-left-color: grey;">0.1</td>
<td headers="SD" class="gt_row gt_right" style="border-left-width: 0.1px; border-left-style: dashed; border-left-color: grey;">0.32</td>
<td headers="Min" class="gt_row gt_right" style="border-left-width: 0.1px; border-left-style: dashed; border-left-color: grey;">-0.75</td>
<td headers="Max" class="gt_row gt_right" style="border-left-width: 0.1px; border-left-style: dashed; border-left-color: grey;">0.83</td>
<td headers="Histogram" class="gt_row gt_left" style="border-left-width: 0.1px; border-left-style: dashed; border-left-color: grey;">▁▅▇▆▂</td></tr>
    <tr><td headers="Variable" class="gt_row gt_left" style="border-left-width: 0.1px; border-left-style: dashed; border-left-color: grey;">IL_7</td>
<td headers="Label" class="gt_row gt_right" style="border-left-width: 0.1px; border-left-style: dashed; border-left-color: grey;"></td>
<td headers="Type" class="gt_row gt_left" style="border-left-width: 0.1px; border-left-style: dashed; border-left-color: grey;">numeric</td>
<td headers="Ordered Factor" class="gt_row gt_right" style="border-left-width: 0.1px; border-left-style: dashed; border-left-color: grey;"> </td>
<td headers="n_missing" class="gt_row gt_right" style="border-left-width: 0.1px; border-left-style: dashed; border-left-color: grey;">0</td>
<td headers="complete_rate" class="gt_row gt_right" style="border-left-width: 0.1px; border-left-style: dashed; border-left-color: grey;">1</td>
<td headers="n_unique" class="gt_row gt_right" style="border-left-width: 0.1px; border-left-style: dashed; border-left-color: grey;">48</td>
<td headers="Top Counts" class="gt_row gt_right" style="border-left-width: 0.1px; border-left-style: dashed; border-left-color: grey;"> </td>
<td headers="Mean" class="gt_row gt_right" style="border-left-width: 0.1px; border-left-style: dashed; border-left-color: grey;">2.9</td>
<td headers="Median" class="gt_row gt_right" style="border-left-width: 0.1px; border-left-style: dashed; border-left-color: grey;">2.92</td>
<td headers="SD" class="gt_row gt_right" style="border-left-width: 0.1px; border-left-style: dashed; border-left-color: grey;">1.02</td>
<td headers="Min" class="gt_row gt_right" style="border-left-width: 0.1px; border-left-style: dashed; border-left-color: grey;">0.56</td>
<td headers="Max" class="gt_row gt_right" style="border-left-width: 0.1px; border-left-style: dashed; border-left-color: grey;">5.71</td>
<td headers="Histogram" class="gt_row gt_left" style="border-left-width: 0.1px; border-left-style: dashed; border-left-color: grey;">▃▇▇▆▁</td></tr>
    <tr><td headers="Variable" class="gt_row gt_left" style="border-left-width: 0.1px; border-left-style: dashed; border-left-color: grey;">IL_8</td>
<td headers="Label" class="gt_row gt_right" style="border-left-width: 0.1px; border-left-style: dashed; border-left-color: grey;"></td>
<td headers="Type" class="gt_row gt_left" style="border-left-width: 0.1px; border-left-style: dashed; border-left-color: grey;">numeric</td>
<td headers="Ordered Factor" class="gt_row gt_right" style="border-left-width: 0.1px; border-left-style: dashed; border-left-color: grey;"> </td>
<td headers="n_missing" class="gt_row gt_right" style="border-left-width: 0.1px; border-left-style: dashed; border-left-color: grey;">0</td>
<td headers="complete_rate" class="gt_row gt_right" style="border-left-width: 0.1px; border-left-style: dashed; border-left-color: grey;">1</td>
<td headers="n_unique" class="gt_row gt_right" style="border-left-width: 0.1px; border-left-style: dashed; border-left-color: grey;">59</td>
<td headers="Top Counts" class="gt_row gt_right" style="border-left-width: 0.1px; border-left-style: dashed; border-left-color: grey;"> </td>
<td headers="Mean" class="gt_row gt_right" style="border-left-width: 0.1px; border-left-style: dashed; border-left-color: grey;">1.7</td>
<td headers="Median" class="gt_row gt_right" style="border-left-width: 0.1px; border-left-style: dashed; border-left-color: grey;">1.71</td>
<td headers="SD" class="gt_row gt_right" style="border-left-width: 0.1px; border-left-style: dashed; border-left-color: grey;">0.04</td>
<td headers="Min" class="gt_row gt_right" style="border-left-width: 0.1px; border-left-style: dashed; border-left-color: grey;">1.57</td>
<td headers="Max" class="gt_row gt_right" style="border-left-width: 0.1px; border-left-style: dashed; border-left-color: grey;">1.84</td>
<td headers="Histogram" class="gt_row gt_left" style="border-left-width: 0.1px; border-left-style: dashed; border-left-color: grey;">▁▃▇▃▁</td></tr>
    <tr><td headers="Variable" class="gt_row gt_left" style="border-left-width: 0.1px; border-left-style: dashed; border-left-color: grey;">IP_10_Inducible_Protein_10</td>
<td headers="Label" class="gt_row gt_right" style="border-left-width: 0.1px; border-left-style: dashed; border-left-color: grey;"></td>
<td headers="Type" class="gt_row gt_left" style="border-left-width: 0.1px; border-left-style: dashed; border-left-color: grey;">numeric</td>
<td headers="Ordered Factor" class="gt_row gt_right" style="border-left-width: 0.1px; border-left-style: dashed; border-left-color: grey;"> </td>
<td headers="n_missing" class="gt_row gt_right" style="border-left-width: 0.1px; border-left-style: dashed; border-left-color: grey;">0</td>
<td headers="complete_rate" class="gt_row gt_right" style="border-left-width: 0.1px; border-left-style: dashed; border-left-color: grey;">1</td>
<td headers="n_unique" class="gt_row gt_right" style="border-left-width: 0.1px; border-left-style: dashed; border-left-color: grey;">249</td>
<td headers="Top Counts" class="gt_row gt_right" style="border-left-width: 0.1px; border-left-style: dashed; border-left-color: grey;"> </td>
<td headers="Mean" class="gt_row gt_right" style="border-left-width: 0.1px; border-left-style: dashed; border-left-color: grey;">5.73</td>
<td headers="Median" class="gt_row gt_right" style="border-left-width: 0.1px; border-left-style: dashed; border-left-color: grey;">5.72</td>
<td headers="SD" class="gt_row gt_right" style="border-left-width: 0.1px; border-left-style: dashed; border-left-color: grey;">0.51</td>
<td headers="Min" class="gt_row gt_right" style="border-left-width: 0.1px; border-left-style: dashed; border-left-color: grey;">4.26</td>
<td headers="Max" class="gt_row gt_right" style="border-left-width: 0.1px; border-left-style: dashed; border-left-color: grey;">7.5</td>
<td headers="Histogram" class="gt_row gt_left" style="border-left-width: 0.1px; border-left-style: dashed; border-left-color: grey;">▁▆▇▂▁</td></tr>
    <tr><td headers="Variable" class="gt_row gt_left" style="border-left-width: 0.1px; border-left-style: dashed; border-left-color: grey;">IgA</td>
<td headers="Label" class="gt_row gt_right" style="border-left-width: 0.1px; border-left-style: dashed; border-left-color: grey;"></td>
<td headers="Type" class="gt_row gt_left" style="border-left-width: 0.1px; border-left-style: dashed; border-left-color: grey;">numeric</td>
<td headers="Ordered Factor" class="gt_row gt_right" style="border-left-width: 0.1px; border-left-style: dashed; border-left-color: grey;"> </td>
<td headers="n_missing" class="gt_row gt_right" style="border-left-width: 0.1px; border-left-style: dashed; border-left-color: grey;">0</td>
<td headers="complete_rate" class="gt_row gt_right" style="border-left-width: 0.1px; border-left-style: dashed; border-left-color: grey;">1</td>
<td headers="n_unique" class="gt_row gt_right" style="border-left-width: 0.1px; border-left-style: dashed; border-left-color: grey;">101</td>
<td headers="Top Counts" class="gt_row gt_right" style="border-left-width: 0.1px; border-left-style: dashed; border-left-color: grey;"> </td>
<td headers="Mean" class="gt_row gt_right" style="border-left-width: 0.1px; border-left-style: dashed; border-left-color: grey;">-6.11</td>
<td headers="Median" class="gt_row gt_right" style="border-left-width: 0.1px; border-left-style: dashed; border-left-color: grey;">-6.12</td>
<td headers="SD" class="gt_row gt_right" style="border-left-width: 0.1px; border-left-style: dashed; border-left-color: grey;">0.74</td>
<td headers="Min" class="gt_row gt_right" style="border-left-width: 0.1px; border-left-style: dashed; border-left-color: grey;">-10.52</td>
<td headers="Max" class="gt_row gt_right" style="border-left-width: 0.1px; border-left-style: dashed; border-left-color: grey;">-4.2</td>
<td headers="Histogram" class="gt_row gt_left" style="border-left-width: 0.1px; border-left-style: dashed; border-left-color: grey;">▁▁▂▇▂</td></tr>
    <tr><td headers="Variable" class="gt_row gt_left" style="border-left-width: 0.1px; border-left-style: dashed; border-left-color: grey;">Insulin</td>
<td headers="Label" class="gt_row gt_right" style="border-left-width: 0.1px; border-left-style: dashed; border-left-color: grey;"></td>
<td headers="Type" class="gt_row gt_left" style="border-left-width: 0.1px; border-left-style: dashed; border-left-color: grey;">numeric</td>
<td headers="Ordered Factor" class="gt_row gt_right" style="border-left-width: 0.1px; border-left-style: dashed; border-left-color: grey;"> </td>
<td headers="n_missing" class="gt_row gt_right" style="border-left-width: 0.1px; border-left-style: dashed; border-left-color: grey;">0</td>
<td headers="complete_rate" class="gt_row gt_right" style="border-left-width: 0.1px; border-left-style: dashed; border-left-color: grey;">1</td>
<td headers="n_unique" class="gt_row gt_right" style="border-left-width: 0.1px; border-left-style: dashed; border-left-color: grey;">58</td>
<td headers="Top Counts" class="gt_row gt_right" style="border-left-width: 0.1px; border-left-style: dashed; border-left-color: grey;"> </td>
<td headers="Mean" class="gt_row gt_right" style="border-left-width: 0.1px; border-left-style: dashed; border-left-color: grey;">-1.23</td>
<td headers="Median" class="gt_row gt_right" style="border-left-width: 0.1px; border-left-style: dashed; border-left-color: grey;">-1.25</td>
<td headers="SD" class="gt_row gt_right" style="border-left-width: 0.1px; border-left-style: dashed; border-left-color: grey;">0.34</td>
<td headers="Min" class="gt_row gt_right" style="border-left-width: 0.1px; border-left-style: dashed; border-left-color: grey;">-2.17</td>
<td headers="Max" class="gt_row gt_right" style="border-left-width: 0.1px; border-left-style: dashed; border-left-color: grey;">-0.16</td>
<td headers="Histogram" class="gt_row gt_left" style="border-left-width: 0.1px; border-left-style: dashed; border-left-color: grey;">▁▃▇▂▁</td></tr>
    <tr><td headers="Variable" class="gt_row gt_left" style="border-left-width: 0.1px; border-left-style: dashed; border-left-color: grey;">Kidney_Injury_Molecule_1_KIM_1</td>
<td headers="Label" class="gt_row gt_right" style="border-left-width: 0.1px; border-left-style: dashed; border-left-color: grey;"></td>
<td headers="Type" class="gt_row gt_left" style="border-left-width: 0.1px; border-left-style: dashed; border-left-color: grey;">numeric</td>
<td headers="Ordered Factor" class="gt_row gt_right" style="border-left-width: 0.1px; border-left-style: dashed; border-left-color: grey;"> </td>
<td headers="n_missing" class="gt_row gt_right" style="border-left-width: 0.1px; border-left-style: dashed; border-left-color: grey;">0</td>
<td headers="complete_rate" class="gt_row gt_right" style="border-left-width: 0.1px; border-left-style: dashed; border-left-color: grey;">1</td>
<td headers="n_unique" class="gt_row gt_right" style="border-left-width: 0.1px; border-left-style: dashed; border-left-color: grey;">51</td>
<td headers="Top Counts" class="gt_row gt_right" style="border-left-width: 0.1px; border-left-style: dashed; border-left-color: grey;"> </td>
<td headers="Mean" class="gt_row gt_right" style="border-left-width: 0.1px; border-left-style: dashed; border-left-color: grey;">-1.19</td>
<td headers="Median" class="gt_row gt_right" style="border-left-width: 0.1px; border-left-style: dashed; border-left-color: grey;">-1.18</td>
<td headers="SD" class="gt_row gt_right" style="border-left-width: 0.1px; border-left-style: dashed; border-left-color: grey;">0.03</td>
<td headers="Min" class="gt_row gt_right" style="border-left-width: 0.1px; border-left-style: dashed; border-left-color: grey;">-1.26</td>
<td headers="Max" class="gt_row gt_right" style="border-left-width: 0.1px; border-left-style: dashed; border-left-color: grey;">-1.1</td>
<td headers="Histogram" class="gt_row gt_left" style="border-left-width: 0.1px; border-left-style: dashed; border-left-color: grey;">▂▆▇▅▁</td></tr>
    <tr><td headers="Variable" class="gt_row gt_left" style="border-left-width: 0.1px; border-left-style: dashed; border-left-color: grey;">LOX_1</td>
<td headers="Label" class="gt_row gt_right" style="border-left-width: 0.1px; border-left-style: dashed; border-left-color: grey;"></td>
<td headers="Type" class="gt_row gt_left" style="border-left-width: 0.1px; border-left-style: dashed; border-left-color: grey;">numeric</td>
<td headers="Ordered Factor" class="gt_row gt_right" style="border-left-width: 0.1px; border-left-style: dashed; border-left-color: grey;"> </td>
<td headers="n_missing" class="gt_row gt_right" style="border-left-width: 0.1px; border-left-style: dashed; border-left-color: grey;">0</td>
<td headers="complete_rate" class="gt_row gt_right" style="border-left-width: 0.1px; border-left-style: dashed; border-left-color: grey;">1</td>
<td headers="n_unique" class="gt_row gt_right" style="border-left-width: 0.1px; border-left-style: dashed; border-left-color: grey;">72</td>
<td headers="Top Counts" class="gt_row gt_right" style="border-left-width: 0.1px; border-left-style: dashed; border-left-color: grey;"> </td>
<td headers="Mean" class="gt_row gt_right" style="border-left-width: 0.1px; border-left-style: dashed; border-left-color: grey;">1.27</td>
<td headers="Median" class="gt_row gt_right" style="border-left-width: 0.1px; border-left-style: dashed; border-left-color: grey;">1.25</td>
<td headers="SD" class="gt_row gt_right" style="border-left-width: 0.1px; border-left-style: dashed; border-left-color: grey;">0.41</td>
<td headers="Min" class="gt_row gt_right" style="border-left-width: 0.1px; border-left-style: dashed; border-left-color: grey;">0</td>
<td headers="Max" class="gt_row gt_right" style="border-left-width: 0.1px; border-left-style: dashed; border-left-color: grey;">2.4</td>
<td headers="Histogram" class="gt_row gt_left" style="border-left-width: 0.1px; border-left-style: dashed; border-left-color: grey;">▁▃▇▃▁</td></tr>
    <tr><td headers="Variable" class="gt_row gt_left" style="border-left-width: 0.1px; border-left-style: dashed; border-left-color: grey;">Leptin</td>
<td headers="Label" class="gt_row gt_right" style="border-left-width: 0.1px; border-left-style: dashed; border-left-color: grey;"></td>
<td headers="Type" class="gt_row gt_left" style="border-left-width: 0.1px; border-left-style: dashed; border-left-color: grey;">numeric</td>
<td headers="Ordered Factor" class="gt_row gt_right" style="border-left-width: 0.1px; border-left-style: dashed; border-left-color: grey;"> </td>
<td headers="n_missing" class="gt_row gt_right" style="border-left-width: 0.1px; border-left-style: dashed; border-left-color: grey;">0</td>
<td headers="complete_rate" class="gt_row gt_right" style="border-left-width: 0.1px; border-left-style: dashed; border-left-color: grey;">1</td>
<td headers="n_unique" class="gt_row gt_right" style="border-left-width: 0.1px; border-left-style: dashed; border-left-color: grey;">91</td>
<td headers="Top Counts" class="gt_row gt_right" style="border-left-width: 0.1px; border-left-style: dashed; border-left-color: grey;"> </td>
<td headers="Mean" class="gt_row gt_right" style="border-left-width: 0.1px; border-left-style: dashed; border-left-color: grey;">-1.49</td>
<td headers="Median" class="gt_row gt_right" style="border-left-width: 0.1px; border-left-style: dashed; border-left-color: grey;">-1.47</td>
<td headers="SD" class="gt_row gt_right" style="border-left-width: 0.1px; border-left-style: dashed; border-left-color: grey;">0.27</td>
<td headers="Min" class="gt_row gt_right" style="border-left-width: 0.1px; border-left-style: dashed; border-left-color: grey;">-2.15</td>
<td headers="Max" class="gt_row gt_right" style="border-left-width: 0.1px; border-left-style: dashed; border-left-color: grey;">-0.62</td>
<td headers="Histogram" class="gt_row gt_left" style="border-left-width: 0.1px; border-left-style: dashed; border-left-color: grey;">▂▇▇▂▁</td></tr>
    <tr><td headers="Variable" class="gt_row gt_left" style="border-left-width: 0.1px; border-left-style: dashed; border-left-color: grey;">Lipoprotein_a</td>
<td headers="Label" class="gt_row gt_right" style="border-left-width: 0.1px; border-left-style: dashed; border-left-color: grey;"></td>
<td headers="Type" class="gt_row gt_left" style="border-left-width: 0.1px; border-left-style: dashed; border-left-color: grey;">numeric</td>
<td headers="Ordered Factor" class="gt_row gt_right" style="border-left-width: 0.1px; border-left-style: dashed; border-left-color: grey;"> </td>
<td headers="n_missing" class="gt_row gt_right" style="border-left-width: 0.1px; border-left-style: dashed; border-left-color: grey;">0</td>
<td headers="complete_rate" class="gt_row gt_right" style="border-left-width: 0.1px; border-left-style: dashed; border-left-color: grey;">1</td>
<td headers="n_unique" class="gt_row gt_right" style="border-left-width: 0.1px; border-left-style: dashed; border-left-color: grey;">138</td>
<td headers="Top Counts" class="gt_row gt_right" style="border-left-width: 0.1px; border-left-style: dashed; border-left-color: grey;"> </td>
<td headers="Mean" class="gt_row gt_right" style="border-left-width: 0.1px; border-left-style: dashed; border-left-color: grey;">-4.44</td>
<td headers="Median" class="gt_row gt_right" style="border-left-width: 0.1px; border-left-style: dashed; border-left-color: grey;">-4.63</td>
<td headers="SD" class="gt_row gt_right" style="border-left-width: 0.1px; border-left-style: dashed; border-left-color: grey;">1.07</td>
<td headers="Min" class="gt_row gt_right" style="border-left-width: 0.1px; border-left-style: dashed; border-left-color: grey;">-6.81</td>
<td headers="Max" class="gt_row gt_right" style="border-left-width: 0.1px; border-left-style: dashed; border-left-color: grey;">-1.39</td>
<td headers="Histogram" class="gt_row gt_left" style="border-left-width: 0.1px; border-left-style: dashed; border-left-color: grey;">▂▇▅▅▁</td></tr>
    <tr><td headers="Variable" class="gt_row gt_left" style="border-left-width: 0.1px; border-left-style: dashed; border-left-color: grey;">MCP_1</td>
<td headers="Label" class="gt_row gt_right" style="border-left-width: 0.1px; border-left-style: dashed; border-left-color: grey;"></td>
<td headers="Type" class="gt_row gt_left" style="border-left-width: 0.1px; border-left-style: dashed; border-left-color: grey;">numeric</td>
<td headers="Ordered Factor" class="gt_row gt_right" style="border-left-width: 0.1px; border-left-style: dashed; border-left-color: grey;"> </td>
<td headers="n_missing" class="gt_row gt_right" style="border-left-width: 0.1px; border-left-style: dashed; border-left-color: grey;">0</td>
<td headers="complete_rate" class="gt_row gt_right" style="border-left-width: 0.1px; border-left-style: dashed; border-left-color: grey;">1</td>
<td headers="n_unique" class="gt_row gt_right" style="border-left-width: 0.1px; border-left-style: dashed; border-left-color: grey;">258</td>
<td headers="Top Counts" class="gt_row gt_right" style="border-left-width: 0.1px; border-left-style: dashed; border-left-color: grey;"> </td>
<td headers="Mean" class="gt_row gt_right" style="border-left-width: 0.1px; border-left-style: dashed; border-left-color: grey;">6.49</td>
<td headers="Median" class="gt_row gt_right" style="border-left-width: 0.1px; border-left-style: dashed; border-left-color: grey;">6.49</td>
<td headers="SD" class="gt_row gt_right" style="border-left-width: 0.1px; border-left-style: dashed; border-left-color: grey;">0.26</td>
<td headers="Min" class="gt_row gt_right" style="border-left-width: 0.1px; border-left-style: dashed; border-left-color: grey;">5.83</td>
<td headers="Max" class="gt_row gt_right" style="border-left-width: 0.1px; border-left-style: dashed; border-left-color: grey;">7.23</td>
<td headers="Histogram" class="gt_row gt_left" style="border-left-width: 0.1px; border-left-style: dashed; border-left-color: grey;">▂▅▇▅▁</td></tr>
    <tr><td headers="Variable" class="gt_row gt_left" style="border-left-width: 0.1px; border-left-style: dashed; border-left-color: grey;">MCP_2</td>
<td headers="Label" class="gt_row gt_right" style="border-left-width: 0.1px; border-left-style: dashed; border-left-color: grey;"></td>
<td headers="Type" class="gt_row gt_left" style="border-left-width: 0.1px; border-left-style: dashed; border-left-color: grey;">numeric</td>
<td headers="Ordered Factor" class="gt_row gt_right" style="border-left-width: 0.1px; border-left-style: dashed; border-left-color: grey;"> </td>
<td headers="n_missing" class="gt_row gt_right" style="border-left-width: 0.1px; border-left-style: dashed; border-left-color: grey;">0</td>
<td headers="complete_rate" class="gt_row gt_right" style="border-left-width: 0.1px; border-left-style: dashed; border-left-color: grey;">1</td>
<td headers="n_unique" class="gt_row gt_right" style="border-left-width: 0.1px; border-left-style: dashed; border-left-color: grey;">43</td>
<td headers="Top Counts" class="gt_row gt_right" style="border-left-width: 0.1px; border-left-style: dashed; border-left-color: grey;"> </td>
<td headers="Mean" class="gt_row gt_right" style="border-left-width: 0.1px; border-left-style: dashed; border-left-color: grey;">1.86</td>
<td headers="Median" class="gt_row gt_right" style="border-left-width: 0.1px; border-left-style: dashed; border-left-color: grey;">1.85</td>
<td headers="SD" class="gt_row gt_right" style="border-left-width: 0.1px; border-left-style: dashed; border-left-color: grey;">0.64</td>
<td headers="Min" class="gt_row gt_right" style="border-left-width: 0.1px; border-left-style: dashed; border-left-color: grey;">0.4</td>
<td headers="Max" class="gt_row gt_right" style="border-left-width: 0.1px; border-left-style: dashed; border-left-color: grey;">4.02</td>
<td headers="Histogram" class="gt_row gt_left" style="border-left-width: 0.1px; border-left-style: dashed; border-left-color: grey;">▂▆▇▂▁</td></tr>
    <tr><td headers="Variable" class="gt_row gt_left" style="border-left-width: 0.1px; border-left-style: dashed; border-left-color: grey;">MIF</td>
<td headers="Label" class="gt_row gt_right" style="border-left-width: 0.1px; border-left-style: dashed; border-left-color: grey;"></td>
<td headers="Type" class="gt_row gt_left" style="border-left-width: 0.1px; border-left-style: dashed; border-left-color: grey;">numeric</td>
<td headers="Ordered Factor" class="gt_row gt_right" style="border-left-width: 0.1px; border-left-style: dashed; border-left-color: grey;"> </td>
<td headers="n_missing" class="gt_row gt_right" style="border-left-width: 0.1px; border-left-style: dashed; border-left-color: grey;">0</td>
<td headers="complete_rate" class="gt_row gt_right" style="border-left-width: 0.1px; border-left-style: dashed; border-left-color: grey;">1</td>
<td headers="n_unique" class="gt_row gt_right" style="border-left-width: 0.1px; border-left-style: dashed; border-left-color: grey;">47</td>
<td headers="Top Counts" class="gt_row gt_right" style="border-left-width: 0.1px; border-left-style: dashed; border-left-color: grey;"> </td>
<td headers="Mean" class="gt_row gt_right" style="border-left-width: 0.1px; border-left-style: dashed; border-left-color: grey;">-1.88</td>
<td headers="Median" class="gt_row gt_right" style="border-left-width: 0.1px; border-left-style: dashed; border-left-color: grey;">-1.9</td>
<td headers="SD" class="gt_row gt_right" style="border-left-width: 0.1px; border-left-style: dashed; border-left-color: grey;">0.33</td>
<td headers="Min" class="gt_row gt_right" style="border-left-width: 0.1px; border-left-style: dashed; border-left-color: grey;">-2.85</td>
<td headers="Max" class="gt_row gt_right" style="border-left-width: 0.1px; border-left-style: dashed; border-left-color: grey;">-0.84</td>
<td headers="Histogram" class="gt_row gt_left" style="border-left-width: 0.1px; border-left-style: dashed; border-left-color: grey;">▁▃▇▃▁</td></tr>
    <tr><td headers="Variable" class="gt_row gt_left" style="border-left-width: 0.1px; border-left-style: dashed; border-left-color: grey;">MIP_1alpha</td>
<td headers="Label" class="gt_row gt_right" style="border-left-width: 0.1px; border-left-style: dashed; border-left-color: grey;"></td>
<td headers="Type" class="gt_row gt_left" style="border-left-width: 0.1px; border-left-style: dashed; border-left-color: grey;">numeric</td>
<td headers="Ordered Factor" class="gt_row gt_right" style="border-left-width: 0.1px; border-left-style: dashed; border-left-color: grey;"> </td>
<td headers="n_missing" class="gt_row gt_right" style="border-left-width: 0.1px; border-left-style: dashed; border-left-color: grey;">0</td>
<td headers="complete_rate" class="gt_row gt_right" style="border-left-width: 0.1px; border-left-style: dashed; border-left-color: grey;">1</td>
<td headers="n_unique" class="gt_row gt_right" style="border-left-width: 0.1px; border-left-style: dashed; border-left-color: grey;">53</td>
<td headers="Top Counts" class="gt_row gt_right" style="border-left-width: 0.1px; border-left-style: dashed; border-left-color: grey;"> </td>
<td headers="Mean" class="gt_row gt_right" style="border-left-width: 0.1px; border-left-style: dashed; border-left-color: grey;">4.02</td>
<td headers="Median" class="gt_row gt_right" style="border-left-width: 0.1px; border-left-style: dashed; border-left-color: grey;">3.96</td>
<td headers="SD" class="gt_row gt_right" style="border-left-width: 0.1px; border-left-style: dashed; border-left-color: grey;">1.01</td>
<td headers="Min" class="gt_row gt_right" style="border-left-width: 0.1px; border-left-style: dashed; border-left-color: grey;">0.93</td>
<td headers="Max" class="gt_row gt_right" style="border-left-width: 0.1px; border-left-style: dashed; border-left-color: grey;">6.8</td>
<td headers="Histogram" class="gt_row gt_left" style="border-left-width: 0.1px; border-left-style: dashed; border-left-color: grey;">▁▅▇▅▂</td></tr>
    <tr><td headers="Variable" class="gt_row gt_left" style="border-left-width: 0.1px; border-left-style: dashed; border-left-color: grey;">MIP_1beta</td>
<td headers="Label" class="gt_row gt_right" style="border-left-width: 0.1px; border-left-style: dashed; border-left-color: grey;"></td>
<td headers="Type" class="gt_row gt_left" style="border-left-width: 0.1px; border-left-style: dashed; border-left-color: grey;">numeric</td>
<td headers="Ordered Factor" class="gt_row gt_right" style="border-left-width: 0.1px; border-left-style: dashed; border-left-color: grey;"> </td>
<td headers="n_missing" class="gt_row gt_right" style="border-left-width: 0.1px; border-left-style: dashed; border-left-color: grey;">0</td>
<td headers="complete_rate" class="gt_row gt_right" style="border-left-width: 0.1px; border-left-style: dashed; border-left-color: grey;">1</td>
<td headers="n_unique" class="gt_row gt_right" style="border-left-width: 0.1px; border-left-style: dashed; border-left-color: grey;">53</td>
<td headers="Top Counts" class="gt_row gt_right" style="border-left-width: 0.1px; border-left-style: dashed; border-left-color: grey;"> </td>
<td headers="Mean" class="gt_row gt_right" style="border-left-width: 0.1px; border-left-style: dashed; border-left-color: grey;">2.81</td>
<td headers="Median" class="gt_row gt_right" style="border-left-width: 0.1px; border-left-style: dashed; border-left-color: grey;">2.83</td>
<td headers="SD" class="gt_row gt_right" style="border-left-width: 0.1px; border-left-style: dashed; border-left-color: grey;">0.38</td>
<td headers="Min" class="gt_row gt_right" style="border-left-width: 0.1px; border-left-style: dashed; border-left-color: grey;">1.92</td>
<td headers="Max" class="gt_row gt_right" style="border-left-width: 0.1px; border-left-style: dashed; border-left-color: grey;">4.01</td>
<td headers="Histogram" class="gt_row gt_left" style="border-left-width: 0.1px; border-left-style: dashed; border-left-color: grey;">▂▆▇▃▁</td></tr>
    <tr><td headers="Variable" class="gt_row gt_left" style="border-left-width: 0.1px; border-left-style: dashed; border-left-color: grey;">MMP_2</td>
<td headers="Label" class="gt_row gt_right" style="border-left-width: 0.1px; border-left-style: dashed; border-left-color: grey;"></td>
<td headers="Type" class="gt_row gt_left" style="border-left-width: 0.1px; border-left-style: dashed; border-left-color: grey;">numeric</td>
<td headers="Ordered Factor" class="gt_row gt_right" style="border-left-width: 0.1px; border-left-style: dashed; border-left-color: grey;"> </td>
<td headers="n_missing" class="gt_row gt_right" style="border-left-width: 0.1px; border-left-style: dashed; border-left-color: grey;">0</td>
<td headers="complete_rate" class="gt_row gt_right" style="border-left-width: 0.1px; border-left-style: dashed; border-left-color: grey;">1</td>
<td headers="n_unique" class="gt_row gt_right" style="border-left-width: 0.1px; border-left-style: dashed; border-left-color: grey;">50</td>
<td headers="Top Counts" class="gt_row gt_right" style="border-left-width: 0.1px; border-left-style: dashed; border-left-color: grey;"> </td>
<td headers="Mean" class="gt_row gt_right" style="border-left-width: 0.1px; border-left-style: dashed; border-left-color: grey;">2.91</td>
<td headers="Median" class="gt_row gt_right" style="border-left-width: 0.1px; border-left-style: dashed; border-left-color: grey;">2.97</td>
<td headers="SD" class="gt_row gt_right" style="border-left-width: 0.1px; border-left-style: dashed; border-left-color: grey;">0.94</td>
<td headers="Min" class="gt_row gt_right" style="border-left-width: 0.1px; border-left-style: dashed; border-left-color: grey;">0.1</td>
<td headers="Max" class="gt_row gt_right" style="border-left-width: 0.1px; border-left-style: dashed; border-left-color: grey;">6.1</td>
<td headers="Histogram" class="gt_row gt_left" style="border-left-width: 0.1px; border-left-style: dashed; border-left-color: grey;">▁▅▇▃▁</td></tr>
    <tr><td headers="Variable" class="gt_row gt_left" style="border-left-width: 0.1px; border-left-style: dashed; border-left-color: grey;">MMP_3</td>
<td headers="Label" class="gt_row gt_right" style="border-left-width: 0.1px; border-left-style: dashed; border-left-color: grey;"></td>
<td headers="Type" class="gt_row gt_left" style="border-left-width: 0.1px; border-left-style: dashed; border-left-color: grey;">numeric</td>
<td headers="Ordered Factor" class="gt_row gt_right" style="border-left-width: 0.1px; border-left-style: dashed; border-left-color: grey;"> </td>
<td headers="n_missing" class="gt_row gt_right" style="border-left-width: 0.1px; border-left-style: dashed; border-left-color: grey;">0</td>
<td headers="complete_rate" class="gt_row gt_right" style="border-left-width: 0.1px; border-left-style: dashed; border-left-color: grey;">1</td>
<td headers="n_unique" class="gt_row gt_right" style="border-left-width: 0.1px; border-left-style: dashed; border-left-color: grey;">83</td>
<td headers="Top Counts" class="gt_row gt_right" style="border-left-width: 0.1px; border-left-style: dashed; border-left-color: grey;"> </td>
<td headers="Mean" class="gt_row gt_right" style="border-left-width: 0.1px; border-left-style: dashed; border-left-color: grey;">-2.45</td>
<td headers="Median" class="gt_row gt_right" style="border-left-width: 0.1px; border-left-style: dashed; border-left-color: grey;">-2.48</td>
<td headers="SD" class="gt_row gt_right" style="border-left-width: 0.1px; border-left-style: dashed; border-left-color: grey;">0.58</td>
<td headers="Min" class="gt_row gt_right" style="border-left-width: 0.1px; border-left-style: dashed; border-left-color: grey;">-4.42</td>
<td headers="Max" class="gt_row gt_right" style="border-left-width: 0.1px; border-left-style: dashed; border-left-color: grey;">-0.53</td>
<td headers="Histogram" class="gt_row gt_left" style="border-left-width: 0.1px; border-left-style: dashed; border-left-color: grey;">▁▂▇▃▁</td></tr>
    <tr><td headers="Variable" class="gt_row gt_left" style="border-left-width: 0.1px; border-left-style: dashed; border-left-color: grey;">MMP10</td>
<td headers="Label" class="gt_row gt_right" style="border-left-width: 0.1px; border-left-style: dashed; border-left-color: grey;"></td>
<td headers="Type" class="gt_row gt_left" style="border-left-width: 0.1px; border-left-style: dashed; border-left-color: grey;">numeric</td>
<td headers="Ordered Factor" class="gt_row gt_right" style="border-left-width: 0.1px; border-left-style: dashed; border-left-color: grey;"> </td>
<td headers="n_missing" class="gt_row gt_right" style="border-left-width: 0.1px; border-left-style: dashed; border-left-color: grey;">0</td>
<td headers="complete_rate" class="gt_row gt_right" style="border-left-width: 0.1px; border-left-style: dashed; border-left-color: grey;">1</td>
<td headers="n_unique" class="gt_row gt_right" style="border-left-width: 0.1px; border-left-style: dashed; border-left-color: grey;">58</td>
<td headers="Top Counts" class="gt_row gt_right" style="border-left-width: 0.1px; border-left-style: dashed; border-left-color: grey;"> </td>
<td headers="Mean" class="gt_row gt_right" style="border-left-width: 0.1px; border-left-style: dashed; border-left-color: grey;">-3.64</td>
<td headers="Median" class="gt_row gt_right" style="border-left-width: 0.1px; border-left-style: dashed; border-left-color: grey;">-3.61</td>
<td headers="SD" class="gt_row gt_right" style="border-left-width: 0.1px; border-left-style: dashed; border-left-color: grey;">0.43</td>
<td headers="Min" class="gt_row gt_right" style="border-left-width: 0.1px; border-left-style: dashed; border-left-color: grey;">-4.95</td>
<td headers="Max" class="gt_row gt_right" style="border-left-width: 0.1px; border-left-style: dashed; border-left-color: grey;">-2.21</td>
<td headers="Histogram" class="gt_row gt_left" style="border-left-width: 0.1px; border-left-style: dashed; border-left-color: grey;">▁▆▇▃▁</td></tr>
    <tr><td headers="Variable" class="gt_row gt_left" style="border-left-width: 0.1px; border-left-style: dashed; border-left-color: grey;">MMP7</td>
<td headers="Label" class="gt_row gt_right" style="border-left-width: 0.1px; border-left-style: dashed; border-left-color: grey;"></td>
<td headers="Type" class="gt_row gt_left" style="border-left-width: 0.1px; border-left-style: dashed; border-left-color: grey;">numeric</td>
<td headers="Ordered Factor" class="gt_row gt_right" style="border-left-width: 0.1px; border-left-style: dashed; border-left-color: grey;"> </td>
<td headers="n_missing" class="gt_row gt_right" style="border-left-width: 0.1px; border-left-style: dashed; border-left-color: grey;">0</td>
<td headers="complete_rate" class="gt_row gt_right" style="border-left-width: 0.1px; border-left-style: dashed; border-left-color: grey;">1</td>
<td headers="n_unique" class="gt_row gt_right" style="border-left-width: 0.1px; border-left-style: dashed; border-left-color: grey;">95</td>
<td headers="Top Counts" class="gt_row gt_right" style="border-left-width: 0.1px; border-left-style: dashed; border-left-color: grey;"> </td>
<td headers="Mean" class="gt_row gt_right" style="border-left-width: 0.1px; border-left-style: dashed; border-left-color: grey;">-3.83</td>
<td headers="Median" class="gt_row gt_right" style="border-left-width: 0.1px; border-left-style: dashed; border-left-color: grey;">-3.77</td>
<td headers="SD" class="gt_row gt_right" style="border-left-width: 0.1px; border-left-style: dashed; border-left-color: grey;">1.55</td>
<td headers="Min" class="gt_row gt_right" style="border-left-width: 0.1px; border-left-style: dashed; border-left-color: grey;">-8.4</td>
<td headers="Max" class="gt_row gt_right" style="border-left-width: 0.1px; border-left-style: dashed; border-left-color: grey;">-0.2</td>
<td headers="Histogram" class="gt_row gt_left" style="border-left-width: 0.1px; border-left-style: dashed; border-left-color: grey;">▁▃▇▅▂</td></tr>
    <tr><td headers="Variable" class="gt_row gt_left" style="border-left-width: 0.1px; border-left-style: dashed; border-left-color: grey;">Myoglobin</td>
<td headers="Label" class="gt_row gt_right" style="border-left-width: 0.1px; border-left-style: dashed; border-left-color: grey;"></td>
<td headers="Type" class="gt_row gt_left" style="border-left-width: 0.1px; border-left-style: dashed; border-left-color: grey;">numeric</td>
<td headers="Ordered Factor" class="gt_row gt_right" style="border-left-width: 0.1px; border-left-style: dashed; border-left-color: grey;"> </td>
<td headers="n_missing" class="gt_row gt_right" style="border-left-width: 0.1px; border-left-style: dashed; border-left-color: grey;">0</td>
<td headers="complete_rate" class="gt_row gt_right" style="border-left-width: 0.1px; border-left-style: dashed; border-left-color: grey;">1</td>
<td headers="n_unique" class="gt_row gt_right" style="border-left-width: 0.1px; border-left-style: dashed; border-left-color: grey;">129</td>
<td headers="Top Counts" class="gt_row gt_right" style="border-left-width: 0.1px; border-left-style: dashed; border-left-color: grey;"> </td>
<td headers="Mean" class="gt_row gt_right" style="border-left-width: 0.1px; border-left-style: dashed; border-left-color: grey;">-1.38</td>
<td headers="Median" class="gt_row gt_right" style="border-left-width: 0.1px; border-left-style: dashed; border-left-color: grey;">-1.47</td>
<td headers="SD" class="gt_row gt_right" style="border-left-width: 0.1px; border-left-style: dashed; border-left-color: grey;">0.94</td>
<td headers="Min" class="gt_row gt_right" style="border-left-width: 0.1px; border-left-style: dashed; border-left-color: grey;">-3.3</td>
<td headers="Max" class="gt_row gt_right" style="border-left-width: 0.1px; border-left-style: dashed; border-left-color: grey;">1.77</td>
<td headers="Histogram" class="gt_row gt_left" style="border-left-width: 0.1px; border-left-style: dashed; border-left-color: grey;">▃▇▆▂▁</td></tr>
    <tr><td headers="Variable" class="gt_row gt_left" style="border-left-width: 0.1px; border-left-style: dashed; border-left-color: grey;">NT_proBNP</td>
<td headers="Label" class="gt_row gt_right" style="border-left-width: 0.1px; border-left-style: dashed; border-left-color: grey;"></td>
<td headers="Type" class="gt_row gt_left" style="border-left-width: 0.1px; border-left-style: dashed; border-left-color: grey;">numeric</td>
<td headers="Ordered Factor" class="gt_row gt_right" style="border-left-width: 0.1px; border-left-style: dashed; border-left-color: grey;"> </td>
<td headers="n_missing" class="gt_row gt_right" style="border-left-width: 0.1px; border-left-style: dashed; border-left-color: grey;">100</td>
<td headers="complete_rate" class="gt_row gt_right" style="border-left-width: 0.1px; border-left-style: dashed; border-left-color: grey;">0.7</td>
<td headers="n_unique" class="gt_row gt_right" style="border-left-width: 0.1px; border-left-style: dashed; border-left-color: grey;">114</td>
<td headers="Top Counts" class="gt_row gt_right" style="border-left-width: 0.1px; border-left-style: dashed; border-left-color: grey;"> </td>
<td headers="Mean" class="gt_row gt_right" style="border-left-width: 0.1px; border-left-style: dashed; border-left-color: grey;">4.53</td>
<td headers="Median" class="gt_row gt_right" style="border-left-width: 0.1px; border-left-style: dashed; border-left-color: grey;">4.54</td>
<td headers="SD" class="gt_row gt_right" style="border-left-width: 0.1px; border-left-style: dashed; border-left-color: grey;">0.37</td>
<td headers="Min" class="gt_row gt_right" style="border-left-width: 0.1px; border-left-style: dashed; border-left-color: grey;">3.18</td>
<td headers="Max" class="gt_row gt_right" style="border-left-width: 0.1px; border-left-style: dashed; border-left-color: grey;">5.89</td>
<td headers="Histogram" class="gt_row gt_left" style="border-left-width: 0.1px; border-left-style: dashed; border-left-color: grey;">▁▂▇▃▁</td></tr>
    <tr><td headers="Variable" class="gt_row gt_left" style="border-left-width: 0.1px; border-left-style: dashed; border-left-color: grey;">NrCAM</td>
<td headers="Label" class="gt_row gt_right" style="border-left-width: 0.1px; border-left-style: dashed; border-left-color: grey;"></td>
<td headers="Type" class="gt_row gt_left" style="border-left-width: 0.1px; border-left-style: dashed; border-left-color: grey;">numeric</td>
<td headers="Ordered Factor" class="gt_row gt_right" style="border-left-width: 0.1px; border-left-style: dashed; border-left-color: grey;"> </td>
<td headers="n_missing" class="gt_row gt_right" style="border-left-width: 0.1px; border-left-style: dashed; border-left-color: grey;">100</td>
<td headers="complete_rate" class="gt_row gt_right" style="border-left-width: 0.1px; border-left-style: dashed; border-left-color: grey;">0.7</td>
<td headers="n_unique" class="gt_row gt_right" style="border-left-width: 0.1px; border-left-style: dashed; border-left-color: grey;">120</td>
<td headers="Top Counts" class="gt_row gt_right" style="border-left-width: 0.1px; border-left-style: dashed; border-left-color: grey;"> </td>
<td headers="Mean" class="gt_row gt_right" style="border-left-width: 0.1px; border-left-style: dashed; border-left-color: grey;">4.37</td>
<td headers="Median" class="gt_row gt_right" style="border-left-width: 0.1px; border-left-style: dashed; border-left-color: grey;">4.38</td>
<td headers="SD" class="gt_row gt_right" style="border-left-width: 0.1px; border-left-style: dashed; border-left-color: grey;">0.55</td>
<td headers="Min" class="gt_row gt_right" style="border-left-width: 0.1px; border-left-style: dashed; border-left-color: grey;">2.83</td>
<td headers="Max" class="gt_row gt_right" style="border-left-width: 0.1px; border-left-style: dashed; border-left-color: grey;">6.01</td>
<td headers="Histogram" class="gt_row gt_left" style="border-left-width: 0.1px; border-left-style: dashed; border-left-color: grey;">▁▅▇▃▁</td></tr>
    <tr><td headers="Variable" class="gt_row gt_left" style="border-left-width: 0.1px; border-left-style: dashed; border-left-color: grey;">Osteopontin</td>
<td headers="Label" class="gt_row gt_right" style="border-left-width: 0.1px; border-left-style: dashed; border-left-color: grey;"></td>
<td headers="Type" class="gt_row gt_left" style="border-left-width: 0.1px; border-left-style: dashed; border-left-color: grey;">numeric</td>
<td headers="Ordered Factor" class="gt_row gt_right" style="border-left-width: 0.1px; border-left-style: dashed; border-left-color: grey;"> </td>
<td headers="n_missing" class="gt_row gt_right" style="border-left-width: 0.1px; border-left-style: dashed; border-left-color: grey;">0</td>
<td headers="complete_rate" class="gt_row gt_right" style="border-left-width: 0.1px; border-left-style: dashed; border-left-color: grey;">1</td>
<td headers="n_unique" class="gt_row gt_right" style="border-left-width: 0.1px; border-left-style: dashed; border-left-color: grey;">186</td>
<td headers="Top Counts" class="gt_row gt_right" style="border-left-width: 0.1px; border-left-style: dashed; border-left-color: grey;"> </td>
<td headers="Mean" class="gt_row gt_right" style="border-left-width: 0.1px; border-left-style: dashed; border-left-color: grey;">5.2</td>
<td headers="Median" class="gt_row gt_right" style="border-left-width: 0.1px; border-left-style: dashed; border-left-color: grey;">5.19</td>
<td headers="SD" class="gt_row gt_right" style="border-left-width: 0.1px; border-left-style: dashed; border-left-color: grey;">0.39</td>
<td headers="Min" class="gt_row gt_right" style="border-left-width: 0.1px; border-left-style: dashed; border-left-color: grey;">4.08</td>
<td headers="Max" class="gt_row gt_right" style="border-left-width: 0.1px; border-left-style: dashed; border-left-color: grey;">6.32</td>
<td headers="Histogram" class="gt_row gt_left" style="border-left-width: 0.1px; border-left-style: dashed; border-left-color: grey;">▁▅▇▃▁</td></tr>
    <tr><td headers="Variable" class="gt_row gt_left" style="border-left-width: 0.1px; border-left-style: dashed; border-left-color: grey;">PAI_1</td>
<td headers="Label" class="gt_row gt_right" style="border-left-width: 0.1px; border-left-style: dashed; border-left-color: grey;"></td>
<td headers="Type" class="gt_row gt_left" style="border-left-width: 0.1px; border-left-style: dashed; border-left-color: grey;">numeric</td>
<td headers="Ordered Factor" class="gt_row gt_right" style="border-left-width: 0.1px; border-left-style: dashed; border-left-color: grey;"> </td>
<td headers="n_missing" class="gt_row gt_right" style="border-left-width: 0.1px; border-left-style: dashed; border-left-color: grey;">0</td>
<td headers="complete_rate" class="gt_row gt_right" style="border-left-width: 0.1px; border-left-style: dashed; border-left-color: grey;">1</td>
<td headers="n_unique" class="gt_row gt_right" style="border-left-width: 0.1px; border-left-style: dashed; border-left-color: grey;">75</td>
<td headers="Top Counts" class="gt_row gt_right" style="border-left-width: 0.1px; border-left-style: dashed; border-left-color: grey;"> </td>
<td headers="Mean" class="gt_row gt_right" style="border-left-width: 0.1px; border-left-style: dashed; border-left-color: grey;">0.06</td>
<td headers="Median" class="gt_row gt_right" style="border-left-width: 0.1px; border-left-style: dashed; border-left-color: grey;">0.09</td>
<td headers="SD" class="gt_row gt_right" style="border-left-width: 0.1px; border-left-style: dashed; border-left-color: grey;">0.42</td>
<td headers="Min" class="gt_row gt_right" style="border-left-width: 0.1px; border-left-style: dashed; border-left-color: grey;">-0.99</td>
<td headers="Max" class="gt_row gt_right" style="border-left-width: 0.1px; border-left-style: dashed; border-left-color: grey;">1.17</td>
<td headers="Histogram" class="gt_row gt_left" style="border-left-width: 0.1px; border-left-style: dashed; border-left-color: grey;">▂▅▇▅▁</td></tr>
    <tr><td headers="Variable" class="gt_row gt_left" style="border-left-width: 0.1px; border-left-style: dashed; border-left-color: grey;">PAPP_A</td>
<td headers="Label" class="gt_row gt_right" style="border-left-width: 0.1px; border-left-style: dashed; border-left-color: grey;"></td>
<td headers="Type" class="gt_row gt_left" style="border-left-width: 0.1px; border-left-style: dashed; border-left-color: grey;">numeric</td>
<td headers="Ordered Factor" class="gt_row gt_right" style="border-left-width: 0.1px; border-left-style: dashed; border-left-color: grey;"> </td>
<td headers="n_missing" class="gt_row gt_right" style="border-left-width: 0.1px; border-left-style: dashed; border-left-color: grey;">0</td>
<td headers="complete_rate" class="gt_row gt_right" style="border-left-width: 0.1px; border-left-style: dashed; border-left-color: grey;">1</td>
<td headers="n_unique" class="gt_row gt_right" style="border-left-width: 0.1px; border-left-style: dashed; border-left-color: grey;">36</td>
<td headers="Top Counts" class="gt_row gt_right" style="border-left-width: 0.1px; border-left-style: dashed; border-left-color: grey;"> </td>
<td headers="Mean" class="gt_row gt_right" style="border-left-width: 0.1px; border-left-style: dashed; border-left-color: grey;">-2.85</td>
<td headers="Median" class="gt_row gt_right" style="border-left-width: 0.1px; border-left-style: dashed; border-left-color: grey;">-2.87</td>
<td headers="SD" class="gt_row gt_right" style="border-left-width: 0.1px; border-left-style: dashed; border-left-color: grey;">0.14</td>
<td headers="Min" class="gt_row gt_right" style="border-left-width: 0.1px; border-left-style: dashed; border-left-color: grey;">-3.31</td>
<td headers="Max" class="gt_row gt_right" style="border-left-width: 0.1px; border-left-style: dashed; border-left-color: grey;">-2.49</td>
<td headers="Histogram" class="gt_row gt_left" style="border-left-width: 0.1px; border-left-style: dashed; border-left-color: grey;">▁▂▇▆▂</td></tr>
    <tr><td headers="Variable" class="gt_row gt_left" style="border-left-width: 0.1px; border-left-style: dashed; border-left-color: grey;">PLGF</td>
<td headers="Label" class="gt_row gt_right" style="border-left-width: 0.1px; border-left-style: dashed; border-left-color: grey;"></td>
<td headers="Type" class="gt_row gt_left" style="border-left-width: 0.1px; border-left-style: dashed; border-left-color: grey;">numeric</td>
<td headers="Ordered Factor" class="gt_row gt_right" style="border-left-width: 0.1px; border-left-style: dashed; border-left-color: grey;"> </td>
<td headers="n_missing" class="gt_row gt_right" style="border-left-width: 0.1px; border-left-style: dashed; border-left-color: grey;">0</td>
<td headers="complete_rate" class="gt_row gt_right" style="border-left-width: 0.1px; border-left-style: dashed; border-left-color: grey;">1</td>
<td headers="n_unique" class="gt_row gt_right" style="border-left-width: 0.1px; border-left-style: dashed; border-left-color: grey;">91</td>
<td headers="Top Counts" class="gt_row gt_right" style="border-left-width: 0.1px; border-left-style: dashed; border-left-color: grey;"> </td>
<td headers="Mean" class="gt_row gt_right" style="border-left-width: 0.1px; border-left-style: dashed; border-left-color: grey;">3.91</td>
<td headers="Median" class="gt_row gt_right" style="border-left-width: 0.1px; border-left-style: dashed; border-left-color: grey;">3.87</td>
<td headers="SD" class="gt_row gt_right" style="border-left-width: 0.1px; border-left-style: dashed; border-left-color: grey;">0.4</td>
<td headers="Min" class="gt_row gt_right" style="border-left-width: 0.1px; border-left-style: dashed; border-left-color: grey;">2.48</td>
<td headers="Max" class="gt_row gt_right" style="border-left-width: 0.1px; border-left-style: dashed; border-left-color: grey;">5.17</td>
<td headers="Histogram" class="gt_row gt_left" style="border-left-width: 0.1px; border-left-style: dashed; border-left-color: grey;">▁▃▇▅▁</td></tr>
    <tr><td headers="Variable" class="gt_row gt_left" style="border-left-width: 0.1px; border-left-style: dashed; border-left-color: grey;">PYY</td>
<td headers="Label" class="gt_row gt_right" style="border-left-width: 0.1px; border-left-style: dashed; border-left-color: grey;"></td>
<td headers="Type" class="gt_row gt_left" style="border-left-width: 0.1px; border-left-style: dashed; border-left-color: grey;">numeric</td>
<td headers="Ordered Factor" class="gt_row gt_right" style="border-left-width: 0.1px; border-left-style: dashed; border-left-color: grey;"> </td>
<td headers="n_missing" class="gt_row gt_right" style="border-left-width: 0.1px; border-left-style: dashed; border-left-color: grey;">0</td>
<td headers="complete_rate" class="gt_row gt_right" style="border-left-width: 0.1px; border-left-style: dashed; border-left-color: grey;">1</td>
<td headers="n_unique" class="gt_row gt_right" style="border-left-width: 0.1px; border-left-style: dashed; border-left-color: grey;">35</td>
<td headers="Top Counts" class="gt_row gt_right" style="border-left-width: 0.1px; border-left-style: dashed; border-left-color: grey;"> </td>
<td headers="Mean" class="gt_row gt_right" style="border-left-width: 0.1px; border-left-style: dashed; border-left-color: grey;">3.01</td>
<td headers="Median" class="gt_row gt_right" style="border-left-width: 0.1px; border-left-style: dashed; border-left-color: grey;">3</td>
<td headers="SD" class="gt_row gt_right" style="border-left-width: 0.1px; border-left-style: dashed; border-left-color: grey;">0.29</td>
<td headers="Min" class="gt_row gt_right" style="border-left-width: 0.1px; border-left-style: dashed; border-left-color: grey;">2.19</td>
<td headers="Max" class="gt_row gt_right" style="border-left-width: 0.1px; border-left-style: dashed; border-left-color: grey;">3.93</td>
<td headers="Histogram" class="gt_row gt_left" style="border-left-width: 0.1px; border-left-style: dashed; border-left-color: grey;">▁▅▇▂▁</td></tr>
    <tr><td headers="Variable" class="gt_row gt_left" style="border-left-width: 0.1px; border-left-style: dashed; border-left-color: grey;">Pancreatic_polypeptide</td>
<td headers="Label" class="gt_row gt_right" style="border-left-width: 0.1px; border-left-style: dashed; border-left-color: grey;"></td>
<td headers="Type" class="gt_row gt_left" style="border-left-width: 0.1px; border-left-style: dashed; border-left-color: grey;">numeric</td>
<td headers="Ordered Factor" class="gt_row gt_right" style="border-left-width: 0.1px; border-left-style: dashed; border-left-color: grey;"> </td>
<td headers="n_missing" class="gt_row gt_right" style="border-left-width: 0.1px; border-left-style: dashed; border-left-color: grey;">0</td>
<td headers="complete_rate" class="gt_row gt_right" style="border-left-width: 0.1px; border-left-style: dashed; border-left-color: grey;">1</td>
<td headers="n_unique" class="gt_row gt_right" style="border-left-width: 0.1px; border-left-style: dashed; border-left-color: grey;">90</td>
<td headers="Top Counts" class="gt_row gt_right" style="border-left-width: 0.1px; border-left-style: dashed; border-left-color: grey;"> </td>
<td headers="Mean" class="gt_row gt_right" style="border-left-width: 0.1px; border-left-style: dashed; border-left-color: grey;">-0.01</td>
<td headers="Median" class="gt_row gt_right" style="border-left-width: 0.1px; border-left-style: dashed; border-left-color: grey;">-0.01</td>
<td headers="SD" class="gt_row gt_right" style="border-left-width: 0.1px; border-left-style: dashed; border-left-color: grey;">0.72</td>
<td headers="Min" class="gt_row gt_right" style="border-left-width: 0.1px; border-left-style: dashed; border-left-color: grey;">-2.12</td>
<td headers="Max" class="gt_row gt_right" style="border-left-width: 0.1px; border-left-style: dashed; border-left-color: grey;">1.93</td>
<td headers="Histogram" class="gt_row gt_left" style="border-left-width: 0.1px; border-left-style: dashed; border-left-color: grey;">▁▅▇▆▁</td></tr>
    <tr><td headers="Variable" class="gt_row gt_left" style="border-left-width: 0.1px; border-left-style: dashed; border-left-color: grey;">Prolactin</td>
<td headers="Label" class="gt_row gt_right" style="border-left-width: 0.1px; border-left-style: dashed; border-left-color: grey;"></td>
<td headers="Type" class="gt_row gt_left" style="border-left-width: 0.1px; border-left-style: dashed; border-left-color: grey;">numeric</td>
<td headers="Ordered Factor" class="gt_row gt_right" style="border-left-width: 0.1px; border-left-style: dashed; border-left-color: grey;"> </td>
<td headers="n_missing" class="gt_row gt_right" style="border-left-width: 0.1px; border-left-style: dashed; border-left-color: grey;">0</td>
<td headers="complete_rate" class="gt_row gt_right" style="border-left-width: 0.1px; border-left-style: dashed; border-left-color: grey;">1</td>
<td headers="n_unique" class="gt_row gt_right" style="border-left-width: 0.1px; border-left-style: dashed; border-left-color: grey;">61</td>
<td headers="Top Counts" class="gt_row gt_right" style="border-left-width: 0.1px; border-left-style: dashed; border-left-color: grey;"> </td>
<td headers="Mean" class="gt_row gt_right" style="border-left-width: 0.1px; border-left-style: dashed; border-left-color: grey;">0.05</td>
<td headers="Median" class="gt_row gt_right" style="border-left-width: 0.1px; border-left-style: dashed; border-left-color: grey;">0</td>
<td headers="SD" class="gt_row gt_right" style="border-left-width: 0.1px; border-left-style: dashed; border-left-color: grey;">0.3</td>
<td headers="Min" class="gt_row gt_right" style="border-left-width: 0.1px; border-left-style: dashed; border-left-color: grey;">-1.31</td>
<td headers="Max" class="gt_row gt_right" style="border-left-width: 0.1px; border-left-style: dashed; border-left-color: grey;">0.99</td>
<td headers="Histogram" class="gt_row gt_left" style="border-left-width: 0.1px; border-left-style: dashed; border-left-color: grey;">▁▁▇▇▁</td></tr>
    <tr><td headers="Variable" class="gt_row gt_left" style="border-left-width: 0.1px; border-left-style: dashed; border-left-color: grey;">Prostatic_Acid_Phosphatase</td>
<td headers="Label" class="gt_row gt_right" style="border-left-width: 0.1px; border-left-style: dashed; border-left-color: grey;"></td>
<td headers="Type" class="gt_row gt_left" style="border-left-width: 0.1px; border-left-style: dashed; border-left-color: grey;">numeric</td>
<td headers="Ordered Factor" class="gt_row gt_right" style="border-left-width: 0.1px; border-left-style: dashed; border-left-color: grey;"> </td>
<td headers="n_missing" class="gt_row gt_right" style="border-left-width: 0.1px; border-left-style: dashed; border-left-color: grey;">0</td>
<td headers="complete_rate" class="gt_row gt_right" style="border-left-width: 0.1px; border-left-style: dashed; border-left-color: grey;">1</td>
<td headers="n_unique" class="gt_row gt_right" style="border-left-width: 0.1px; border-left-style: dashed; border-left-color: grey;">45</td>
<td headers="Top Counts" class="gt_row gt_right" style="border-left-width: 0.1px; border-left-style: dashed; border-left-color: grey;"> </td>
<td headers="Mean" class="gt_row gt_right" style="border-left-width: 0.1px; border-left-style: dashed; border-left-color: grey;">-1.69</td>
<td headers="Median" class="gt_row gt_right" style="border-left-width: 0.1px; border-left-style: dashed; border-left-color: grey;">-1.69</td>
<td headers="SD" class="gt_row gt_right" style="border-left-width: 0.1px; border-left-style: dashed; border-left-color: grey;">0.06</td>
<td headers="Min" class="gt_row gt_right" style="border-left-width: 0.1px; border-left-style: dashed; border-left-color: grey;">-1.93</td>
<td headers="Max" class="gt_row gt_right" style="border-left-width: 0.1px; border-left-style: dashed; border-left-color: grey;">-1.42</td>
<td headers="Histogram" class="gt_row gt_left" style="border-left-width: 0.1px; border-left-style: dashed; border-left-color: grey;">▁▂▇▂▁</td></tr>
    <tr><td headers="Variable" class="gt_row gt_left" style="border-left-width: 0.1px; border-left-style: dashed; border-left-color: grey;">Protein_S</td>
<td headers="Label" class="gt_row gt_right" style="border-left-width: 0.1px; border-left-style: dashed; border-left-color: grey;"></td>
<td headers="Type" class="gt_row gt_left" style="border-left-width: 0.1px; border-left-style: dashed; border-left-color: grey;">numeric</td>
<td headers="Ordered Factor" class="gt_row gt_right" style="border-left-width: 0.1px; border-left-style: dashed; border-left-color: grey;"> </td>
<td headers="n_missing" class="gt_row gt_right" style="border-left-width: 0.1px; border-left-style: dashed; border-left-color: grey;">0</td>
<td headers="complete_rate" class="gt_row gt_right" style="border-left-width: 0.1px; border-left-style: dashed; border-left-color: grey;">1</td>
<td headers="n_unique" class="gt_row gt_right" style="border-left-width: 0.1px; border-left-style: dashed; border-left-color: grey;">24</td>
<td headers="Top Counts" class="gt_row gt_right" style="border-left-width: 0.1px; border-left-style: dashed; border-left-color: grey;"> </td>
<td headers="Mean" class="gt_row gt_right" style="border-left-width: 0.1px; border-left-style: dashed; border-left-color: grey;">-2.25</td>
<td headers="Median" class="gt_row gt_right" style="border-left-width: 0.1px; border-left-style: dashed; border-left-color: grey;">-2.26</td>
<td headers="SD" class="gt_row gt_right" style="border-left-width: 0.1px; border-left-style: dashed; border-left-color: grey;">0.36</td>
<td headers="Min" class="gt_row gt_right" style="border-left-width: 0.1px; border-left-style: dashed; border-left-color: grey;">-3.34</td>
<td headers="Max" class="gt_row gt_right" style="border-left-width: 0.1px; border-left-style: dashed; border-left-color: grey;">-1.22</td>
<td headers="Histogram" class="gt_row gt_left" style="border-left-width: 0.1px; border-left-style: dashed; border-left-color: grey;">▁▃▇▃▁</td></tr>
    <tr><td headers="Variable" class="gt_row gt_left" style="border-left-width: 0.1px; border-left-style: dashed; border-left-color: grey;">Pulmonary_and_Activation_Regulat</td>
<td headers="Label" class="gt_row gt_right" style="border-left-width: 0.1px; border-left-style: dashed; border-left-color: grey;"></td>
<td headers="Type" class="gt_row gt_left" style="border-left-width: 0.1px; border-left-style: dashed; border-left-color: grey;">numeric</td>
<td headers="Ordered Factor" class="gt_row gt_right" style="border-left-width: 0.1px; border-left-style: dashed; border-left-color: grey;"> </td>
<td headers="n_missing" class="gt_row gt_right" style="border-left-width: 0.1px; border-left-style: dashed; border-left-color: grey;">100</td>
<td headers="complete_rate" class="gt_row gt_right" style="border-left-width: 0.1px; border-left-style: dashed; border-left-color: grey;">0.7</td>
<td headers="n_unique" class="gt_row gt_right" style="border-left-width: 0.1px; border-left-style: dashed; border-left-color: grey;">51</td>
<td headers="Top Counts" class="gt_row gt_right" style="border-left-width: 0.1px; border-left-style: dashed; border-left-color: grey;"> </td>
<td headers="Mean" class="gt_row gt_right" style="border-left-width: 0.1px; border-left-style: dashed; border-left-color: grey;">-1.54</td>
<td headers="Median" class="gt_row gt_right" style="border-left-width: 0.1px; border-left-style: dashed; border-left-color: grey;">-1.56</td>
<td headers="SD" class="gt_row gt_right" style="border-left-width: 0.1px; border-left-style: dashed; border-left-color: grey;">0.44</td>
<td headers="Min" class="gt_row gt_right" style="border-left-width: 0.1px; border-left-style: dashed; border-left-color: grey;">-2.51</td>
<td headers="Max" class="gt_row gt_right" style="border-left-width: 0.1px; border-left-style: dashed; border-left-color: grey;">-0.27</td>
<td headers="Histogram" class="gt_row gt_left" style="border-left-width: 0.1px; border-left-style: dashed; border-left-color: grey;">▂▇▇▃▁</td></tr>
    <tr><td headers="Variable" class="gt_row gt_left" style="border-left-width: 0.1px; border-left-style: dashed; border-left-color: grey;">RANTES</td>
<td headers="Label" class="gt_row gt_right" style="border-left-width: 0.1px; border-left-style: dashed; border-left-color: grey;"></td>
<td headers="Type" class="gt_row gt_left" style="border-left-width: 0.1px; border-left-style: dashed; border-left-color: grey;">numeric</td>
<td headers="Ordered Factor" class="gt_row gt_right" style="border-left-width: 0.1px; border-left-style: dashed; border-left-color: grey;"> </td>
<td headers="n_missing" class="gt_row gt_right" style="border-left-width: 0.1px; border-left-style: dashed; border-left-color: grey;">0</td>
<td headers="complete_rate" class="gt_row gt_right" style="border-left-width: 0.1px; border-left-style: dashed; border-left-color: grey;">1</td>
<td headers="n_unique" class="gt_row gt_right" style="border-left-width: 0.1px; border-left-style: dashed; border-left-color: grey;">44</td>
<td headers="Top Counts" class="gt_row gt_right" style="border-left-width: 0.1px; border-left-style: dashed; border-left-color: grey;"> </td>
<td headers="Mean" class="gt_row gt_right" style="border-left-width: 0.1px; border-left-style: dashed; border-left-color: grey;">-6.52</td>
<td headers="Median" class="gt_row gt_right" style="border-left-width: 0.1px; border-left-style: dashed; border-left-color: grey;">-6.5</td>
<td headers="SD" class="gt_row gt_right" style="border-left-width: 0.1px; border-left-style: dashed; border-left-color: grey;">0.32</td>
<td headers="Min" class="gt_row gt_right" style="border-left-width: 0.1px; border-left-style: dashed; border-left-color: grey;">-7.24</td>
<td headers="Max" class="gt_row gt_right" style="border-left-width: 0.1px; border-left-style: dashed; border-left-color: grey;">-5.55</td>
<td headers="Histogram" class="gt_row gt_left" style="border-left-width: 0.1px; border-left-style: dashed; border-left-color: grey;">▃▇▇▃▁</td></tr>
    <tr><td headers="Variable" class="gt_row gt_left" style="border-left-width: 0.1px; border-left-style: dashed; border-left-color: grey;">Resistin</td>
<td headers="Label" class="gt_row gt_right" style="border-left-width: 0.1px; border-left-style: dashed; border-left-color: grey;"></td>
<td headers="Type" class="gt_row gt_left" style="border-left-width: 0.1px; border-left-style: dashed; border-left-color: grey;">numeric</td>
<td headers="Ordered Factor" class="gt_row gt_right" style="border-left-width: 0.1px; border-left-style: dashed; border-left-color: grey;"> </td>
<td headers="n_missing" class="gt_row gt_right" style="border-left-width: 0.1px; border-left-style: dashed; border-left-color: grey;">0</td>
<td headers="complete_rate" class="gt_row gt_right" style="border-left-width: 0.1px; border-left-style: dashed; border-left-color: grey;">1</td>
<td headers="n_unique" class="gt_row gt_right" style="border-left-width: 0.1px; border-left-style: dashed; border-left-color: grey;">63</td>
<td headers="Top Counts" class="gt_row gt_right" style="border-left-width: 0.1px; border-left-style: dashed; border-left-color: grey;"> </td>
<td headers="Mean" class="gt_row gt_right" style="border-left-width: 0.1px; border-left-style: dashed; border-left-color: grey;">-17.76</td>
<td headers="Median" class="gt_row gt_right" style="border-left-width: 0.1px; border-left-style: dashed; border-left-color: grey;">-17.47</td>
<td headers="SD" class="gt_row gt_right" style="border-left-width: 0.1px; border-left-style: dashed; border-left-color: grey;">5.69</td>
<td headers="Min" class="gt_row gt_right" style="border-left-width: 0.1px; border-left-style: dashed; border-left-color: grey;">-34.97</td>
<td headers="Max" class="gt_row gt_right" style="border-left-width: 0.1px; border-left-style: dashed; border-left-color: grey;">-2.24</td>
<td headers="Histogram" class="gt_row gt_left" style="border-left-width: 0.1px; border-left-style: dashed; border-left-color: grey;">▁▃▇▆▁</td></tr>
    <tr><td headers="Variable" class="gt_row gt_left" style="border-left-width: 0.1px; border-left-style: dashed; border-left-color: grey;">S100b</td>
<td headers="Label" class="gt_row gt_right" style="border-left-width: 0.1px; border-left-style: dashed; border-left-color: grey;"></td>
<td headers="Type" class="gt_row gt_left" style="border-left-width: 0.1px; border-left-style: dashed; border-left-color: grey;">numeric</td>
<td headers="Ordered Factor" class="gt_row gt_right" style="border-left-width: 0.1px; border-left-style: dashed; border-left-color: grey;"> </td>
<td headers="n_missing" class="gt_row gt_right" style="border-left-width: 0.1px; border-left-style: dashed; border-left-color: grey;">0</td>
<td headers="complete_rate" class="gt_row gt_right" style="border-left-width: 0.1px; border-left-style: dashed; border-left-color: grey;">1</td>
<td headers="n_unique" class="gt_row gt_right" style="border-left-width: 0.1px; border-left-style: dashed; border-left-color: grey;">36</td>
<td headers="Top Counts" class="gt_row gt_right" style="border-left-width: 0.1px; border-left-style: dashed; border-left-color: grey;"> </td>
<td headers="Mean" class="gt_row gt_right" style="border-left-width: 0.1px; border-left-style: dashed; border-left-color: grey;">1.24</td>
<td headers="Median" class="gt_row gt_right" style="border-left-width: 0.1px; border-left-style: dashed; border-left-color: grey;">1.21</td>
<td headers="SD" class="gt_row gt_right" style="border-left-width: 0.1px; border-left-style: dashed; border-left-color: grey;">0.35</td>
<td headers="Min" class="gt_row gt_right" style="border-left-width: 0.1px; border-left-style: dashed; border-left-color: grey;">0.19</td>
<td headers="Max" class="gt_row gt_right" style="border-left-width: 0.1px; border-left-style: dashed; border-left-color: grey;">2.37</td>
<td headers="Histogram" class="gt_row gt_left" style="border-left-width: 0.1px; border-left-style: dashed; border-left-color: grey;">▁▆▇▅▁</td></tr>
    <tr><td headers="Variable" class="gt_row gt_left" style="border-left-width: 0.1px; border-left-style: dashed; border-left-color: grey;">SGOT</td>
<td headers="Label" class="gt_row gt_right" style="border-left-width: 0.1px; border-left-style: dashed; border-left-color: grey;"></td>
<td headers="Type" class="gt_row gt_left" style="border-left-width: 0.1px; border-left-style: dashed; border-left-color: grey;">numeric</td>
<td headers="Ordered Factor" class="gt_row gt_right" style="border-left-width: 0.1px; border-left-style: dashed; border-left-color: grey;"> </td>
<td headers="n_missing" class="gt_row gt_right" style="border-left-width: 0.1px; border-left-style: dashed; border-left-color: grey;">0</td>
<td headers="complete_rate" class="gt_row gt_right" style="border-left-width: 0.1px; border-left-style: dashed; border-left-color: grey;">1</td>
<td headers="n_unique" class="gt_row gt_right" style="border-left-width: 0.1px; border-left-style: dashed; border-left-color: grey;">79</td>
<td headers="Top Counts" class="gt_row gt_right" style="border-left-width: 0.1px; border-left-style: dashed; border-left-color: grey;"> </td>
<td headers="Mean" class="gt_row gt_right" style="border-left-width: 0.1px; border-left-style: dashed; border-left-color: grey;">-0.42</td>
<td headers="Median" class="gt_row gt_right" style="border-left-width: 0.1px; border-left-style: dashed; border-left-color: grey;">-0.4</td>
<td headers="SD" class="gt_row gt_right" style="border-left-width: 0.1px; border-left-style: dashed; border-left-color: grey;">0.35</td>
<td headers="Min" class="gt_row gt_right" style="border-left-width: 0.1px; border-left-style: dashed; border-left-color: grey;">-1.9</td>
<td headers="Max" class="gt_row gt_right" style="border-left-width: 0.1px; border-left-style: dashed; border-left-color: grey;">0.74</td>
<td headers="Histogram" class="gt_row gt_left" style="border-left-width: 0.1px; border-left-style: dashed; border-left-color: grey;">▁▂▇▅▁</td></tr>
    <tr><td headers="Variable" class="gt_row gt_left" style="border-left-width: 0.1px; border-left-style: dashed; border-left-color: grey;">SHBG</td>
<td headers="Label" class="gt_row gt_right" style="border-left-width: 0.1px; border-left-style: dashed; border-left-color: grey;"></td>
<td headers="Type" class="gt_row gt_left" style="border-left-width: 0.1px; border-left-style: dashed; border-left-color: grey;">numeric</td>
<td headers="Ordered Factor" class="gt_row gt_right" style="border-left-width: 0.1px; border-left-style: dashed; border-left-color: grey;"> </td>
<td headers="n_missing" class="gt_row gt_right" style="border-left-width: 0.1px; border-left-style: dashed; border-left-color: grey;">0</td>
<td headers="complete_rate" class="gt_row gt_right" style="border-left-width: 0.1px; border-left-style: dashed; border-left-color: grey;">1</td>
<td headers="n_unique" class="gt_row gt_right" style="border-left-width: 0.1px; border-left-style: dashed; border-left-color: grey;">99</td>
<td headers="Top Counts" class="gt_row gt_right" style="border-left-width: 0.1px; border-left-style: dashed; border-left-color: grey;"> </td>
<td headers="Mean" class="gt_row gt_right" style="border-left-width: 0.1px; border-left-style: dashed; border-left-color: grey;">-2.52</td>
<td headers="Median" class="gt_row gt_right" style="border-left-width: 0.1px; border-left-style: dashed; border-left-color: grey;">-2.51</td>
<td headers="SD" class="gt_row gt_right" style="border-left-width: 0.1px; border-left-style: dashed; border-left-color: grey;">0.57</td>
<td headers="Min" class="gt_row gt_right" style="border-left-width: 0.1px; border-left-style: dashed; border-left-color: grey;">-4.14</td>
<td headers="Max" class="gt_row gt_right" style="border-left-width: 0.1px; border-left-style: dashed; border-left-color: grey;">-1.11</td>
<td headers="Histogram" class="gt_row gt_left" style="border-left-width: 0.1px; border-left-style: dashed; border-left-color: grey;">▁▃▇▆▂</td></tr>
    <tr><td headers="Variable" class="gt_row gt_left" style="border-left-width: 0.1px; border-left-style: dashed; border-left-color: grey;">SOD</td>
<td headers="Label" class="gt_row gt_right" style="border-left-width: 0.1px; border-left-style: dashed; border-left-color: grey;"></td>
<td headers="Type" class="gt_row gt_left" style="border-left-width: 0.1px; border-left-style: dashed; border-left-color: grey;">numeric</td>
<td headers="Ordered Factor" class="gt_row gt_right" style="border-left-width: 0.1px; border-left-style: dashed; border-left-color: grey;"> </td>
<td headers="n_missing" class="gt_row gt_right" style="border-left-width: 0.1px; border-left-style: dashed; border-left-color: grey;">0</td>
<td headers="complete_rate" class="gt_row gt_right" style="border-left-width: 0.1px; border-left-style: dashed; border-left-color: grey;">1</td>
<td headers="n_unique" class="gt_row gt_right" style="border-left-width: 0.1px; border-left-style: dashed; border-left-color: grey;">187</td>
<td headers="Top Counts" class="gt_row gt_right" style="border-left-width: 0.1px; border-left-style: dashed; border-left-color: grey;"> </td>
<td headers="Mean" class="gt_row gt_right" style="border-left-width: 0.1px; border-left-style: dashed; border-left-color: grey;">5.33</td>
<td headers="Median" class="gt_row gt_right" style="border-left-width: 0.1px; border-left-style: dashed; border-left-color: grey;">5.35</td>
<td headers="SD" class="gt_row gt_right" style="border-left-width: 0.1px; border-left-style: dashed; border-left-color: grey;">0.38</td>
<td headers="Min" class="gt_row gt_right" style="border-left-width: 0.1px; border-left-style: dashed; border-left-color: grey;">4.32</td>
<td headers="Max" class="gt_row gt_right" style="border-left-width: 0.1px; border-left-style: dashed; border-left-color: grey;">6.46</td>
<td headers="Histogram" class="gt_row gt_left" style="border-left-width: 0.1px; border-left-style: dashed; border-left-color: grey;">▁▅▇▃▁</td></tr>
    <tr><td headers="Variable" class="gt_row gt_left" style="border-left-width: 0.1px; border-left-style: dashed; border-left-color: grey;">Serum_Amyloid_P</td>
<td headers="Label" class="gt_row gt_right" style="border-left-width: 0.1px; border-left-style: dashed; border-left-color: grey;"></td>
<td headers="Type" class="gt_row gt_left" style="border-left-width: 0.1px; border-left-style: dashed; border-left-color: grey;">numeric</td>
<td headers="Ordered Factor" class="gt_row gt_right" style="border-left-width: 0.1px; border-left-style: dashed; border-left-color: grey;"> </td>
<td headers="n_missing" class="gt_row gt_right" style="border-left-width: 0.1px; border-left-style: dashed; border-left-color: grey;">0</td>
<td headers="complete_rate" class="gt_row gt_right" style="border-left-width: 0.1px; border-left-style: dashed; border-left-color: grey;">1</td>
<td headers="n_unique" class="gt_row gt_right" style="border-left-width: 0.1px; border-left-style: dashed; border-left-color: grey;">77</td>
<td headers="Top Counts" class="gt_row gt_right" style="border-left-width: 0.1px; border-left-style: dashed; border-left-color: grey;"> </td>
<td headers="Mean" class="gt_row gt_right" style="border-left-width: 0.1px; border-left-style: dashed; border-left-color: grey;">-6.03</td>
<td headers="Median" class="gt_row gt_right" style="border-left-width: 0.1px; border-left-style: dashed; border-left-color: grey;">-6.03</td>
<td headers="SD" class="gt_row gt_right" style="border-left-width: 0.1px; border-left-style: dashed; border-left-color: grey;">0.55</td>
<td headers="Min" class="gt_row gt_right" style="border-left-width: 0.1px; border-left-style: dashed; border-left-color: grey;">-7.51</td>
<td headers="Max" class="gt_row gt_right" style="border-left-width: 0.1px; border-left-style: dashed; border-left-color: grey;">-4.65</td>
<td headers="Histogram" class="gt_row gt_left" style="border-left-width: 0.1px; border-left-style: dashed; border-left-color: grey;">▁▅▇▅▂</td></tr>
    <tr><td headers="Variable" class="gt_row gt_left" style="border-left-width: 0.1px; border-left-style: dashed; border-left-color: grey;">Sortilin</td>
<td headers="Label" class="gt_row gt_right" style="border-left-width: 0.1px; border-left-style: dashed; border-left-color: grey;"></td>
<td headers="Type" class="gt_row gt_left" style="border-left-width: 0.1px; border-left-style: dashed; border-left-color: grey;">numeric</td>
<td headers="Ordered Factor" class="gt_row gt_right" style="border-left-width: 0.1px; border-left-style: dashed; border-left-color: grey;"> </td>
<td headers="n_missing" class="gt_row gt_right" style="border-left-width: 0.1px; border-left-style: dashed; border-left-color: grey;">0</td>
<td headers="complete_rate" class="gt_row gt_right" style="border-left-width: 0.1px; border-left-style: dashed; border-left-color: grey;">1</td>
<td headers="n_unique" class="gt_row gt_right" style="border-left-width: 0.1px; border-left-style: dashed; border-left-color: grey;">67</td>
<td headers="Top Counts" class="gt_row gt_right" style="border-left-width: 0.1px; border-left-style: dashed; border-left-color: grey;"> </td>
<td headers="Mean" class="gt_row gt_right" style="border-left-width: 0.1px; border-left-style: dashed; border-left-color: grey;">3.84</td>
<td headers="Median" class="gt_row gt_right" style="border-left-width: 0.1px; border-left-style: dashed; border-left-color: grey;">3.87</td>
<td headers="SD" class="gt_row gt_right" style="border-left-width: 0.1px; border-left-style: dashed; border-left-color: grey;">0.87</td>
<td headers="Min" class="gt_row gt_right" style="border-left-width: 0.1px; border-left-style: dashed; border-left-color: grey;">1.51</td>
<td headers="Max" class="gt_row gt_right" style="border-left-width: 0.1px; border-left-style: dashed; border-left-color: grey;">6.23</td>
<td headers="Histogram" class="gt_row gt_left" style="border-left-width: 0.1px; border-left-style: dashed; border-left-color: grey;">▁▅▇▃▁</td></tr>
    <tr><td headers="Variable" class="gt_row gt_left" style="border-left-width: 0.1px; border-left-style: dashed; border-left-color: grey;">Stem_Cell_Factor</td>
<td headers="Label" class="gt_row gt_right" style="border-left-width: 0.1px; border-left-style: dashed; border-left-color: grey;"></td>
<td headers="Type" class="gt_row gt_left" style="border-left-width: 0.1px; border-left-style: dashed; border-left-color: grey;">numeric</td>
<td headers="Ordered Factor" class="gt_row gt_right" style="border-left-width: 0.1px; border-left-style: dashed; border-left-color: grey;"> </td>
<td headers="n_missing" class="gt_row gt_right" style="border-left-width: 0.1px; border-left-style: dashed; border-left-color: grey;">0</td>
<td headers="complete_rate" class="gt_row gt_right" style="border-left-width: 0.1px; border-left-style: dashed; border-left-color: grey;">1</td>
<td headers="n_unique" class="gt_row gt_right" style="border-left-width: 0.1px; border-left-style: dashed; border-left-color: grey;">47</td>
<td headers="Top Counts" class="gt_row gt_right" style="border-left-width: 0.1px; border-left-style: dashed; border-left-color: grey;"> </td>
<td headers="Mean" class="gt_row gt_right" style="border-left-width: 0.1px; border-left-style: dashed; border-left-color: grey;">3.29</td>
<td headers="Median" class="gt_row gt_right" style="border-left-width: 0.1px; border-left-style: dashed; border-left-color: grey;">3.3</td>
<td headers="SD" class="gt_row gt_right" style="border-left-width: 0.1px; border-left-style: dashed; border-left-color: grey;">0.36</td>
<td headers="Min" class="gt_row gt_right" style="border-left-width: 0.1px; border-left-style: dashed; border-left-color: grey;">2.22</td>
<td headers="Max" class="gt_row gt_right" style="border-left-width: 0.1px; border-left-style: dashed; border-left-color: grey;">4.28</td>
<td headers="Histogram" class="gt_row gt_left" style="border-left-width: 0.1px; border-left-style: dashed; border-left-color: grey;">▁▃▇▅▁</td></tr>
    <tr><td headers="Variable" class="gt_row gt_left" style="border-left-width: 0.1px; border-left-style: dashed; border-left-color: grey;">TGF_alpha</td>
<td headers="Label" class="gt_row gt_right" style="border-left-width: 0.1px; border-left-style: dashed; border-left-color: grey;"></td>
<td headers="Type" class="gt_row gt_left" style="border-left-width: 0.1px; border-left-style: dashed; border-left-color: grey;">numeric</td>
<td headers="Ordered Factor" class="gt_row gt_right" style="border-left-width: 0.1px; border-left-style: dashed; border-left-color: grey;"> </td>
<td headers="n_missing" class="gt_row gt_right" style="border-left-width: 0.1px; border-left-style: dashed; border-left-color: grey;">0</td>
<td headers="complete_rate" class="gt_row gt_right" style="border-left-width: 0.1px; border-left-style: dashed; border-left-color: grey;">1</td>
<td headers="n_unique" class="gt_row gt_right" style="border-left-width: 0.1px; border-left-style: dashed; border-left-color: grey;">64</td>
<td headers="Top Counts" class="gt_row gt_right" style="border-left-width: 0.1px; border-left-style: dashed; border-left-color: grey;"> </td>
<td headers="Mean" class="gt_row gt_right" style="border-left-width: 0.1px; border-left-style: dashed; border-left-color: grey;">9.8</td>
<td headers="Median" class="gt_row gt_right" style="border-left-width: 0.1px; border-left-style: dashed; border-left-color: grey;">9.83</td>
<td headers="SD" class="gt_row gt_right" style="border-left-width: 0.1px; border-left-style: dashed; border-left-color: grey;">1.28</td>
<td headers="Min" class="gt_row gt_right" style="border-left-width: 0.1px; border-left-style: dashed; border-left-color: grey;">6.84</td>
<td headers="Max" class="gt_row gt_right" style="border-left-width: 0.1px; border-left-style: dashed; border-left-color: grey;">13.83</td>
<td headers="Histogram" class="gt_row gt_left" style="border-left-width: 0.1px; border-left-style: dashed; border-left-color: grey;">▂▆▇▂▁</td></tr>
    <tr><td headers="Variable" class="gt_row gt_left" style="border-left-width: 0.1px; border-left-style: dashed; border-left-color: grey;">TIMP_1</td>
<td headers="Label" class="gt_row gt_right" style="border-left-width: 0.1px; border-left-style: dashed; border-left-color: grey;"></td>
<td headers="Type" class="gt_row gt_left" style="border-left-width: 0.1px; border-left-style: dashed; border-left-color: grey;">numeric</td>
<td headers="Ordered Factor" class="gt_row gt_right" style="border-left-width: 0.1px; border-left-style: dashed; border-left-color: grey;"> </td>
<td headers="n_missing" class="gt_row gt_right" style="border-left-width: 0.1px; border-left-style: dashed; border-left-color: grey;">0</td>
<td headers="complete_rate" class="gt_row gt_right" style="border-left-width: 0.1px; border-left-style: dashed; border-left-color: grey;">1</td>
<td headers="n_unique" class="gt_row gt_right" style="border-left-width: 0.1px; border-left-style: dashed; border-left-color: grey;">57</td>
<td headers="Top Counts" class="gt_row gt_right" style="border-left-width: 0.1px; border-left-style: dashed; border-left-color: grey;"> </td>
<td headers="Mean" class="gt_row gt_right" style="border-left-width: 0.1px; border-left-style: dashed; border-left-color: grey;">11.7</td>
<td headers="Median" class="gt_row gt_right" style="border-left-width: 0.1px; border-left-style: dashed; border-left-color: grey;">11.56</td>
<td headers="SD" class="gt_row gt_right" style="border-left-width: 0.1px; border-left-style: dashed; border-left-color: grey;">1.85</td>
<td headers="Min" class="gt_row gt_right" style="border-left-width: 0.1px; border-left-style: dashed; border-left-color: grey;">1.74</td>
<td headers="Max" class="gt_row gt_right" style="border-left-width: 0.1px; border-left-style: dashed; border-left-color: grey;">18.88</td>
<td headers="Histogram" class="gt_row gt_left" style="border-left-width: 0.1px; border-left-style: dashed; border-left-color: grey;">▁▁▇▅▁</td></tr>
    <tr><td headers="Variable" class="gt_row gt_left" style="border-left-width: 0.1px; border-left-style: dashed; border-left-color: grey;">TNF_RII</td>
<td headers="Label" class="gt_row gt_right" style="border-left-width: 0.1px; border-left-style: dashed; border-left-color: grey;"></td>
<td headers="Type" class="gt_row gt_left" style="border-left-width: 0.1px; border-left-style: dashed; border-left-color: grey;">numeric</td>
<td headers="Ordered Factor" class="gt_row gt_right" style="border-left-width: 0.1px; border-left-style: dashed; border-left-color: grey;"> </td>
<td headers="n_missing" class="gt_row gt_right" style="border-left-width: 0.1px; border-left-style: dashed; border-left-color: grey;">0</td>
<td headers="complete_rate" class="gt_row gt_right" style="border-left-width: 0.1px; border-left-style: dashed; border-left-color: grey;">1</td>
<td headers="n_unique" class="gt_row gt_right" style="border-left-width: 0.1px; border-left-style: dashed; border-left-color: grey;">79</td>
<td headers="Top Counts" class="gt_row gt_right" style="border-left-width: 0.1px; border-left-style: dashed; border-left-color: grey;"> </td>
<td headers="Mean" class="gt_row gt_right" style="border-left-width: 0.1px; border-left-style: dashed; border-left-color: grey;">-0.6</td>
<td headers="Median" class="gt_row gt_right" style="border-left-width: 0.1px; border-left-style: dashed; border-left-color: grey;">-0.6</td>
<td headers="SD" class="gt_row gt_right" style="border-left-width: 0.1px; border-left-style: dashed; border-left-color: grey;">0.34</td>
<td headers="Min" class="gt_row gt_right" style="border-left-width: 0.1px; border-left-style: dashed; border-left-color: grey;">-1.66</td>
<td headers="Max" class="gt_row gt_right" style="border-left-width: 0.1px; border-left-style: dashed; border-left-color: grey;">0.47</td>
<td headers="Histogram" class="gt_row gt_left" style="border-left-width: 0.1px; border-left-style: dashed; border-left-color: grey;">▁▅▇▃▁</td></tr>
    <tr><td headers="Variable" class="gt_row gt_left" style="border-left-width: 0.1px; border-left-style: dashed; border-left-color: grey;">TRAIL_R3</td>
<td headers="Label" class="gt_row gt_right" style="border-left-width: 0.1px; border-left-style: dashed; border-left-color: grey;"></td>
<td headers="Type" class="gt_row gt_left" style="border-left-width: 0.1px; border-left-style: dashed; border-left-color: grey;">numeric</td>
<td headers="Ordered Factor" class="gt_row gt_right" style="border-left-width: 0.1px; border-left-style: dashed; border-left-color: grey;"> </td>
<td headers="n_missing" class="gt_row gt_right" style="border-left-width: 0.1px; border-left-style: dashed; border-left-color: grey;">0</td>
<td headers="complete_rate" class="gt_row gt_right" style="border-left-width: 0.1px; border-left-style: dashed; border-left-color: grey;">1</td>
<td headers="n_unique" class="gt_row gt_right" style="border-left-width: 0.1px; border-left-style: dashed; border-left-color: grey;">63</td>
<td headers="Top Counts" class="gt_row gt_right" style="border-left-width: 0.1px; border-left-style: dashed; border-left-color: grey;"> </td>
<td headers="Mean" class="gt_row gt_right" style="border-left-width: 0.1px; border-left-style: dashed; border-left-color: grey;">-0.55</td>
<td headers="Median" class="gt_row gt_right" style="border-left-width: 0.1px; border-left-style: dashed; border-left-color: grey;">-0.55</td>
<td headers="SD" class="gt_row gt_right" style="border-left-width: 0.1px; border-left-style: dashed; border-left-color: grey;">0.24</td>
<td headers="Min" class="gt_row gt_right" style="border-left-width: 0.1px; border-left-style: dashed; border-left-color: grey;">-1.31</td>
<td headers="Max" class="gt_row gt_right" style="border-left-width: 0.1px; border-left-style: dashed; border-left-color: grey;">0.27</td>
<td headers="Histogram" class="gt_row gt_left" style="border-left-width: 0.1px; border-left-style: dashed; border-left-color: grey;">▁▅▇▃▁</td></tr>
    <tr><td headers="Variable" class="gt_row gt_left" style="border-left-width: 0.1px; border-left-style: dashed; border-left-color: grey;">TTR_prealbumin</td>
<td headers="Label" class="gt_row gt_right" style="border-left-width: 0.1px; border-left-style: dashed; border-left-color: grey;"></td>
<td headers="Type" class="gt_row gt_left" style="border-left-width: 0.1px; border-left-style: dashed; border-left-color: grey;">numeric</td>
<td headers="Ordered Factor" class="gt_row gt_right" style="border-left-width: 0.1px; border-left-style: dashed; border-left-color: grey;"> </td>
<td headers="n_missing" class="gt_row gt_right" style="border-left-width: 0.1px; border-left-style: dashed; border-left-color: grey;">100</td>
<td headers="complete_rate" class="gt_row gt_right" style="border-left-width: 0.1px; border-left-style: dashed; border-left-color: grey;">0.7</td>
<td headers="n_unique" class="gt_row gt_right" style="border-left-width: 0.1px; border-left-style: dashed; border-left-color: grey;">16</td>
<td headers="Top Counts" class="gt_row gt_right" style="border-left-width: 0.1px; border-left-style: dashed; border-left-color: grey;"> </td>
<td headers="Mean" class="gt_row gt_right" style="border-left-width: 0.1px; border-left-style: dashed; border-left-color: grey;">2.85</td>
<td headers="Median" class="gt_row gt_right" style="border-left-width: 0.1px; border-left-style: dashed; border-left-color: grey;">2.89</td>
<td headers="SD" class="gt_row gt_right" style="border-left-width: 0.1px; border-left-style: dashed; border-left-color: grey;">0.14</td>
<td headers="Min" class="gt_row gt_right" style="border-left-width: 0.1px; border-left-style: dashed; border-left-color: grey;">2.48</td>
<td headers="Max" class="gt_row gt_right" style="border-left-width: 0.1px; border-left-style: dashed; border-left-color: grey;">3.33</td>
<td headers="Histogram" class="gt_row gt_left" style="border-left-width: 0.1px; border-left-style: dashed; border-left-color: grey;">▂▅▇▃▁</td></tr>
    <tr><td headers="Variable" class="gt_row gt_left" style="border-left-width: 0.1px; border-left-style: dashed; border-left-color: grey;">Tamm_Horsfall_Protein_THP</td>
<td headers="Label" class="gt_row gt_right" style="border-left-width: 0.1px; border-left-style: dashed; border-left-color: grey;"></td>
<td headers="Type" class="gt_row gt_left" style="border-left-width: 0.1px; border-left-style: dashed; border-left-color: grey;">numeric</td>
<td headers="Ordered Factor" class="gt_row gt_right" style="border-left-width: 0.1px; border-left-style: dashed; border-left-color: grey;"> </td>
<td headers="n_missing" class="gt_row gt_right" style="border-left-width: 0.1px; border-left-style: dashed; border-left-color: grey;">100</td>
<td headers="complete_rate" class="gt_row gt_right" style="border-left-width: 0.1px; border-left-style: dashed; border-left-color: grey;">0.7</td>
<td headers="n_unique" class="gt_row gt_right" style="border-left-width: 0.1px; border-left-style: dashed; border-left-color: grey;">55</td>
<td headers="Top Counts" class="gt_row gt_right" style="border-left-width: 0.1px; border-left-style: dashed; border-left-color: grey;"> </td>
<td headers="Mean" class="gt_row gt_right" style="border-left-width: 0.1px; border-left-style: dashed; border-left-color: grey;">-3.12</td>
<td headers="Median" class="gt_row gt_right" style="border-left-width: 0.1px; border-left-style: dashed; border-left-color: grey;">-3.12</td>
<td headers="SD" class="gt_row gt_right" style="border-left-width: 0.1px; border-left-style: dashed; border-left-color: grey;">0.03</td>
<td headers="Min" class="gt_row gt_right" style="border-left-width: 0.1px; border-left-style: dashed; border-left-color: grey;">-3.21</td>
<td headers="Max" class="gt_row gt_right" style="border-left-width: 0.1px; border-left-style: dashed; border-left-color: grey;">-3.04</td>
<td headers="Histogram" class="gt_row gt_left" style="border-left-width: 0.1px; border-left-style: dashed; border-left-color: grey;">▁▅▇▆▂</td></tr>
    <tr><td headers="Variable" class="gt_row gt_left" style="border-left-width: 0.1px; border-left-style: dashed; border-left-color: grey;">Thrombomodulin</td>
<td headers="Label" class="gt_row gt_right" style="border-left-width: 0.1px; border-left-style: dashed; border-left-color: grey;"></td>
<td headers="Type" class="gt_row gt_left" style="border-left-width: 0.1px; border-left-style: dashed; border-left-color: grey;">numeric</td>
<td headers="Ordered Factor" class="gt_row gt_right" style="border-left-width: 0.1px; border-left-style: dashed; border-left-color: grey;"> </td>
<td headers="n_missing" class="gt_row gt_right" style="border-left-width: 0.1px; border-left-style: dashed; border-left-color: grey;">0</td>
<td headers="complete_rate" class="gt_row gt_right" style="border-left-width: 0.1px; border-left-style: dashed; border-left-color: grey;">1</td>
<td headers="n_unique" class="gt_row gt_right" style="border-left-width: 0.1px; border-left-style: dashed; border-left-color: grey;">38</td>
<td headers="Top Counts" class="gt_row gt_right" style="border-left-width: 0.1px; border-left-style: dashed; border-left-color: grey;"> </td>
<td headers="Mean" class="gt_row gt_right" style="border-left-width: 0.1px; border-left-style: dashed; border-left-color: grey;">-1.51</td>
<td headers="Median" class="gt_row gt_right" style="border-left-width: 0.1px; border-left-style: dashed; border-left-color: grey;">-1.49</td>
<td headers="SD" class="gt_row gt_right" style="border-left-width: 0.1px; border-left-style: dashed; border-left-color: grey;">0.23</td>
<td headers="Min" class="gt_row gt_right" style="border-left-width: 0.1px; border-left-style: dashed; border-left-color: grey;">-2.05</td>
<td headers="Max" class="gt_row gt_right" style="border-left-width: 0.1px; border-left-style: dashed; border-left-color: grey;">-0.82</td>
<td headers="Histogram" class="gt_row gt_left" style="border-left-width: 0.1px; border-left-style: dashed; border-left-color: grey;">▂▇▇▅▁</td></tr>
    <tr><td headers="Variable" class="gt_row gt_left" style="border-left-width: 0.1px; border-left-style: dashed; border-left-color: grey;">Thrombopoietin</td>
<td headers="Label" class="gt_row gt_right" style="border-left-width: 0.1px; border-left-style: dashed; border-left-color: grey;"></td>
<td headers="Type" class="gt_row gt_left" style="border-left-width: 0.1px; border-left-style: dashed; border-left-color: grey;">numeric</td>
<td headers="Ordered Factor" class="gt_row gt_right" style="border-left-width: 0.1px; border-left-style: dashed; border-left-color: grey;"> </td>
<td headers="n_missing" class="gt_row gt_right" style="border-left-width: 0.1px; border-left-style: dashed; border-left-color: grey;">100</td>
<td headers="complete_rate" class="gt_row gt_right" style="border-left-width: 0.1px; border-left-style: dashed; border-left-color: grey;">0.7</td>
<td headers="n_unique" class="gt_row gt_right" style="border-left-width: 0.1px; border-left-style: dashed; border-left-color: grey;">53</td>
<td headers="Top Counts" class="gt_row gt_right" style="border-left-width: 0.1px; border-left-style: dashed; border-left-color: grey;"> </td>
<td headers="Mean" class="gt_row gt_right" style="border-left-width: 0.1px; border-left-style: dashed; border-left-color: grey;">-0.76</td>
<td headers="Median" class="gt_row gt_right" style="border-left-width: 0.1px; border-left-style: dashed; border-left-color: grey;">-0.75</td>
<td headers="SD" class="gt_row gt_right" style="border-left-width: 0.1px; border-left-style: dashed; border-left-color: grey;">0.24</td>
<td headers="Min" class="gt_row gt_right" style="border-left-width: 0.1px; border-left-style: dashed; border-left-color: grey;">-1.54</td>
<td headers="Max" class="gt_row gt_right" style="border-left-width: 0.1px; border-left-style: dashed; border-left-color: grey;">0.1</td>
<td headers="Histogram" class="gt_row gt_left" style="border-left-width: 0.1px; border-left-style: dashed; border-left-color: grey;">▁▅▇▂▁</td></tr>
    <tr><td headers="Variable" class="gt_row gt_left" style="border-left-width: 0.1px; border-left-style: dashed; border-left-color: grey;">Thymus_Expressed_Chemokine_TECK</td>
<td headers="Label" class="gt_row gt_right" style="border-left-width: 0.1px; border-left-style: dashed; border-left-color: grey;"></td>
<td headers="Type" class="gt_row gt_left" style="border-left-width: 0.1px; border-left-style: dashed; border-left-color: grey;">numeric</td>
<td headers="Ordered Factor" class="gt_row gt_right" style="border-left-width: 0.1px; border-left-style: dashed; border-left-color: grey;"> </td>
<td headers="n_missing" class="gt_row gt_right" style="border-left-width: 0.1px; border-left-style: dashed; border-left-color: grey;">0</td>
<td headers="complete_rate" class="gt_row gt_right" style="border-left-width: 0.1px; border-left-style: dashed; border-left-color: grey;">1</td>
<td headers="n_unique" class="gt_row gt_right" style="border-left-width: 0.1px; border-left-style: dashed; border-left-color: grey;">41</td>
<td headers="Top Counts" class="gt_row gt_right" style="border-left-width: 0.1px; border-left-style: dashed; border-left-color: grey;"> </td>
<td headers="Mean" class="gt_row gt_right" style="border-left-width: 0.1px; border-left-style: dashed; border-left-color: grey;">3.83</td>
<td headers="Median" class="gt_row gt_right" style="border-left-width: 0.1px; border-left-style: dashed; border-left-color: grey;">3.81</td>
<td headers="SD" class="gt_row gt_right" style="border-left-width: 0.1px; border-left-style: dashed; border-left-color: grey;">0.79</td>
<td headers="Min" class="gt_row gt_right" style="border-left-width: 0.1px; border-left-style: dashed; border-left-color: grey;">1.51</td>
<td headers="Max" class="gt_row gt_right" style="border-left-width: 0.1px; border-left-style: dashed; border-left-color: grey;">6.23</td>
<td headers="Histogram" class="gt_row gt_left" style="border-left-width: 0.1px; border-left-style: dashed; border-left-color: grey;">▁▅▇▃▁</td></tr>
    <tr><td headers="Variable" class="gt_row gt_left" style="border-left-width: 0.1px; border-left-style: dashed; border-left-color: grey;">Thyroid_Stimulating_Hormone</td>
<td headers="Label" class="gt_row gt_right" style="border-left-width: 0.1px; border-left-style: dashed; border-left-color: grey;"></td>
<td headers="Type" class="gt_row gt_left" style="border-left-width: 0.1px; border-left-style: dashed; border-left-color: grey;">numeric</td>
<td headers="Ordered Factor" class="gt_row gt_right" style="border-left-width: 0.1px; border-left-style: dashed; border-left-color: grey;"> </td>
<td headers="n_missing" class="gt_row gt_right" style="border-left-width: 0.1px; border-left-style: dashed; border-left-color: grey;">0</td>
<td headers="complete_rate" class="gt_row gt_right" style="border-left-width: 0.1px; border-left-style: dashed; border-left-color: grey;">1</td>
<td headers="n_unique" class="gt_row gt_right" style="border-left-width: 0.1px; border-left-style: dashed; border-left-color: grey;">72</td>
<td headers="Top Counts" class="gt_row gt_right" style="border-left-width: 0.1px; border-left-style: dashed; border-left-color: grey;"> </td>
<td headers="Mean" class="gt_row gt_right" style="border-left-width: 0.1px; border-left-style: dashed; border-left-color: grey;">-4.44</td>
<td headers="Median" class="gt_row gt_right" style="border-left-width: 0.1px; border-left-style: dashed; border-left-color: grey;">-4.42</td>
<td headers="SD" class="gt_row gt_right" style="border-left-width: 0.1px; border-left-style: dashed; border-left-color: grey;">0.77</td>
<td headers="Min" class="gt_row gt_right" style="border-left-width: 0.1px; border-left-style: dashed; border-left-color: grey;">-6.19</td>
<td headers="Max" class="gt_row gt_right" style="border-left-width: 0.1px; border-left-style: dashed; border-left-color: grey;">-1.71</td>
<td headers="Histogram" class="gt_row gt_left" style="border-left-width: 0.1px; border-left-style: dashed; border-left-color: grey;">▂▇▇▂▁</td></tr>
    <tr><td headers="Variable" class="gt_row gt_left" style="border-left-width: 0.1px; border-left-style: dashed; border-left-color: grey;">Thyroxine_Binding_Globulin</td>
<td headers="Label" class="gt_row gt_right" style="border-left-width: 0.1px; border-left-style: dashed; border-left-color: grey;"></td>
<td headers="Type" class="gt_row gt_left" style="border-left-width: 0.1px; border-left-style: dashed; border-left-color: grey;">numeric</td>
<td headers="Ordered Factor" class="gt_row gt_right" style="border-left-width: 0.1px; border-left-style: dashed; border-left-color: grey;"> </td>
<td headers="n_missing" class="gt_row gt_right" style="border-left-width: 0.1px; border-left-style: dashed; border-left-color: grey;">0</td>
<td headers="complete_rate" class="gt_row gt_right" style="border-left-width: 0.1px; border-left-style: dashed; border-left-color: grey;">1</td>
<td headers="n_unique" class="gt_row gt_right" style="border-left-width: 0.1px; border-left-style: dashed; border-left-color: grey;">51</td>
<td headers="Top Counts" class="gt_row gt_right" style="border-left-width: 0.1px; border-left-style: dashed; border-left-color: grey;"> </td>
<td headers="Mean" class="gt_row gt_right" style="border-left-width: 0.1px; border-left-style: dashed; border-left-color: grey;">-1.48</td>
<td headers="Median" class="gt_row gt_right" style="border-left-width: 0.1px; border-left-style: dashed; border-left-color: grey;">-1.51</td>
<td headers="SD" class="gt_row gt_right" style="border-left-width: 0.1px; border-left-style: dashed; border-left-color: grey;">0.4</td>
<td headers="Min" class="gt_row gt_right" style="border-left-width: 0.1px; border-left-style: dashed; border-left-color: grey;">-2.48</td>
<td headers="Max" class="gt_row gt_right" style="border-left-width: 0.1px; border-left-style: dashed; border-left-color: grey;">-0.21</td>
<td headers="Histogram" class="gt_row gt_left" style="border-left-width: 0.1px; border-left-style: dashed; border-left-color: grey;">▂▆▇▃▁</td></tr>
    <tr><td headers="Variable" class="gt_row gt_left" style="border-left-width: 0.1px; border-left-style: dashed; border-left-color: grey;">Tissue_Factor</td>
<td headers="Label" class="gt_row gt_right" style="border-left-width: 0.1px; border-left-style: dashed; border-left-color: grey;"></td>
<td headers="Type" class="gt_row gt_left" style="border-left-width: 0.1px; border-left-style: dashed; border-left-color: grey;">numeric</td>
<td headers="Ordered Factor" class="gt_row gt_right" style="border-left-width: 0.1px; border-left-style: dashed; border-left-color: grey;"> </td>
<td headers="n_missing" class="gt_row gt_right" style="border-left-width: 0.1px; border-left-style: dashed; border-left-color: grey;">0</td>
<td headers="complete_rate" class="gt_row gt_right" style="border-left-width: 0.1px; border-left-style: dashed; border-left-color: grey;">1</td>
<td headers="n_unique" class="gt_row gt_right" style="border-left-width: 0.1px; border-left-style: dashed; border-left-color: grey;">71</td>
<td headers="Top Counts" class="gt_row gt_right" style="border-left-width: 0.1px; border-left-style: dashed; border-left-color: grey;"> </td>
<td headers="Mean" class="gt_row gt_right" style="border-left-width: 0.1px; border-left-style: dashed; border-left-color: grey;">1.16</td>
<td headers="Median" class="gt_row gt_right" style="border-left-width: 0.1px; border-left-style: dashed; border-left-color: grey;">1.19</td>
<td headers="SD" class="gt_row gt_right" style="border-left-width: 0.1px; border-left-style: dashed; border-left-color: grey;">0.51</td>
<td headers="Min" class="gt_row gt_right" style="border-left-width: 0.1px; border-left-style: dashed; border-left-color: grey;">-0.21</td>
<td headers="Max" class="gt_row gt_right" style="border-left-width: 0.1px; border-left-style: dashed; border-left-color: grey;">2.71</td>
<td headers="Histogram" class="gt_row gt_left" style="border-left-width: 0.1px; border-left-style: dashed; border-left-color: grey;">▁▅▇▃▁</td></tr>
    <tr><td headers="Variable" class="gt_row gt_left" style="border-left-width: 0.1px; border-left-style: dashed; border-left-color: grey;">Transferrin</td>
<td headers="Label" class="gt_row gt_right" style="border-left-width: 0.1px; border-left-style: dashed; border-left-color: grey;"></td>
<td headers="Type" class="gt_row gt_left" style="border-left-width: 0.1px; border-left-style: dashed; border-left-color: grey;">numeric</td>
<td headers="Ordered Factor" class="gt_row gt_right" style="border-left-width: 0.1px; border-left-style: dashed; border-left-color: grey;"> </td>
<td headers="n_missing" class="gt_row gt_right" style="border-left-width: 0.1px; border-left-style: dashed; border-left-color: grey;">0</td>
<td headers="complete_rate" class="gt_row gt_right" style="border-left-width: 0.1px; border-left-style: dashed; border-left-color: grey;">1</td>
<td headers="n_unique" class="gt_row gt_right" style="border-left-width: 0.1px; border-left-style: dashed; border-left-color: grey;">31</td>
<td headers="Top Counts" class="gt_row gt_right" style="border-left-width: 0.1px; border-left-style: dashed; border-left-color: grey;"> </td>
<td headers="Mean" class="gt_row gt_right" style="border-left-width: 0.1px; border-left-style: dashed; border-left-color: grey;">2.91</td>
<td headers="Median" class="gt_row gt_right" style="border-left-width: 0.1px; border-left-style: dashed; border-left-color: grey;">2.89</td>
<td headers="SD" class="gt_row gt_right" style="border-left-width: 0.1px; border-left-style: dashed; border-left-color: grey;">0.28</td>
<td headers="Min" class="gt_row gt_right" style="border-left-width: 0.1px; border-left-style: dashed; border-left-color: grey;">1.93</td>
<td headers="Max" class="gt_row gt_right" style="border-left-width: 0.1px; border-left-style: dashed; border-left-color: grey;">3.76</td>
<td headers="Histogram" class="gt_row gt_left" style="border-left-width: 0.1px; border-left-style: dashed; border-left-color: grey;">▁▃▇▅▁</td></tr>
    <tr><td headers="Variable" class="gt_row gt_left" style="border-left-width: 0.1px; border-left-style: dashed; border-left-color: grey;">Trefoil_Factor_3_TFF3</td>
<td headers="Label" class="gt_row gt_right" style="border-left-width: 0.1px; border-left-style: dashed; border-left-color: grey;"></td>
<td headers="Type" class="gt_row gt_left" style="border-left-width: 0.1px; border-left-style: dashed; border-left-color: grey;">numeric</td>
<td headers="Ordered Factor" class="gt_row gt_right" style="border-left-width: 0.1px; border-left-style: dashed; border-left-color: grey;"> </td>
<td headers="n_missing" class="gt_row gt_right" style="border-left-width: 0.1px; border-left-style: dashed; border-left-color: grey;">0</td>
<td headers="complete_rate" class="gt_row gt_right" style="border-left-width: 0.1px; border-left-style: dashed; border-left-color: grey;">1</td>
<td headers="n_unique" class="gt_row gt_right" style="border-left-width: 0.1px; border-left-style: dashed; border-left-color: grey;">40</td>
<td headers="Top Counts" class="gt_row gt_right" style="border-left-width: 0.1px; border-left-style: dashed; border-left-color: grey;"> </td>
<td headers="Mean" class="gt_row gt_right" style="border-left-width: 0.1px; border-left-style: dashed; border-left-color: grey;">-3.89</td>
<td headers="Median" class="gt_row gt_right" style="border-left-width: 0.1px; border-left-style: dashed; border-left-color: grey;">-3.91</td>
<td headers="SD" class="gt_row gt_right" style="border-left-width: 0.1px; border-left-style: dashed; border-left-color: grey;">0.34</td>
<td headers="Min" class="gt_row gt_right" style="border-left-width: 0.1px; border-left-style: dashed; border-left-color: grey;">-4.91</td>
<td headers="Max" class="gt_row gt_right" style="border-left-width: 0.1px; border-left-style: dashed; border-left-color: grey;">-2.96</td>
<td headers="Histogram" class="gt_row gt_left" style="border-left-width: 0.1px; border-left-style: dashed; border-left-color: grey;">▁▅▇▆▁</td></tr>
    <tr><td headers="Variable" class="gt_row gt_left" style="border-left-width: 0.1px; border-left-style: dashed; border-left-color: grey;">VCAM_1</td>
<td headers="Label" class="gt_row gt_right" style="border-left-width: 0.1px; border-left-style: dashed; border-left-color: grey;"></td>
<td headers="Type" class="gt_row gt_left" style="border-left-width: 0.1px; border-left-style: dashed; border-left-color: grey;">numeric</td>
<td headers="Ordered Factor" class="gt_row gt_right" style="border-left-width: 0.1px; border-left-style: dashed; border-left-color: grey;"> </td>
<td headers="n_missing" class="gt_row gt_right" style="border-left-width: 0.1px; border-left-style: dashed; border-left-color: grey;">0</td>
<td headers="complete_rate" class="gt_row gt_right" style="border-left-width: 0.1px; border-left-style: dashed; border-left-color: grey;">1</td>
<td headers="n_unique" class="gt_row gt_right" style="border-left-width: 0.1px; border-left-style: dashed; border-left-color: grey;">45</td>
<td headers="Top Counts" class="gt_row gt_right" style="border-left-width: 0.1px; border-left-style: dashed; border-left-color: grey;"> </td>
<td headers="Mean" class="gt_row gt_right" style="border-left-width: 0.1px; border-left-style: dashed; border-left-color: grey;">2.68</td>
<td headers="Median" class="gt_row gt_right" style="border-left-width: 0.1px; border-left-style: dashed; border-left-color: grey;">2.71</td>
<td headers="SD" class="gt_row gt_right" style="border-left-width: 0.1px; border-left-style: dashed; border-left-color: grey;">0.32</td>
<td headers="Min" class="gt_row gt_right" style="border-left-width: 0.1px; border-left-style: dashed; border-left-color: grey;">1.72</td>
<td headers="Max" class="gt_row gt_right" style="border-left-width: 0.1px; border-left-style: dashed; border-left-color: grey;">3.69</td>
<td headers="Histogram" class="gt_row gt_left" style="border-left-width: 0.1px; border-left-style: dashed; border-left-color: grey;">▁▃▇▃▁</td></tr>
    <tr><td headers="Variable" class="gt_row gt_left" style="border-left-width: 0.1px; border-left-style: dashed; border-left-color: grey;">VEGF</td>
<td headers="Label" class="gt_row gt_right" style="border-left-width: 0.1px; border-left-style: dashed; border-left-color: grey;"></td>
<td headers="Type" class="gt_row gt_left" style="border-left-width: 0.1px; border-left-style: dashed; border-left-color: grey;">numeric</td>
<td headers="Ordered Factor" class="gt_row gt_right" style="border-left-width: 0.1px; border-left-style: dashed; border-left-color: grey;"> </td>
<td headers="n_missing" class="gt_row gt_right" style="border-left-width: 0.1px; border-left-style: dashed; border-left-color: grey;">0</td>
<td headers="complete_rate" class="gt_row gt_right" style="border-left-width: 0.1px; border-left-style: dashed; border-left-color: grey;">1</td>
<td headers="n_unique" class="gt_row gt_right" style="border-left-width: 0.1px; border-left-style: dashed; border-left-color: grey;">238</td>
<td headers="Top Counts" class="gt_row gt_right" style="border-left-width: 0.1px; border-left-style: dashed; border-left-color: grey;"> </td>
<td headers="Mean" class="gt_row gt_right" style="border-left-width: 0.1px; border-left-style: dashed; border-left-color: grey;">16.93</td>
<td headers="Median" class="gt_row gt_right" style="border-left-width: 0.1px; border-left-style: dashed; border-left-color: grey;">17.08</td>
<td headers="SD" class="gt_row gt_right" style="border-left-width: 0.1px; border-left-style: dashed; border-left-color: grey;">1.87</td>
<td headers="Min" class="gt_row gt_right" style="border-left-width: 0.1px; border-left-style: dashed; border-left-color: grey;">11.83</td>
<td headers="Max" class="gt_row gt_right" style="border-left-width: 0.1px; border-left-style: dashed; border-left-color: grey;">22.38</td>
<td headers="Histogram" class="gt_row gt_left" style="border-left-width: 0.1px; border-left-style: dashed; border-left-color: grey;">▁▅▇▃▁</td></tr>
    <tr><td headers="Variable" class="gt_row gt_left" style="border-left-width: 0.1px; border-left-style: dashed; border-left-color: grey;">Vitronectin</td>
<td headers="Label" class="gt_row gt_right" style="border-left-width: 0.1px; border-left-style: dashed; border-left-color: grey;"></td>
<td headers="Type" class="gt_row gt_left" style="border-left-width: 0.1px; border-left-style: dashed; border-left-color: grey;">numeric</td>
<td headers="Ordered Factor" class="gt_row gt_right" style="border-left-width: 0.1px; border-left-style: dashed; border-left-color: grey;"> </td>
<td headers="n_missing" class="gt_row gt_right" style="border-left-width: 0.1px; border-left-style: dashed; border-left-color: grey;">0</td>
<td headers="complete_rate" class="gt_row gt_right" style="border-left-width: 0.1px; border-left-style: dashed; border-left-color: grey;">1</td>
<td headers="n_unique" class="gt_row gt_right" style="border-left-width: 0.1px; border-left-style: dashed; border-left-color: grey;">75</td>
<td headers="Top Counts" class="gt_row gt_right" style="border-left-width: 0.1px; border-left-style: dashed; border-left-color: grey;"> </td>
<td headers="Mean" class="gt_row gt_right" style="border-left-width: 0.1px; border-left-style: dashed; border-left-color: grey;">-0.28</td>
<td headers="Median" class="gt_row gt_right" style="border-left-width: 0.1px; border-left-style: dashed; border-left-color: grey;">-0.29</td>
<td headers="SD" class="gt_row gt_right" style="border-left-width: 0.1px; border-left-style: dashed; border-left-color: grey;">0.33</td>
<td headers="Min" class="gt_row gt_right" style="border-left-width: 0.1px; border-left-style: dashed; border-left-color: grey;">-1.43</td>
<td headers="Max" class="gt_row gt_right" style="border-left-width: 0.1px; border-left-style: dashed; border-left-color: grey;">0.53</td>
<td headers="Histogram" class="gt_row gt_left" style="border-left-width: 0.1px; border-left-style: dashed; border-left-color: grey;">▁▂▇▇▂</td></tr>
    <tr><td headers="Variable" class="gt_row gt_left" style="border-left-width: 0.1px; border-left-style: dashed; border-left-color: grey;">von_Willebrand_Factor</td>
<td headers="Label" class="gt_row gt_right" style="border-left-width: 0.1px; border-left-style: dashed; border-left-color: grey;"></td>
<td headers="Type" class="gt_row gt_left" style="border-left-width: 0.1px; border-left-style: dashed; border-left-color: grey;">numeric</td>
<td headers="Ordered Factor" class="gt_row gt_right" style="border-left-width: 0.1px; border-left-style: dashed; border-left-color: grey;"> </td>
<td headers="n_missing" class="gt_row gt_right" style="border-left-width: 0.1px; border-left-style: dashed; border-left-color: grey;">0</td>
<td headers="complete_rate" class="gt_row gt_right" style="border-left-width: 0.1px; border-left-style: dashed; border-left-color: grey;">1</td>
<td headers="n_unique" class="gt_row gt_right" style="border-left-width: 0.1px; border-left-style: dashed; border-left-color: grey;">46</td>
<td headers="Top Counts" class="gt_row gt_right" style="border-left-width: 0.1px; border-left-style: dashed; border-left-color: grey;"> </td>
<td headers="Mean" class="gt_row gt_right" style="border-left-width: 0.1px; border-left-style: dashed; border-left-color: grey;">-3.93</td>
<td headers="Median" class="gt_row gt_right" style="border-left-width: 0.1px; border-left-style: dashed; border-left-color: grey;">-3.91</td>
<td headers="SD" class="gt_row gt_right" style="border-left-width: 0.1px; border-left-style: dashed; border-left-color: grey;">0.38</td>
<td headers="Min" class="gt_row gt_right" style="border-left-width: 0.1px; border-left-style: dashed; border-left-color: grey;">-4.99</td>
<td headers="Max" class="gt_row gt_right" style="border-left-width: 0.1px; border-left-style: dashed; border-left-color: grey;">-2.96</td>
<td headers="Histogram" class="gt_row gt_left" style="border-left-width: 0.1px; border-left-style: dashed; border-left-color: grey;">▁▅▇▆▂</td></tr>
    <tr><td headers="Variable" class="gt_row gt_left" style="border-left-width: 0.1px; border-left-style: dashed; border-left-color: grey;">tau</td>
<td headers="Label" class="gt_row gt_right" style="border-left-width: 0.1px; border-left-style: dashed; border-left-color: grey;"></td>
<td headers="Type" class="gt_row gt_left" style="border-left-width: 0.1px; border-left-style: dashed; border-left-color: grey;">numeric</td>
<td headers="Ordered Factor" class="gt_row gt_right" style="border-left-width: 0.1px; border-left-style: dashed; border-left-color: grey;"> </td>
<td headers="n_missing" class="gt_row gt_right" style="border-left-width: 0.1px; border-left-style: dashed; border-left-color: grey;">100</td>
<td headers="complete_rate" class="gt_row gt_right" style="border-left-width: 0.1px; border-left-style: dashed; border-left-color: grey;">0.7</td>
<td headers="n_unique" class="gt_row gt_right" style="border-left-width: 0.1px; border-left-style: dashed; border-left-color: grey;">234</td>
<td headers="Top Counts" class="gt_row gt_right" style="border-left-width: 0.1px; border-left-style: dashed; border-left-color: grey;"> </td>
<td headers="Mean" class="gt_row gt_right" style="border-left-width: 0.1px; border-left-style: dashed; border-left-color: grey;">5.74</td>
<td headers="Median" class="gt_row gt_right" style="border-left-width: 0.1px; border-left-style: dashed; border-left-color: grey;">5.74</td>
<td headers="SD" class="gt_row gt_right" style="border-left-width: 0.1px; border-left-style: dashed; border-left-color: grey;">0.56</td>
<td headers="Min" class="gt_row gt_right" style="border-left-width: 0.1px; border-left-style: dashed; border-left-color: grey;">4.6</td>
<td headers="Max" class="gt_row gt_right" style="border-left-width: 0.1px; border-left-style: dashed; border-left-color: grey;">7.17</td>
<td headers="Histogram" class="gt_row gt_left" style="border-left-width: 0.1px; border-left-style: dashed; border-left-color: grey;">▃▇▇▅▂</td></tr>
    <tr><td headers="Variable" class="gt_row gt_left" style="border-left-width: 0.1px; border-left-style: dashed; border-left-color: grey;">p_tau</td>
<td headers="Label" class="gt_row gt_right" style="border-left-width: 0.1px; border-left-style: dashed; border-left-color: grey;"></td>
<td headers="Type" class="gt_row gt_left" style="border-left-width: 0.1px; border-left-style: dashed; border-left-color: grey;">numeric</td>
<td headers="Ordered Factor" class="gt_row gt_right" style="border-left-width: 0.1px; border-left-style: dashed; border-left-color: grey;"> </td>
<td headers="n_missing" class="gt_row gt_right" style="border-left-width: 0.1px; border-left-style: dashed; border-left-color: grey;">0</td>
<td headers="complete_rate" class="gt_row gt_right" style="border-left-width: 0.1px; border-left-style: dashed; border-left-color: grey;">1</td>
<td headers="n_unique" class="gt_row gt_right" style="border-left-width: 0.1px; border-left-style: dashed; border-left-color: grey;">331</td>
<td headers="Top Counts" class="gt_row gt_right" style="border-left-width: 0.1px; border-left-style: dashed; border-left-color: grey;"> </td>
<td headers="Mean" class="gt_row gt_right" style="border-left-width: 0.1px; border-left-style: dashed; border-left-color: grey;">4.04</td>
<td headers="Median" class="gt_row gt_right" style="border-left-width: 0.1px; border-left-style: dashed; border-left-color: grey;">4.04</td>
<td headers="SD" class="gt_row gt_right" style="border-left-width: 0.1px; border-left-style: dashed; border-left-color: grey;">0.46</td>
<td headers="Min" class="gt_row gt_right" style="border-left-width: 0.1px; border-left-style: dashed; border-left-color: grey;">2.96</td>
<td headers="Max" class="gt_row gt_right" style="border-left-width: 0.1px; border-left-style: dashed; border-left-color: grey;">5.47</td>
<td headers="Histogram" class="gt_row gt_left" style="border-left-width: 0.1px; border-left-style: dashed; border-left-color: grey;">▂▇▇▃▁</td></tr>
    <tr><td headers="Variable" class="gt_row gt_left" style="border-left-width: 0.1px; border-left-style: dashed; border-left-color: grey;">Ab_42</td>
<td headers="Label" class="gt_row gt_right" style="border-left-width: 0.1px; border-left-style: dashed; border-left-color: grey;"></td>
<td headers="Type" class="gt_row gt_left" style="border-left-width: 0.1px; border-left-style: dashed; border-left-color: grey;">numeric</td>
<td headers="Ordered Factor" class="gt_row gt_right" style="border-left-width: 0.1px; border-left-style: dashed; border-left-color: grey;"> </td>
<td headers="n_missing" class="gt_row gt_right" style="border-left-width: 0.1px; border-left-style: dashed; border-left-color: grey;">100</td>
<td headers="complete_rate" class="gt_row gt_right" style="border-left-width: 0.1px; border-left-style: dashed; border-left-color: grey;">0.7</td>
<td headers="n_unique" class="gt_row gt_right" style="border-left-width: 0.1px; border-left-style: dashed; border-left-color: grey;">234</td>
<td headers="Top Counts" class="gt_row gt_right" style="border-left-width: 0.1px; border-left-style: dashed; border-left-color: grey;"> </td>
<td headers="Mean" class="gt_row gt_right" style="border-left-width: 0.1px; border-left-style: dashed; border-left-color: grey;">12.36</td>
<td headers="Median" class="gt_row gt_right" style="border-left-width: 0.1px; border-left-style: dashed; border-left-color: grey;">12.38</td>
<td headers="SD" class="gt_row gt_right" style="border-left-width: 0.1px; border-left-style: dashed; border-left-color: grey;">1.55</td>
<td headers="Min" class="gt_row gt_right" style="border-left-width: 0.1px; border-left-style: dashed; border-left-color: grey;">9.45</td>
<td headers="Max" class="gt_row gt_right" style="border-left-width: 0.1px; border-left-style: dashed; border-left-color: grey;">15.96</td>
<td headers="Histogram" class="gt_row gt_left" style="border-left-width: 0.1px; border-left-style: dashed; border-left-color: grey;">▅▇▇▇▂</td></tr>
  </tbody>
  <tfoot>
    <tr class="gt_footnotes">
      <td class="gt_footnote" colspan="14"><span class="gt_footnote_marks" style="white-space:nowrap;font-style:italic;font-weight:normal;line-height:0;"><sup>1</sup></span> Data Frame has 333 rows and 131 columns</td>
    </tr>
    <tr class="gt_footnotes">
      <td class="gt_footnote" colspan="14"><span class="gt_footnote_marks" style="white-space:nowrap;font-style:italic;font-weight:normal;line-height:0;"><sup>2</sup></span> Color indicates type of variable</td>
    </tr>
  </tfoot>
</table>
</div>

> df_Revalued <- RevalueData(df_Raw, VariableTypes)$RevaluedData

> PlotMissingData(df_Revalued, Relabel = TRUE)

> MakeTable1(df_Revalued, TreatOrdinalAs = "Continuous")
<div id="omqntaqxsm" style="padding-left:0px;padding-right:0px;padding-top:10px;padding-bottom:10px;overflow-x:auto;overflow-y:auto;width:auto;height:auto;">
  <style>#omqntaqxsm table {
  font-family: system-ui, 'Segoe UI', Roboto, Helvetica, Arial, sans-serif, 'Apple Color Emoji', 'Segoe UI Emoji', 'Segoe UI Symbol', 'Noto Color Emoji';
  -webkit-font-smoothing: antialiased;
  -moz-osx-font-smoothing: grayscale;
}

#omqntaqxsm thead, #omqntaqxsm tbody, #omqntaqxsm tfoot, #omqntaqxsm tr, #omqntaqxsm td, #omqntaqxsm th {
  border-style: none;
}

#omqntaqxsm p {
  margin: 0;
  padding: 0;
}

#omqntaqxsm .gt_table {
  display: table;
  border-collapse: collapse;
  line-height: normal;
  margin-left: auto;
  margin-right: auto;
  color: #333333;
  font-size: 16px;
  font-weight: normal;
  font-style: normal;
  background-color: #FFFFFF;
  width: auto;
  border-top-style: solid;
  border-top-width: 2px;
  border-top-color: #A8A8A8;
  border-right-style: none;
  border-right-width: 2px;
  border-right-color: #D3D3D3;
  border-bottom-style: solid;
  border-bottom-width: 2px;
  border-bottom-color: #A8A8A8;
  border-left-style: none;
  border-left-width: 2px;
  border-left-color: #D3D3D3;
}

#omqntaqxsm .gt_caption {
  padding-top: 4px;
  padding-bottom: 4px;
}

#omqntaqxsm .gt_title {
  color: #333333;
  font-size: 125%;
  font-weight: initial;
  padding-top: 4px;
  padding-bottom: 4px;
  padding-left: 5px;
  padding-right: 5px;
  border-bottom-color: #FFFFFF;
  border-bottom-width: 0;
}

#omqntaqxsm .gt_subtitle {
  color: #333333;
  font-size: 85%;
  font-weight: initial;
  padding-top: 3px;
  padding-bottom: 5px;
  padding-left: 5px;
  padding-right: 5px;
  border-top-color: #FFFFFF;
  border-top-width: 0;
}

#omqntaqxsm .gt_heading {
  background-color: #FFFFFF;
  text-align: center;
  border-bottom-color: #FFFFFF;
  border-left-style: none;
  border-left-width: 1px;
  border-left-color: #D3D3D3;
  border-right-style: none;
  border-right-width: 1px;
  border-right-color: #D3D3D3;
}

#omqntaqxsm .gt_bottom_border {
  border-bottom-style: solid;
  border-bottom-width: 2px;
  border-bottom-color: #D3D3D3;
}

#omqntaqxsm .gt_col_headings {
  border-top-style: solid;
  border-top-width: 2px;
  border-top-color: #D3D3D3;
  border-bottom-style: solid;
  border-bottom-width: 2px;
  border-bottom-color: #D3D3D3;
  border-left-style: none;
  border-left-width: 1px;
  border-left-color: #D3D3D3;
  border-right-style: none;
  border-right-width: 1px;
  border-right-color: #D3D3D3;
}

#omqntaqxsm .gt_col_heading {
  color: #333333;
  background-color: #FFFFFF;
  font-size: 100%;
  font-weight: normal;
  text-transform: inherit;
  border-left-style: none;
  border-left-width: 1px;
  border-left-color: #D3D3D3;
  border-right-style: none;
  border-right-width: 1px;
  border-right-color: #D3D3D3;
  vertical-align: bottom;
  padding-top: 5px;
  padding-bottom: 6px;
  padding-left: 5px;
  padding-right: 5px;
  overflow-x: hidden;
}

#omqntaqxsm .gt_column_spanner_outer {
  color: #333333;
  background-color: #FFFFFF;
  font-size: 100%;
  font-weight: normal;
  text-transform: inherit;
  padding-top: 0;
  padding-bottom: 0;
  padding-left: 4px;
  padding-right: 4px;
}

#omqntaqxsm .gt_column_spanner_outer:first-child {
  padding-left: 0;
}

#omqntaqxsm .gt_column_spanner_outer:last-child {
  padding-right: 0;
}

#omqntaqxsm .gt_column_spanner {
  border-bottom-style: solid;
  border-bottom-width: 2px;
  border-bottom-color: #D3D3D3;
  vertical-align: bottom;
  padding-top: 5px;
  padding-bottom: 5px;
  overflow-x: hidden;
  display: inline-block;
  width: 100%;
}

#omqntaqxsm .gt_spanner_row {
  border-bottom-style: hidden;
}

#omqntaqxsm .gt_group_heading {
  padding-top: 8px;
  padding-bottom: 8px;
  padding-left: 5px;
  padding-right: 5px;
  color: #333333;
  background-color: #FFFFFF;
  font-size: 100%;
  font-weight: initial;
  text-transform: inherit;
  border-top-style: solid;
  border-top-width: 2px;
  border-top-color: #D3D3D3;
  border-bottom-style: solid;
  border-bottom-width: 2px;
  border-bottom-color: #D3D3D3;
  border-left-style: none;
  border-left-width: 1px;
  border-left-color: #D3D3D3;
  border-right-style: none;
  border-right-width: 1px;
  border-right-color: #D3D3D3;
  vertical-align: middle;
  text-align: left;
}

#omqntaqxsm .gt_empty_group_heading {
  padding: 0.5px;
  color: #333333;
  background-color: #FFFFFF;
  font-size: 100%;
  font-weight: initial;
  border-top-style: solid;
  border-top-width: 2px;
  border-top-color: #D3D3D3;
  border-bottom-style: solid;
  border-bottom-width: 2px;
  border-bottom-color: #D3D3D3;
  vertical-align: middle;
}

#omqntaqxsm .gt_from_md > :first-child {
  margin-top: 0;
}

#omqntaqxsm .gt_from_md > :last-child {
  margin-bottom: 0;
}

#omqntaqxsm .gt_row {
  padding-top: 8px;
  padding-bottom: 8px;
  padding-left: 5px;
  padding-right: 5px;
  margin: 10px;
  border-top-style: solid;
  border-top-width: 1px;
  border-top-color: #D3D3D3;
  border-left-style: none;
  border-left-width: 1px;
  border-left-color: #D3D3D3;
  border-right-style: none;
  border-right-width: 1px;
  border-right-color: #D3D3D3;
  vertical-align: middle;
  overflow-x: hidden;
}

#omqntaqxsm .gt_stub {
  color: #333333;
  background-color: #FFFFFF;
  font-size: 100%;
  font-weight: initial;
  text-transform: inherit;
  border-right-style: solid;
  border-right-width: 2px;
  border-right-color: #D3D3D3;
  padding-left: 5px;
  padding-right: 5px;
}

#omqntaqxsm .gt_stub_row_group {
  color: #333333;
  background-color: #FFFFFF;
  font-size: 100%;
  font-weight: initial;
  text-transform: inherit;
  border-right-style: solid;
  border-right-width: 2px;
  border-right-color: #D3D3D3;
  padding-left: 5px;
  padding-right: 5px;
  vertical-align: top;
}

#omqntaqxsm .gt_row_group_first td {
  border-top-width: 2px;
}

#omqntaqxsm .gt_row_group_first th {
  border-top-width: 2px;
}

#omqntaqxsm .gt_summary_row {
  color: #333333;
  background-color: #FFFFFF;
  text-transform: inherit;
  padding-top: 8px;
  padding-bottom: 8px;
  padding-left: 5px;
  padding-right: 5px;
}

#omqntaqxsm .gt_first_summary_row {
  border-top-style: solid;
  border-top-color: #D3D3D3;
}

#omqntaqxsm .gt_first_summary_row.thick {
  border-top-width: 2px;
}

#omqntaqxsm .gt_last_summary_row {
  padding-top: 8px;
  padding-bottom: 8px;
  padding-left: 5px;
  padding-right: 5px;
  border-bottom-style: solid;
  border-bottom-width: 2px;
  border-bottom-color: #D3D3D3;
}

#omqntaqxsm .gt_grand_summary_row {
  color: #333333;
  background-color: #FFFFFF;
  text-transform: inherit;
  padding-top: 8px;
  padding-bottom: 8px;
  padding-left: 5px;
  padding-right: 5px;
}

#omqntaqxsm .gt_first_grand_summary_row {
  padding-top: 8px;
  padding-bottom: 8px;
  padding-left: 5px;
  padding-right: 5px;
  border-top-style: double;
  border-top-width: 6px;
  border-top-color: #D3D3D3;
}

#omqntaqxsm .gt_last_grand_summary_row_top {
  padding-top: 8px;
  padding-bottom: 8px;
  padding-left: 5px;
  padding-right: 5px;
  border-bottom-style: double;
  border-bottom-width: 6px;
  border-bottom-color: #D3D3D3;
}

#omqntaqxsm .gt_striped {
  background-color: rgba(128, 128, 128, 0.05);
}

#omqntaqxsm .gt_table_body {
  border-top-style: solid;
  border-top-width: 2px;
  border-top-color: #D3D3D3;
  border-bottom-style: solid;
  border-bottom-width: 2px;
  border-bottom-color: #D3D3D3;
}

#omqntaqxsm .gt_footnotes {
  color: #333333;
  background-color: #FFFFFF;
  border-bottom-style: none;
  border-bottom-width: 2px;
  border-bottom-color: #D3D3D3;
  border-left-style: none;
  border-left-width: 2px;
  border-left-color: #D3D3D3;
  border-right-style: none;
  border-right-width: 2px;
  border-right-color: #D3D3D3;
}

#omqntaqxsm .gt_footnote {
  margin: 0px;
  font-size: 90%;
  padding-top: 4px;
  padding-bottom: 4px;
  padding-left: 5px;
  padding-right: 5px;
}

#omqntaqxsm .gt_sourcenotes {
  color: #333333;
  background-color: #FFFFFF;
  border-bottom-style: none;
  border-bottom-width: 2px;
  border-bottom-color: #D3D3D3;
  border-left-style: none;
  border-left-width: 2px;
  border-left-color: #D3D3D3;
  border-right-style: none;
  border-right-width: 2px;
  border-right-color: #D3D3D3;
}

#omqntaqxsm .gt_sourcenote {
  font-size: 90%;
  padding-top: 4px;
  padding-bottom: 4px;
  padding-left: 5px;
  padding-right: 5px;
}

#omqntaqxsm .gt_left {
  text-align: left;
}

#omqntaqxsm .gt_center {
  text-align: center;
}

#omqntaqxsm .gt_right {
  text-align: right;
  font-variant-numeric: tabular-nums;
}

#omqntaqxsm .gt_font_normal {
  font-weight: normal;
}

#omqntaqxsm .gt_font_bold {
  font-weight: bold;
}

#omqntaqxsm .gt_font_italic {
  font-style: italic;
}

#omqntaqxsm .gt_super {
  font-size: 65%;
}

#omqntaqxsm .gt_footnote_marks {
  font-size: 75%;
  vertical-align: 0.4em;
  position: initial;
}

#omqntaqxsm .gt_asterisk {
  font-size: 100%;
  vertical-align: 0;
}

#omqntaqxsm .gt_indent_1 {
  text-indent: 5px;
}

#omqntaqxsm .gt_indent_2 {
  text-indent: 10px;
}

#omqntaqxsm .gt_indent_3 {
  text-indent: 15px;
}

#omqntaqxsm .gt_indent_4 {
  text-indent: 20px;
}

#omqntaqxsm .gt_indent_5 {
  text-indent: 25px;
}

#omqntaqxsm .katex-display {
  display: inline-flex !important;
  margin-bottom: 0.75em !important;
}

#omqntaqxsm div.Reactable > div.rt-table > div.rt-thead > div.rt-tr.rt-tr-group-header > div.rt-th-group:after {
  height: 0px !important;
}
</style>
  <table class="gt_table" data-quarto-disable-processing="false" data-quarto-bootstrap="false">
  <thead>
    <tr class="gt_col_headings">
      <th class="gt_col_heading gt_columns_bottom_border gt_left" rowspan="1" colspan="1" scope="col" id="label"><span class='gt_from_md'><strong>Characteristic</strong></span></th>
      <th class="gt_col_heading gt_columns_bottom_border gt_center" rowspan="1" colspan="1" scope="col" id="stat_0"><span class='gt_from_md'><strong>N = 333</strong></span><span class="gt_footnote_marks" style="white-space:nowrap;font-style:italic;font-weight:normal;line-height:0;"><sup>1</sup></span></th>
    </tr>
  </thead>
  <tbody class="gt_table_body">
    <tr><td headers="label" class="gt_row gt_left">Diagnosis</td>
<td headers="stat_0" class="gt_row gt_center"><br /></td></tr>
    <tr><td headers="label" class="gt_row gt_left">    Control</td>
<td headers="stat_0" class="gt_row gt_center">242 (73%)</td></tr>
    <tr><td headers="label" class="gt_row gt_left">    Impaired</td>
<td headers="stat_0" class="gt_row gt_center">91 (27%)</td></tr>
    <tr><td headers="label" class="gt_row gt_left">Age</td>
<td headers="stat_0" class="gt_row gt_center">72 (13)</td></tr>
    <tr><td headers="label" class="gt_row gt_left">    Unknown</td>
<td headers="stat_0" class="gt_row gt_center">11</td></tr>
    <tr><td headers="label" class="gt_row gt_left">Sex</td>
<td headers="stat_0" class="gt_row gt_center"><br /></td></tr>
    <tr><td headers="label" class="gt_row gt_left">    Female</td>
<td headers="stat_0" class="gt_row gt_center">204 (61%)</td></tr>
    <tr><td headers="label" class="gt_row gt_left">    Male</td>
<td headers="stat_0" class="gt_row gt_center">129 (39%)</td></tr>
    <tr><td headers="label" class="gt_row gt_left">Genotype</td>
<td headers="stat_0" class="gt_row gt_center"><br /></td></tr>
    <tr><td headers="label" class="gt_row gt_left">    E2E2</td>
<td headers="stat_0" class="gt_row gt_center">2 (0.6%)</td></tr>
    <tr><td headers="label" class="gt_row gt_left">    E2E3</td>
<td headers="stat_0" class="gt_row gt_center">37 (11%)</td></tr>
    <tr><td headers="label" class="gt_row gt_left">    E2E4</td>
<td headers="stat_0" class="gt_row gt_center">8 (2.4%)</td></tr>
    <tr><td headers="label" class="gt_row gt_left">    E3E3</td>
<td headers="stat_0" class="gt_row gt_center">167 (50%)</td></tr>
    <tr><td headers="label" class="gt_row gt_left">    E3E4</td>
<td headers="stat_0" class="gt_row gt_center">106 (32%)</td></tr>
    <tr><td headers="label" class="gt_row gt_left">    E4E4</td>
<td headers="stat_0" class="gt_row gt_center">13 (3.9%)</td></tr>
    <tr><td headers="label" class="gt_row gt_left">Angiotensin-converting enzyme</td>
<td headers="stat_0" class="gt_row gt_center">1.32 (0.55)</td></tr>
    <tr><td headers="label" class="gt_row gt_left">Adrenocorticotropic hormone</td>
<td headers="stat_0" class="gt_row gt_center">-1.54 (0.27)</td></tr>
    <tr><td headers="label" class="gt_row gt_left">AXL receptor tyrosine kinase</td>
<td headers="stat_0" class="gt_row gt_center">0.30 (0.45)</td></tr>
    <tr><td headers="label" class="gt_row gt_left">Adiponectin</td>
<td headers="stat_0" class="gt_row gt_center">-5.22 (0.67)</td></tr>
    <tr><td headers="label" class="gt_row gt_left">Alpha-1-antichymotrypsin</td>
<td headers="stat_0" class="gt_row gt_center">1.35 (0.36)</td></tr>
    <tr><td headers="label" class="gt_row gt_left">Alpha-1-antitrypsin</td>
<td headers="stat_0" class="gt_row gt_center">-13.14 (1.55)</td></tr>
    <tr><td headers="label" class="gt_row gt_left">Alpha-1-microglobulin</td>
<td headers="stat_0" class="gt_row gt_center">-2.94 (0.48)</td></tr>
    <tr><td headers="label" class="gt_row gt_left">Alpha-2-macroglobulin</td>
<td headers="stat_0" class="gt_row gt_center">-159 (41)</td></tr>
    <tr><td headers="label" class="gt_row gt_left">Angiopoietin-2</td>
<td headers="stat_0" class="gt_row gt_center">0.66 (0.33)</td></tr>
    <tr><td headers="label" class="gt_row gt_left">Angiotensinogen</td>
<td headers="stat_0" class="gt_row gt_center">2.33 (0.25)</td></tr>
    <tr><td headers="label" class="gt_row gt_left">    Unknown</td>
<td headers="stat_0" class="gt_row gt_center">100</td></tr>
    <tr><td headers="label" class="gt_row gt_left">Apolipoprotein A-IV</td>
<td headers="stat_0" class="gt_row gt_center">-1.86 (0.38)</td></tr>
    <tr><td headers="label" class="gt_row gt_left">Apolipoprotein A-1</td>
<td headers="stat_0" class="gt_row gt_center">-7.48 (0.44)</td></tr>
    <tr><td headers="label" class="gt_row gt_left">Apolipoprotein A-2</td>
<td headers="stat_0" class="gt_row gt_center">-0.65 (0.49)</td></tr>
    <tr><td headers="label" class="gt_row gt_left">Apolipoprotein B</td>
<td headers="stat_0" class="gt_row gt_center">-5.59 (1.45)</td></tr>
    <tr><td headers="label" class="gt_row gt_left">Apolipoprotein C-I</td>
<td headers="stat_0" class="gt_row gt_center">-1.59 (0.42)</td></tr>
    <tr><td headers="label" class="gt_row gt_left">Apolipoprotein C-III</td>
<td headers="stat_0" class="gt_row gt_center">-2.50 (0.44)</td></tr>
    <tr><td headers="label" class="gt_row gt_left">Apolipoprotein D</td>
<td headers="stat_0" class="gt_row gt_center">1.43 (0.35)</td></tr>
    <tr><td headers="label" class="gt_row gt_left">Apolipoprotein E</td>
<td headers="stat_0" class="gt_row gt_center">2.79 (0.80)</td></tr>
    <tr><td headers="label" class="gt_row gt_left">Apolipoprotein H</td>
<td headers="stat_0" class="gt_row gt_center">-0.32 (0.38)</td></tr>
    <tr><td headers="label" class="gt_row gt_left">B-lymphocyte chemoattractant</td>
<td headers="stat_0" class="gt_row gt_center">1.99 (0.57)</td></tr>
    <tr><td headers="label" class="gt_row gt_left">Bone morphogenetic protein 6</td>
<td headers="stat_0" class="gt_row gt_center">-1.90 (0.30)</td></tr>
    <tr><td headers="label" class="gt_row gt_left">    Unknown</td>
<td headers="stat_0" class="gt_row gt_center">100</td></tr>
    <tr><td headers="label" class="gt_row gt_left">Beta-2-microglobulin</td>
<td headers="stat_0" class="gt_row gt_center">0.17 (0.30)</td></tr>
    <tr><td headers="label" class="gt_row gt_left">Betacellulin</td>
<td headers="stat_0" class="gt_row gt_center">51 (11)</td></tr>
    <tr><td headers="label" class="gt_row gt_left">C-reactive protein</td>
<td headers="stat_0" class="gt_row gt_center">-5.90 (1.19)</td></tr>
    <tr><td headers="label" class="gt_row gt_left">CD40</td>
<td headers="stat_0" class="gt_row gt_center">-1.26 (0.22)</td></tr>
    <tr><td headers="label" class="gt_row gt_left">CD5L</td>
<td headers="stat_0" class="gt_row gt_center">-0.06 (0.46)</td></tr>
    <tr><td headers="label" class="gt_row gt_left">Calbindin</td>
<td headers="stat_0" class="gt_row gt_center">22.2 (4.2)</td></tr>
    <tr><td headers="label" class="gt_row gt_left">Calcitonin</td>
<td headers="stat_0" class="gt_row gt_center">1.69 (0.88)</td></tr>
    <tr><td headers="label" class="gt_row gt_left">Chromogranin A</td>
<td headers="stat_0" class="gt_row gt_center">331 (82)</td></tr>
    <tr><td headers="label" class="gt_row gt_left">Clusterin (ApoJ)</td>
<td headers="stat_0" class="gt_row gt_center">2.88 (0.30)</td></tr>
    <tr><td headers="label" class="gt_row gt_left">Complement component 3</td>
<td headers="stat_0" class="gt_row gt_center">-15.67 (2.49)</td></tr>
    <tr><td headers="label" class="gt_row gt_left">Complement factor H</td>
<td headers="stat_0" class="gt_row gt_center">3.52 (1.25)</td></tr>
    <tr><td headers="label" class="gt_row gt_left">Connective tissue growth factor</td>
<td headers="stat_0" class="gt_row gt_center">0.77 (0.21)</td></tr>
    <tr><td headers="label" class="gt_row gt_left">Cortisol</td>
<td headers="stat_0" class="gt_row gt_center">11.7 (4.0)</td></tr>
    <tr><td headers="label" class="gt_row gt_left">Creatine kinase-MB</td>
<td headers="stat_0" class="gt_row gt_center">-1.67 (0.09)</td></tr>
    <tr><td headers="label" class="gt_row gt_left">Cystatin C</td>
<td headers="stat_0" class="gt_row gt_center">8.58 (0.40)</td></tr>
    <tr><td headers="label" class="gt_row gt_left">Epidermal growth factor receptor</td>
<td headers="stat_0" class="gt_row gt_center">-0.70 (0.23)</td></tr>
    <tr><td headers="label" class="gt_row gt_left">EN-RAGE (extracellular newly identified RAGE-binding protein)</td>
<td headers="stat_0" class="gt_row gt_center">-3.63 (0.90)</td></tr>
    <tr><td headers="label" class="gt_row gt_left">ENA-78 (epithelial-derived neutrophil-activating protein 78)</td>
<td headers="stat_0" class="gt_row gt_center">-1.373 (0.012)</td></tr>
    <tr><td headers="label" class="gt_row gt_left">    Unknown</td>
<td headers="stat_0" class="gt_row gt_center">100</td></tr>
    <tr><td headers="label" class="gt_row gt_left">Eotaxin-3</td>
<td headers="stat_0" class="gt_row gt_center">58 (16)</td></tr>
    <tr><td headers="label" class="gt_row gt_left">Fas (tumor necrosis factor receptor superfamily member 6)</td>
<td headers="stat_0" class="gt_row gt_center">-0.53 (0.30)</td></tr>
    <tr><td headers="label" class="gt_row gt_left">Follicle-stimulating hormone</td>
<td headers="stat_0" class="gt_row gt_center">-1.13 (0.40)</td></tr>
    <tr><td headers="label" class="gt_row gt_left">Fas ligand</td>
<td headers="stat_0" class="gt_row gt_center">2.90 (1.08)</td></tr>
    <tr><td headers="label" class="gt_row gt_left">Fatty acid-binding protein</td>
<td headers="stat_0" class="gt_row gt_center">1.34 (0.78)</td></tr>
    <tr><td headers="label" class="gt_row gt_left">Ferritin</td>
<td headers="stat_0" class="gt_row gt_center">2.75 (0.78)</td></tr>
    <tr><td headers="label" class="gt_row gt_left">Fetuin-A</td>
<td headers="stat_0" class="gt_row gt_center">1.36 (0.38)</td></tr>
    <tr><td headers="label" class="gt_row gt_left">    Unknown</td>
<td headers="stat_0" class="gt_row gt_center">100</td></tr>
    <tr><td headers="label" class="gt_row gt_left">Fibrinogen</td>
<td headers="stat_0" class="gt_row gt_center">-7.36 (0.58)</td></tr>
    <tr><td headers="label" class="gt_row gt_left">Growth-regulated alpha protein</td>
<td headers="stat_0" class="gt_row gt_center">1.38 (0.04)</td></tr>
    <tr><td headers="label" class="gt_row gt_left">Gamma interferon-induced monokine</td>
<td headers="stat_0" class="gt_row gt_center">2.78 (0.11)</td></tr>
    <tr><td headers="label" class="gt_row gt_left">Glutathione S-transferase alpha</td>
<td headers="stat_0" class="gt_row gt_center">0.95 (0.16)</td></tr>
    <tr><td headers="label" class="gt_row gt_left">Heparin-binding epidermal growth factor</td>
<td headers="stat_0" class="gt_row gt_center">6.84 (1.49)</td></tr>
    <tr><td headers="label" class="gt_row gt_left">HCC-4 (hemofiltrate CC chemokine-4)</td>
<td headers="stat_0" class="gt_row gt_center">-3.51 (0.36)</td></tr>
    <tr><td headers="label" class="gt_row gt_left">Hepatocyte growth factor</td>
<td headers="stat_0" class="gt_row gt_center">0.19 (0.30)</td></tr>
    <tr><td headers="label" class="gt_row gt_left">I-309 (TCA-3)</td>
<td headers="stat_0" class="gt_row gt_center">2.95 (0.37)</td></tr>
    <tr><td headers="label" class="gt_row gt_left">Intercellular adhesion molecule 1</td>
<td headers="stat_0" class="gt_row gt_center">-0.59 (0.33)</td></tr>
    <tr><td headers="label" class="gt_row gt_left">Insulin-like growth factor-binding protein 2</td>
<td headers="stat_0" class="gt_row gt_center">5.31 (0.21)</td></tr>
    <tr><td headers="label" class="gt_row gt_left">Interleukin 11</td>
<td headers="stat_0" class="gt_row gt_center">4.71 (1.42)</td></tr>
    <tr><td headers="label" class="gt_row gt_left">Interleukin 13</td>
<td headers="stat_0" class="gt_row gt_center">1.284 (0.011)</td></tr>
    <tr><td headers="label" class="gt_row gt_left">Interleukin 16</td>
<td headers="stat_0" class="gt_row gt_center">2.91 (0.67)</td></tr>
    <tr><td headers="label" class="gt_row gt_left">Interleukin 17E</td>
<td headers="stat_0" class="gt_row gt_center">4.84 (1.33)</td></tr>
    <tr><td headers="label" class="gt_row gt_left">Interleukin 1 alpha</td>
<td headers="stat_0" class="gt_row gt_center">-7.52 (0.40)</td></tr>
    <tr><td headers="label" class="gt_row gt_left">Interleukin 3</td>
<td headers="stat_0" class="gt_row gt_center">-3.95 (0.51)</td></tr>
    <tr><td headers="label" class="gt_row gt_left">Interleukin 4</td>
<td headers="stat_0" class="gt_row gt_center">1.77 (0.51)</td></tr>
    <tr><td headers="label" class="gt_row gt_left">Interleukin 5</td>
<td headers="stat_0" class="gt_row gt_center">0.19 (0.45)</td></tr>
    <tr><td headers="label" class="gt_row gt_left">Interleukin 6</td>
<td headers="stat_0" class="gt_row gt_center">-0.15 (0.54)</td></tr>
    <tr><td headers="label" class="gt_row gt_left">    Unknown</td>
<td headers="stat_0" class="gt_row gt_center">100</td></tr>
    <tr><td headers="label" class="gt_row gt_left">Interleukin 6 receptor</td>
<td headers="stat_0" class="gt_row gt_center">0.09 (0.32)</td></tr>
    <tr><td headers="label" class="gt_row gt_left">Interleukin 7</td>
<td headers="stat_0" class="gt_row gt_center">2.90 (1.02)</td></tr>
    <tr><td headers="label" class="gt_row gt_left">Interleukin 8</td>
<td headers="stat_0" class="gt_row gt_center">1.70 (0.04)</td></tr>
    <tr><td headers="label" class="gt_row gt_left">Inducible protein 10</td>
<td headers="stat_0" class="gt_row gt_center">5.73 (0.51)</td></tr>
    <tr><td headers="label" class="gt_row gt_left">Immunoglobulin A</td>
<td headers="stat_0" class="gt_row gt_center">-6.11 (0.74)</td></tr>
    <tr><td headers="label" class="gt_row gt_left">Insulin</td>
<td headers="stat_0" class="gt_row gt_center">-1.23 (0.34)</td></tr>
    <tr><td headers="label" class="gt_row gt_left">Kidney injury molecule 1</td>
<td headers="stat_0" class="gt_row gt_center">-1.185 (0.028)</td></tr>
    <tr><td headers="label" class="gt_row gt_left">Lectin-like oxidized LDL receptor 1</td>
<td headers="stat_0" class="gt_row gt_center">1.27 (0.41)</td></tr>
    <tr><td headers="label" class="gt_row gt_left">Leptin</td>
<td headers="stat_0" class="gt_row gt_center">-1.49 (0.27)</td></tr>
    <tr><td headers="label" class="gt_row gt_left">Lipoprotein(a)</td>
<td headers="stat_0" class="gt_row gt_center">-4.44 (1.07)</td></tr>
    <tr><td headers="label" class="gt_row gt_left">Monocyte chemoattractant protein 1</td>
<td headers="stat_0" class="gt_row gt_center">6.49 (0.26)</td></tr>
    <tr><td headers="label" class="gt_row gt_left">Monocyte chemoattractant protein 2</td>
<td headers="stat_0" class="gt_row gt_center">1.86 (0.64)</td></tr>
    <tr><td headers="label" class="gt_row gt_left">Macrophage migration inhibitory factor</td>
<td headers="stat_0" class="gt_row gt_center">-1.88 (0.33)</td></tr>
    <tr><td headers="label" class="gt_row gt_left">Macrophage inflammatory protein 1 alpha</td>
<td headers="stat_0" class="gt_row gt_center">4.02 (1.01)</td></tr>
    <tr><td headers="label" class="gt_row gt_left">Macrophage inflammatory protein 1 beta</td>
<td headers="stat_0" class="gt_row gt_center">2.81 (0.38)</td></tr>
    <tr><td headers="label" class="gt_row gt_left">Matrix metalloproteinase 2</td>
<td headers="stat_0" class="gt_row gt_center">2.91 (0.94)</td></tr>
    <tr><td headers="label" class="gt_row gt_left">Matrix metalloproteinase 3</td>
<td headers="stat_0" class="gt_row gt_center">-2.45 (0.58)</td></tr>
    <tr><td headers="label" class="gt_row gt_left">Matrix metalloproteinase 10</td>
<td headers="stat_0" class="gt_row gt_center">-3.64 (0.43)</td></tr>
    <tr><td headers="label" class="gt_row gt_left">Matrix metalloproteinase 7</td>
<td headers="stat_0" class="gt_row gt_center">-3.83 (1.55)</td></tr>
    <tr><td headers="label" class="gt_row gt_left">Myoglobin</td>
<td headers="stat_0" class="gt_row gt_center">-1.38 (0.94)</td></tr>
    <tr><td headers="label" class="gt_row gt_left">N-terminal pro b-type natriuretic peptide</td>
<td headers="stat_0" class="gt_row gt_center">4.53 (0.37)</td></tr>
    <tr><td headers="label" class="gt_row gt_left">    Unknown</td>
<td headers="stat_0" class="gt_row gt_center">100</td></tr>
    <tr><td headers="label" class="gt_row gt_left">Neuron-glia cell adhesion molecule</td>
<td headers="stat_0" class="gt_row gt_center">4.37 (0.55)</td></tr>
    <tr><td headers="label" class="gt_row gt_left">    Unknown</td>
<td headers="stat_0" class="gt_row gt_center">100</td></tr>
    <tr><td headers="label" class="gt_row gt_left">Osteopontin</td>
<td headers="stat_0" class="gt_row gt_center">5.20 (0.39)</td></tr>
    <tr><td headers="label" class="gt_row gt_left">Plasminogen activator inhibitor 1</td>
<td headers="stat_0" class="gt_row gt_center">0.06 (0.42)</td></tr>
    <tr><td headers="label" class="gt_row gt_left">Pregnancy-associated plasma protein A</td>
<td headers="stat_0" class="gt_row gt_center">-2.85 (0.14)</td></tr>
    <tr><td headers="label" class="gt_row gt_left">Placental growth factor</td>
<td headers="stat_0" class="gt_row gt_center">3.91 (0.40)</td></tr>
    <tr><td headers="label" class="gt_row gt_left">Peptide YY</td>
<td headers="stat_0" class="gt_row gt_center">3.01 (0.29)</td></tr>
    <tr><td headers="label" class="gt_row gt_left">Pancreatic polypeptide</td>
<td headers="stat_0" class="gt_row gt_center">-0.01 (0.72)</td></tr>
    <tr><td headers="label" class="gt_row gt_left">Prolactin</td>
<td headers="stat_0" class="gt_row gt_center">0.05 (0.30)</td></tr>
    <tr><td headers="label" class="gt_row gt_left">Prostatic acid phosphatase</td>
<td headers="stat_0" class="gt_row gt_center">-1.69 (0.06)</td></tr>
    <tr><td headers="label" class="gt_row gt_left">Protein S</td>
<td headers="stat_0" class="gt_row gt_center">-2.25 (0.36)</td></tr>
    <tr><td headers="label" class="gt_row gt_left">Pulmonary and activation-regulated chemokine</td>
<td headers="stat_0" class="gt_row gt_center">-1.54 (0.44)</td></tr>
    <tr><td headers="label" class="gt_row gt_left">    Unknown</td>
<td headers="stat_0" class="gt_row gt_center">100</td></tr>
    <tr><td headers="label" class="gt_row gt_left">Regulated on activation, normal T cell expressed and secreted</td>
<td headers="stat_0" class="gt_row gt_center">-6.52 (0.32)</td></tr>
    <tr><td headers="label" class="gt_row gt_left">Resistin</td>
<td headers="stat_0" class="gt_row gt_center">-17.8 (5.7)</td></tr>
    <tr><td headers="label" class="gt_row gt_left">S100 calcium-binding protein B</td>
<td headers="stat_0" class="gt_row gt_center">1.24 (0.35)</td></tr>
    <tr><td headers="label" class="gt_row gt_left">Serum glutamic-oxaloacetic transaminase</td>
<td headers="stat_0" class="gt_row gt_center">-0.42 (0.35)</td></tr>
    <tr><td headers="label" class="gt_row gt_left">Sex hormone-binding globulin</td>
<td headers="stat_0" class="gt_row gt_center">-2.52 (0.57)</td></tr>
    <tr><td headers="label" class="gt_row gt_left">Superoxide dismutase</td>
<td headers="stat_0" class="gt_row gt_center">5.33 (0.38)</td></tr>
    <tr><td headers="label" class="gt_row gt_left">Serum amyloid P component</td>
<td headers="stat_0" class="gt_row gt_center">-6.03 (0.55)</td></tr>
    <tr><td headers="label" class="gt_row gt_left">Sortilin</td>
<td headers="stat_0" class="gt_row gt_center">3.84 (0.87)</td></tr>
    <tr><td headers="label" class="gt_row gt_left">Stem cell factor</td>
<td headers="stat_0" class="gt_row gt_center">3.29 (0.36)</td></tr>
    <tr><td headers="label" class="gt_row gt_left">Transforming growth factor alpha</td>
<td headers="stat_0" class="gt_row gt_center">9.80 (1.28)</td></tr>
    <tr><td headers="label" class="gt_row gt_left">Tissue inhibitor of metalloproteinases 1</td>
<td headers="stat_0" class="gt_row gt_center">11.70 (1.85)</td></tr>
    <tr><td headers="label" class="gt_row gt_left">Tumor necrosis factor receptor II</td>
<td headers="stat_0" class="gt_row gt_center">-0.60 (0.34)</td></tr>
    <tr><td headers="label" class="gt_row gt_left">TNF-related apoptosis-inducing ligand receptor 3</td>
<td headers="stat_0" class="gt_row gt_center">-0.55 (0.24)</td></tr>
    <tr><td headers="label" class="gt_row gt_left">Transthyretin (prealbumin)</td>
<td headers="stat_0" class="gt_row gt_center">2.85 (0.14)</td></tr>
    <tr><td headers="label" class="gt_row gt_left">    Unknown</td>
<td headers="stat_0" class="gt_row gt_center">100</td></tr>
    <tr><td headers="label" class="gt_row gt_left">Tamm-Horsfall protein</td>
<td headers="stat_0" class="gt_row gt_center">-3.12 (0.03)</td></tr>
    <tr><td headers="label" class="gt_row gt_left">    Unknown</td>
<td headers="stat_0" class="gt_row gt_center">100</td></tr>
    <tr><td headers="label" class="gt_row gt_left">Thrombomodulin</td>
<td headers="stat_0" class="gt_row gt_center">-1.51 (0.23)</td></tr>
    <tr><td headers="label" class="gt_row gt_left">Thrombopoietin</td>
<td headers="stat_0" class="gt_row gt_center">-0.76 (0.24)</td></tr>
    <tr><td headers="label" class="gt_row gt_left">    Unknown</td>
<td headers="stat_0" class="gt_row gt_center">100</td></tr>
    <tr><td headers="label" class="gt_row gt_left">Thymus-expressed chemokine (TECK)</td>
<td headers="stat_0" class="gt_row gt_center">3.83 (0.79)</td></tr>
    <tr><td headers="label" class="gt_row gt_left">Thyroid-stimulating hormone</td>
<td headers="stat_0" class="gt_row gt_center">-4.44 (0.77)</td></tr>
    <tr><td headers="label" class="gt_row gt_left">Thyroxine-binding globulin</td>
<td headers="stat_0" class="gt_row gt_center">-1.48 (0.40)</td></tr>
    <tr><td headers="label" class="gt_row gt_left">Tissue factor</td>
<td headers="stat_0" class="gt_row gt_center">1.16 (0.51)</td></tr>
    <tr><td headers="label" class="gt_row gt_left">Transferrin</td>
<td headers="stat_0" class="gt_row gt_center">2.91 (0.28)</td></tr>
    <tr><td headers="label" class="gt_row gt_left">Trefoil factor 3 (TFF3)</td>
<td headers="stat_0" class="gt_row gt_center">-3.89 (0.34)</td></tr>
    <tr><td headers="label" class="gt_row gt_left">Vascular cell adhesion molecule 1</td>
<td headers="stat_0" class="gt_row gt_center">2.68 (0.32)</td></tr>
    <tr><td headers="label" class="gt_row gt_left">Vascular endothelial growth factor</td>
<td headers="stat_0" class="gt_row gt_center">16.93 (1.87)</td></tr>
    <tr><td headers="label" class="gt_row gt_left">Vitronectin</td>
<td headers="stat_0" class="gt_row gt_center">-0.28 (0.33)</td></tr>
    <tr><td headers="label" class="gt_row gt_left">von Willebrand factor</td>
<td headers="stat_0" class="gt_row gt_center">-3.93 (0.38)</td></tr>
    <tr><td headers="label" class="gt_row gt_left">Tau protein</td>
<td headers="stat_0" class="gt_row gt_center">5.74 (0.56)</td></tr>
    <tr><td headers="label" class="gt_row gt_left">    Unknown</td>
<td headers="stat_0" class="gt_row gt_center">100</td></tr>
    <tr><td headers="label" class="gt_row gt_left">Phosphorylated tau protein</td>
<td headers="stat_0" class="gt_row gt_center">4.04 (0.46)</td></tr>
    <tr><td headers="label" class="gt_row gt_left">Amyloid beta 42</td>
<td headers="stat_0" class="gt_row gt_center">12.36 (1.55)</td></tr>
    <tr><td headers="label" class="gt_row gt_left">    Unknown</td>
<td headers="stat_0" class="gt_row gt_center">100</td></tr>
  </tbody>
  <tfoot>
    <tr class="gt_footnotes">
      <td class="gt_footnote" colspan="2"><span class="gt_footnote_marks" style="white-space:nowrap;font-style:italic;font-weight:normal;line-height:0;"><sup>1</sup></span> <span class='gt_from_md'>n (%); Mean (SD)</span></td>
    </tr>
  </tfoot>
</table>
</div>

> vars_Continuous <- getNumVars(df_Revalued, Ordinal = FALSE)

> vars_Categorical <- getCatVars(df_Revalued)

> CreateSummaryTable(df_Revalued, vars_Continuous, Relabel = TRUE)
<div style="border: 1px solid #ddd; padding: 0px; overflow-y: scroll; height:700px; overflow-x: scroll; width:100%; "><table class="table table-striped table-hover table-condensed table-responsive" style="margin-left: auto; margin-right: auto;">
<caption>Descriptive Summary Table. IQR, Skewness, and Kurtosis are highlighted in yellow if they are indicative of a non-normal distribution. Pct.Valid is highlighted in red if over 30% of data is missing</caption>
 <thead>
  <tr>
   <th style="text-align:left;position: sticky; top:0; background-color: #FFFFFF;">   </th>
   <th style="text-align:left;position: sticky; top:0; background-color: #FFFFFF;"> Variable </th>
   <th style="text-align:left;position: sticky; top:0; background-color: #FFFFFF;"> label </th>
   <th style="text-align:right;position: sticky; top:0; background-color: #FFFFFF;"> Mean </th>
   <th style="text-align:right;position: sticky; top:0; background-color: #FFFFFF;"> Std.Dev </th>
   <th style="text-align:right;position: sticky; top:0; background-color: #FFFFFF;"> Median </th>
   <th style="text-align:left;position: sticky; top:0; background-color: #FFFFFF;"> IQR </th>
   <th style="text-align:right;position: sticky; top:0; background-color: #FFFFFF;"> Min </th>
   <th style="text-align:right;position: sticky; top:0; background-color: #FFFFFF;"> Max </th>
   <th style="text-align:left;position: sticky; top:0; background-color: #FFFFFF;"> Skewness </th>
   <th style="text-align:left;position: sticky; top:0; background-color: #FFFFFF;"> Kurtosis </th>
   <th style="text-align:right;position: sticky; top:0; background-color: #FFFFFF;"> N.Valid </th>
   <th style="text-align:left;position: sticky; top:0; background-color: #FFFFFF;"> Pct.Valid </th>
  </tr>
 </thead>
<tbody>
  <tr>
   <td style="text-align:left;"> 1 </td>
   <td style="text-align:left;"> age </td>
   <td style="text-align:left;"> Age </td>
   <td style="text-align:right;"> 72.48 </td>
   <td style="text-align:right;"> 13.21 </td>
   <td style="text-align:right;"> 73.50 </td>
   <td style="text-align:left;"> <span style="     border-radius: 4px; padding-right: 4px; padding-left: 4px; background-color:  !important;">18</span> </td>
   <td style="text-align:right;"> 36.00 </td>
   <td style="text-align:right;"> 115.00 </td>
   <td style="text-align:left;"> <span style="     border-radius: 4px; padding-right: 4px; padding-left: 4px; background-color:  !important;">-0.19</span> </td>
   <td style="text-align:left;"> <span style="     border-radius: 4px; padding-right: 4px; padding-left: 4px; background-color:  !important;">-0.21</span> </td>
   <td style="text-align:right;"> 322 </td>
   <td style="text-align:left;"> <span style="     border-radius: 4px; padding-right: 4px; padding-left: 4px; background-color:  !important;">96.7</span> </td>
  </tr>
  <tr>
   <td style="text-align:left;"> 2 </td>
   <td style="text-align:left;"> ACE_CD143_Angiotensin_Converti </td>
   <td style="text-align:left;"> Angiotensin-converting enzyme </td>
   <td style="text-align:right;"> 1.32 </td>
   <td style="text-align:right;"> 0.55 </td>
   <td style="text-align:right;"> 1.30 </td>
   <td style="text-align:left;"> <span style="     border-radius: 4px; padding-right: 4px; padding-left: 4px; background-color:  !important;">0.77</span> </td>
   <td style="text-align:right;"> -0.68 </td>
   <td style="text-align:right;"> 3.09 </td>
   <td style="text-align:left;"> <span style="     border-radius: 4px; padding-right: 4px; padding-left: 4px; background-color:  !important;">-0.05</span> </td>
   <td style="text-align:left;"> <span style="     border-radius: 4px; padding-right: 4px; padding-left: 4px; background-color:  !important;">0.35</span> </td>
   <td style="text-align:right;"> 333 </td>
   <td style="text-align:left;"> <span style="     border-radius: 4px; padding-right: 4px; padding-left: 4px; background-color:  !important;">100</span> </td>
  </tr>
  <tr>
   <td style="text-align:left;"> 3 </td>
   <td style="text-align:left;"> ACTH_Adrenocorticotropic_Hormon </td>
   <td style="text-align:left;"> Adrenocorticotropic hormone </td>
   <td style="text-align:right;"> -1.54 </td>
   <td style="text-align:right;"> 0.27 </td>
   <td style="text-align:right;"> -1.56 </td>
   <td style="text-align:left;"> <span style="     border-radius: 4px; padding-right: 4px; padding-left: 4px; background-color:  !important;">0.37</span> </td>
   <td style="text-align:right;"> -2.21 </td>
   <td style="text-align:right;"> -0.80 </td>
   <td style="text-align:left;"> <span style="     border-radius: 4px; padding-right: 4px; padding-left: 4px; background-color:  !important;">0.03</span> </td>
   <td style="text-align:left;"> <span style="     border-radius: 4px; padding-right: 4px; padding-left: 4px; background-color:  !important;">-0.16</span> </td>
   <td style="text-align:right;"> 333 </td>
   <td style="text-align:left;"> <span style="     border-radius: 4px; padding-right: 4px; padding-left: 4px; background-color:  !important;">100</span> </td>
  </tr>
  <tr>
   <td style="text-align:left;"> 4 </td>
   <td style="text-align:left;"> AXL </td>
   <td style="text-align:left;"> AXL receptor tyrosine kinase </td>
   <td style="text-align:right;"> 0.30 </td>
   <td style="text-align:right;"> 0.45 </td>
   <td style="text-align:right;"> 0.28 </td>
   <td style="text-align:left;"> <span style="     border-radius: 4px; padding-right: 4px; padding-left: 4px; background-color:  !important;">0.62</span> </td>
   <td style="text-align:right;"> -0.92 </td>
   <td style="text-align:right;"> 1.52 </td>
   <td style="text-align:left;"> <span style="     border-radius: 4px; padding-right: 4px; padding-left: 4px; background-color:  !important;">0.01</span> </td>
   <td style="text-align:left;"> <span style="     border-radius: 4px; padding-right: 4px; padding-left: 4px; background-color:  !important;">-0.24</span> </td>
   <td style="text-align:right;"> 333 </td>
   <td style="text-align:left;"> <span style="     border-radius: 4px; padding-right: 4px; padding-left: 4px; background-color:  !important;">100</span> </td>
  </tr>
  <tr>
   <td style="text-align:left;"> 5 </td>
   <td style="text-align:left;"> Adiponectin </td>
   <td style="text-align:left;"> Adiponectin </td>
   <td style="text-align:right;"> -5.22 </td>
   <td style="text-align:right;"> 0.67 </td>
   <td style="text-align:right;"> -5.22 </td>
   <td style="text-align:left;"> <span style="     border-radius: 4px; padding-right: 4px; padding-left: 4px; background-color:  !important;">0.86</span> </td>
   <td style="text-align:right;"> -7.06 </td>
   <td style="text-align:right;"> -3.47 </td>
   <td style="text-align:left;"> <span style="     border-radius: 4px; padding-right: 4px; padding-left: 4px; background-color:  !important;">0.14</span> </td>
   <td style="text-align:left;"> <span style="     border-radius: 4px; padding-right: 4px; padding-left: 4px; background-color:  !important;">-0.21</span> </td>
   <td style="text-align:right;"> 333 </td>
   <td style="text-align:left;"> <span style="     border-radius: 4px; padding-right: 4px; padding-left: 4px; background-color:  !important;">100</span> </td>
  </tr>
  <tr>
   <td style="text-align:left;"> 6 </td>
   <td style="text-align:left;"> Alpha_1_Antichymotrypsin </td>
   <td style="text-align:left;"> Alpha-1-antichymotrypsin </td>
   <td style="text-align:right;"> 1.35 </td>
   <td style="text-align:right;"> 0.36 </td>
   <td style="text-align:right;"> 1.36 </td>
   <td style="text-align:left;"> <span style="     border-radius: 4px; padding-right: 4px; padding-left: 4px; background-color:  !important;">0.49</span> </td>
   <td style="text-align:right;"> 0.18 </td>
   <td style="text-align:right;"> 2.30 </td>
   <td style="text-align:left;"> <span style="     border-radius: 4px; padding-right: 4px; padding-left: 4px; background-color:  !important;">0</span> </td>
   <td style="text-align:left;"> <span style="     border-radius: 4px; padding-right: 4px; padding-left: 4px; background-color:  !important;">0.17</span> </td>
   <td style="text-align:right;"> 333 </td>
   <td style="text-align:left;"> <span style="     border-radius: 4px; padding-right: 4px; padding-left: 4px; background-color:  !important;">100</span> </td>
  </tr>
  <tr>
   <td style="text-align:left;"> 7 </td>
   <td style="text-align:left;"> Alpha_1_Antitrypsin </td>
   <td style="text-align:left;"> Alpha-1-antitrypsin </td>
   <td style="text-align:right;"> -13.14 </td>
   <td style="text-align:right;"> 1.55 </td>
   <td style="text-align:right;"> -13.10 </td>
   <td style="text-align:left;"> <span style="     border-radius: 4px; padding-right: 4px; padding-left: 4px; background-color:  !important;">2</span> </td>
   <td style="text-align:right;"> -18.17 </td>
   <td style="text-align:right;"> -8.19 </td>
   <td style="text-align:left;"> <span style="     border-radius: 4px; padding-right: 4px; padding-left: 4px; background-color:  !important;">0</span> </td>
   <td style="text-align:left;"> <span style="     border-radius: 4px; padding-right: 4px; padding-left: 4px; background-color:  !important;">0.48</span> </td>
   <td style="text-align:right;"> 333 </td>
   <td style="text-align:left;"> <span style="     border-radius: 4px; padding-right: 4px; padding-left: 4px; background-color:  !important;">100</span> </td>
  </tr>
  <tr>
   <td style="text-align:left;"> 8 </td>
   <td style="text-align:left;"> Alpha_1_Microglobulin </td>
   <td style="text-align:left;"> Alpha-1-microglobulin </td>
   <td style="text-align:right;"> -2.94 </td>
   <td style="text-align:right;"> 0.48 </td>
   <td style="text-align:right;"> -2.96 </td>
   <td style="text-align:left;"> <span style="     border-radius: 4px; padding-right: 4px; padding-left: 4px; background-color:  !important;">0.65</span> </td>
   <td style="text-align:right;"> -4.34 </td>
   <td style="text-align:right;"> -1.77 </td>
   <td style="text-align:left;"> <span style="     border-radius: 4px; padding-right: 4px; padding-left: 4px; background-color:  !important;">0</span> </td>
   <td style="text-align:left;"> <span style="     border-radius: 4px; padding-right: 4px; padding-left: 4px; background-color:  !important;">-0.3</span> </td>
   <td style="text-align:right;"> 333 </td>
   <td style="text-align:left;"> <span style="     border-radius: 4px; padding-right: 4px; padding-left: 4px; background-color:  !important;">100</span> </td>
  </tr>
  <tr>
   <td style="text-align:left;"> 9 </td>
   <td style="text-align:left;"> Alpha_2_Macroglobulin </td>
   <td style="text-align:left;"> Alpha-2-macroglobulin </td>
   <td style="text-align:right;"> -159.46 </td>
   <td style="text-align:right;"> 40.92 </td>
   <td style="text-align:right;"> -160.01 </td>
   <td style="text-align:left;"> <span style="     border-radius: 4px; padding-right: 4px; padding-left: 4px; background-color:  !important;">50.11</span> </td>
   <td style="text-align:right;"> -289.68 </td>
   <td style="text-align:right;"> -50.17 </td>
   <td style="text-align:left;"> <span style="     border-radius: 4px; padding-right: 4px; padding-left: 4px; background-color:  !important;">0</span> </td>
   <td style="text-align:left;"> <span style="     border-radius: 4px; padding-right: 4px; padding-left: 4px; background-color:  !important;">-0.04</span> </td>
   <td style="text-align:right;"> 333 </td>
   <td style="text-align:left;"> <span style="     border-radius: 4px; padding-right: 4px; padding-left: 4px; background-color:  !important;">100</span> </td>
  </tr>
  <tr>
   <td style="text-align:left;"> 10 </td>
   <td style="text-align:left;"> Angiopoietin_2_ANG_2 </td>
   <td style="text-align:left;"> Angiopoietin-2 </td>
   <td style="text-align:right;"> 0.66 </td>
   <td style="text-align:right;"> 0.33 </td>
   <td style="text-align:right;"> 0.64 </td>
   <td style="text-align:left;"> <span style="     border-radius: 4px; padding-right: 4px; padding-left: 4px; background-color:  !important;">0.41</span> </td>
   <td style="text-align:right;"> -0.54 </td>
   <td style="text-align:right;"> 1.77 </td>
   <td style="text-align:left;"> <span style="     border-radius: 4px; padding-right: 4px; padding-left: 4px; background-color:  !important;">0.03</span> </td>
   <td style="text-align:left;"> <span style="     border-radius: 4px; padding-right: 4px; padding-left: 4px; background-color:  !important;">0.58</span> </td>
   <td style="text-align:right;"> 333 </td>
   <td style="text-align:left;"> <span style="     border-radius: 4px; padding-right: 4px; padding-left: 4px; background-color:  !important;">100</span> </td>
  </tr>
  <tr>
   <td style="text-align:left;"> 11 </td>
   <td style="text-align:left;"> Angiotensinogen </td>
   <td style="text-align:left;"> Angiotensinogen </td>
   <td style="text-align:right;"> 2.33 </td>
   <td style="text-align:right;"> 0.25 </td>
   <td style="text-align:right;"> 2.33 </td>
   <td style="text-align:left;"> <span style="     border-radius: 4px; padding-right: 4px; padding-left: 4px; background-color:  !important;">0.36</span> </td>
   <td style="text-align:right;"> 1.71 </td>
   <td style="text-align:right;"> 2.88 </td>
   <td style="text-align:left;"> <span style="     border-radius: 4px; padding-right: 4px; padding-left: 4px; background-color:  !important;">-0.07</span> </td>
   <td style="text-align:left;"> <span style="     border-radius: 4px; padding-right: 4px; padding-left: 4px; background-color:  !important;">-0.57</span> </td>
   <td style="text-align:right;"> 233 </td>
   <td style="text-align:left;"> <span style="     border-radius: 4px; padding-right: 4px; padding-left: 4px; background-color: red !important;">69.97</span> </td>
  </tr>
  <tr>
   <td style="text-align:left;"> 12 </td>
   <td style="text-align:left;"> Apolipoprotein_A_IV </td>
   <td style="text-align:left;"> Apolipoprotein A-IV </td>
   <td style="text-align:right;"> -1.86 </td>
   <td style="text-align:right;"> 0.38 </td>
   <td style="text-align:right;"> -1.83 </td>
   <td style="text-align:left;"> <span style="     border-radius: 4px; padding-right: 4px; padding-left: 4px; background-color:  !important;">0.51</span> </td>
   <td style="text-align:right;"> -2.96 </td>
   <td style="text-align:right;"> -0.78 </td>
   <td style="text-align:left;"> <span style="     border-radius: 4px; padding-right: 4px; padding-left: 4px; background-color:  !important;">0.02</span> </td>
   <td style="text-align:left;"> <span style="     border-radius: 4px; padding-right: 4px; padding-left: 4px; background-color:  !important;">-0.15</span> </td>
   <td style="text-align:right;"> 333 </td>
   <td style="text-align:left;"> <span style="     border-radius: 4px; padding-right: 4px; padding-left: 4px; background-color:  !important;">100</span> </td>
  </tr>
  <tr>
   <td style="text-align:left;"> 13 </td>
   <td style="text-align:left;"> Apolipoprotein_A1 </td>
   <td style="text-align:left;"> Apolipoprotein A-1 </td>
   <td style="text-align:right;"> -7.48 </td>
   <td style="text-align:right;"> 0.44 </td>
   <td style="text-align:right;"> -7.47 </td>
   <td style="text-align:left;"> <span style="     border-radius: 4px; padding-right: 4px; padding-left: 4px; background-color:  !important;">0.58</span> </td>
   <td style="text-align:right;"> -8.68 </td>
   <td style="text-align:right;"> -6.17 </td>
   <td style="text-align:left;"> <span style="     border-radius: 4px; padding-right: 4px; padding-left: 4px; background-color:  !important;">-0.02</span> </td>
   <td style="text-align:left;"> <span style="     border-radius: 4px; padding-right: 4px; padding-left: 4px; background-color:  !important;">0</span> </td>
   <td style="text-align:right;"> 333 </td>
   <td style="text-align:left;"> <span style="     border-radius: 4px; padding-right: 4px; padding-left: 4px; background-color:  !important;">100</span> </td>
  </tr>
  <tr>
   <td style="text-align:left;"> 14 </td>
   <td style="text-align:left;"> Apolipoprotein_A2 </td>
   <td style="text-align:left;"> Apolipoprotein A-2 </td>
   <td style="text-align:right;"> -0.65 </td>
   <td style="text-align:right;"> 0.49 </td>
   <td style="text-align:right;"> -0.69 </td>
   <td style="text-align:left;"> <span style="     border-radius: 4px; padding-right: 4px; padding-left: 4px; background-color:  !important;">0.64</span> </td>
   <td style="text-align:right;"> -1.97 </td>
   <td style="text-align:right;"> 0.96 </td>
   <td style="text-align:left;"> <span style="     border-radius: 4px; padding-right: 4px; padding-left: 4px; background-color:  !important;">0.22</span> </td>
   <td style="text-align:left;"> <span style="     border-radius: 4px; padding-right: 4px; padding-left: 4px; background-color:  !important;">-0.01</span> </td>
   <td style="text-align:right;"> 333 </td>
   <td style="text-align:left;"> <span style="     border-radius: 4px; padding-right: 4px; padding-left: 4px; background-color:  !important;">100</span> </td>
  </tr>
  <tr>
   <td style="text-align:left;"> 15 </td>
   <td style="text-align:left;"> Apolipoprotein_B </td>
   <td style="text-align:left;"> Apolipoprotein B </td>
   <td style="text-align:right;"> -5.59 </td>
   <td style="text-align:right;"> 1.45 </td>
   <td style="text-align:right;"> -5.70 </td>
   <td style="text-align:left;"> <span style="     border-radius: 4px; padding-right: 4px; padding-left: 4px; background-color:  !important;">2.05</span> </td>
   <td style="text-align:right;"> -9.94 </td>
   <td style="text-align:right;"> -2.15 </td>
   <td style="text-align:left;"> <span style="     border-radius: 4px; padding-right: 4px; padding-left: 4px; background-color:  !important;">0.03</span> </td>
   <td style="text-align:left;"> <span style="     border-radius: 4px; padding-right: 4px; padding-left: 4px; background-color:  !important;">-0.29</span> </td>
   <td style="text-align:right;"> 333 </td>
   <td style="text-align:left;"> <span style="     border-radius: 4px; padding-right: 4px; padding-left: 4px; background-color:  !important;">100</span> </td>
  </tr>
  <tr>
   <td style="text-align:left;"> 16 </td>
   <td style="text-align:left;"> Apolipoprotein_CI </td>
   <td style="text-align:left;"> Apolipoprotein C-I </td>
   <td style="text-align:right;"> -1.59 </td>
   <td style="text-align:right;"> 0.42 </td>
   <td style="text-align:right;"> -1.61 </td>
   <td style="text-align:left;"> <span style="     border-radius: 4px; padding-right: 4px; padding-left: 4px; background-color:  !important;">0.49</span> </td>
   <td style="text-align:right;"> -3.32 </td>
   <td style="text-align:right;"> -0.27 </td>
   <td style="text-align:left;"> <span style="     border-radius: 4px; padding-right: 4px; padding-left: 4px; background-color:  !important;">0.01</span> </td>
   <td style="text-align:left;"> <span style="     border-radius: 4px; padding-right: 4px; padding-left: 4px; background-color:  !important;">1.13</span> </td>
   <td style="text-align:right;"> 333 </td>
   <td style="text-align:left;"> <span style="     border-radius: 4px; padding-right: 4px; padding-left: 4px; background-color:  !important;">100</span> </td>
  </tr>
  <tr>
   <td style="text-align:left;"> 17 </td>
   <td style="text-align:left;"> Apolipoprotein_CIII </td>
   <td style="text-align:left;"> Apolipoprotein C-III </td>
   <td style="text-align:right;"> -2.50 </td>
   <td style="text-align:right;"> 0.44 </td>
   <td style="text-align:right;"> -2.54 </td>
   <td style="text-align:left;"> <span style="     border-radius: 4px; padding-right: 4px; padding-left: 4px; background-color:  !important;">0.57</span> </td>
   <td style="text-align:right;"> -3.86 </td>
   <td style="text-align:right;"> -1.24 </td>
   <td style="text-align:left;"> <span style="     border-radius: 4px; padding-right: 4px; padding-left: 4px; background-color:  !important;">0.2</span> </td>
   <td style="text-align:left;"> <span style="     border-radius: 4px; padding-right: 4px; padding-left: 4px; background-color:  !important;">0.26</span> </td>
   <td style="text-align:right;"> 333 </td>
   <td style="text-align:left;"> <span style="     border-radius: 4px; padding-right: 4px; padding-left: 4px; background-color:  !important;">100</span> </td>
  </tr>
  <tr>
   <td style="text-align:left;"> 18 </td>
   <td style="text-align:left;"> Apolipoprotein_D </td>
   <td style="text-align:left;"> Apolipoprotein D </td>
   <td style="text-align:right;"> 1.43 </td>
   <td style="text-align:right;"> 0.35 </td>
   <td style="text-align:right;"> 1.41 </td>
   <td style="text-align:left;"> <span style="     border-radius: 4px; padding-right: 4px; padding-left: 4px; background-color:  !important;">0.49</span> </td>
   <td style="text-align:right;"> 0.26 </td>
   <td style="text-align:right;"> 2.64 </td>
   <td style="text-align:left;"> <span style="     border-radius: 4px; padding-right: 4px; padding-left: 4px; background-color:  !important;">0.04</span> </td>
   <td style="text-align:left;"> <span style="     border-radius: 4px; padding-right: 4px; padding-left: 4px; background-color:  !important;">0.04</span> </td>
   <td style="text-align:right;"> 333 </td>
   <td style="text-align:left;"> <span style="     border-radius: 4px; padding-right: 4px; padding-left: 4px; background-color:  !important;">100</span> </td>
  </tr>
  <tr>
   <td style="text-align:left;"> 19 </td>
   <td style="text-align:left;"> Apolipoprotein_E </td>
   <td style="text-align:left;"> Apolipoprotein E </td>
   <td style="text-align:right;"> 2.79 </td>
   <td style="text-align:right;"> 0.80 </td>
   <td style="text-align:right;"> 2.82 </td>
   <td style="text-align:left;"> <span style="     border-radius: 4px; padding-right: 4px; padding-left: 4px; background-color:  !important;">0.98</span> </td>
   <td style="text-align:right;"> 0.59 </td>
   <td style="text-align:right;"> 5.44 </td>
   <td style="text-align:left;"> <span style="     border-radius: 4px; padding-right: 4px; padding-left: 4px; background-color:  !important;">0</span> </td>
   <td style="text-align:left;"> <span style="     border-radius: 4px; padding-right: 4px; padding-left: 4px; background-color:  !important;">0.16</span> </td>
   <td style="text-align:right;"> 333 </td>
   <td style="text-align:left;"> <span style="     border-radius: 4px; padding-right: 4px; padding-left: 4px; background-color:  !important;">100</span> </td>
  </tr>
  <tr>
   <td style="text-align:left;"> 20 </td>
   <td style="text-align:left;"> Apolipoprotein_H </td>
   <td style="text-align:left;"> Apolipoprotein H </td>
   <td style="text-align:right;"> -0.32 </td>
   <td style="text-align:right;"> 0.38 </td>
   <td style="text-align:right;"> -0.36 </td>
   <td style="text-align:left;"> <span style="     border-radius: 4px; padding-right: 4px; padding-left: 4px; background-color:  !important;">0.49</span> </td>
   <td style="text-align:right;"> -2.23 </td>
   <td style="text-align:right;"> 0.93 </td>
   <td style="text-align:left;"> <span style="     border-radius: 4px; padding-right: 4px; padding-left: 4px; background-color:  !important;">0.09</span> </td>
   <td style="text-align:left;"> <span style="     border-radius: 4px; padding-right: 4px; padding-left: 4px; background-color:  !important;">1.71</span> </td>
   <td style="text-align:right;"> 333 </td>
   <td style="text-align:left;"> <span style="     border-radius: 4px; padding-right: 4px; padding-left: 4px; background-color:  !important;">100</span> </td>
  </tr>
  <tr>
   <td style="text-align:left;"> 21 </td>
   <td style="text-align:left;"> B_Lymphocyte_Chemoattractant_BL </td>
   <td style="text-align:left;"> B-lymphocyte chemoattractant </td>
   <td style="text-align:right;"> 1.99 </td>
   <td style="text-align:right;"> 0.57 </td>
   <td style="text-align:right;"> 1.98 </td>
   <td style="text-align:left;"> <span style="     border-radius: 4px; padding-right: 4px; padding-left: 4px; background-color:  !important;">0.7</span> </td>
   <td style="text-align:right;"> 0.73 </td>
   <td style="text-align:right;"> 4.02 </td>
   <td style="text-align:left;"> <span style="     border-radius: 4px; padding-right: 4px; padding-left: 4px; background-color:  !important;">0.03</span> </td>
   <td style="text-align:left;"> <span style="     border-radius: 4px; padding-right: 4px; padding-left: 4px; background-color:  !important;">0.19</span> </td>
   <td style="text-align:right;"> 333 </td>
   <td style="text-align:left;"> <span style="     border-radius: 4px; padding-right: 4px; padding-left: 4px; background-color:  !important;">100</span> </td>
  </tr>
  <tr>
   <td style="text-align:left;"> 22 </td>
   <td style="text-align:left;"> BMP_6 </td>
   <td style="text-align:left;"> Bone morphogenetic protein 6 </td>
   <td style="text-align:right;"> -1.90 </td>
   <td style="text-align:right;"> 0.30 </td>
   <td style="text-align:right;"> -1.88 </td>
   <td style="text-align:left;"> <span style="     border-radius: 4px; padding-right: 4px; padding-left: 4px; background-color:  !important;">0.48</span> </td>
   <td style="text-align:right;"> -2.76 </td>
   <td style="text-align:right;"> -0.82 </td>
   <td style="text-align:left;"> <span style="     border-radius: 4px; padding-right: 4px; padding-left: 4px; background-color:  !important;">0.19</span> </td>
   <td style="text-align:left;"> <span style="     border-radius: 4px; padding-right: 4px; padding-left: 4px; background-color:  !important;">0.73</span> </td>
   <td style="text-align:right;"> 233 </td>
   <td style="text-align:left;"> <span style="     border-radius: 4px; padding-right: 4px; padding-left: 4px; background-color: red !important;">69.97</span> </td>
  </tr>
  <tr>
   <td style="text-align:left;"> 23 </td>
   <td style="text-align:left;"> Beta_2_Microglobulin </td>
   <td style="text-align:left;"> Beta-2-microglobulin </td>
   <td style="text-align:right;"> 0.17 </td>
   <td style="text-align:right;"> 0.30 </td>
   <td style="text-align:right;"> 0.18 </td>
   <td style="text-align:left;"> <span style="     border-radius: 4px; padding-right: 4px; padding-left: 4px; background-color:  !important;">0.39</span> </td>
   <td style="text-align:right;"> -0.54 </td>
   <td style="text-align:right;"> 0.99 </td>
   <td style="text-align:left;"> <span style="     border-radius: 4px; padding-right: 4px; padding-left: 4px; background-color:  !important;">0</span> </td>
   <td style="text-align:left;"> <span style="     border-radius: 4px; padding-right: 4px; padding-left: 4px; background-color:  !important;">-0.22</span> </td>
   <td style="text-align:right;"> 333 </td>
   <td style="text-align:left;"> <span style="     border-radius: 4px; padding-right: 4px; padding-left: 4px; background-color:  !important;">100</span> </td>
  </tr>
  <tr>
   <td style="text-align:left;"> 24 </td>
   <td style="text-align:left;"> Betacellulin </td>
   <td style="text-align:left;"> Betacellulin </td>
   <td style="text-align:right;"> 51.35 </td>
   <td style="text-align:right;"> 10.82 </td>
   <td style="text-align:right;"> 51.00 </td>
   <td style="text-align:left;"> <span style="     border-radius: 4px; padding-right: 4px; padding-left: 4px; background-color:  !important;">16</span> </td>
   <td style="text-align:right;"> 10.00 </td>
   <td style="text-align:right;"> 82.00 </td>
   <td style="text-align:left;"> <span style="     border-radius: 4px; padding-right: 4px; padding-left: 4px; background-color:  !important;">0.04</span> </td>
   <td style="text-align:left;"> <span style="     border-radius: 4px; padding-right: 4px; padding-left: 4px; background-color:  !important;">0.39</span> </td>
   <td style="text-align:right;"> 333 </td>
   <td style="text-align:left;"> <span style="     border-radius: 4px; padding-right: 4px; padding-left: 4px; background-color:  !important;">100</span> </td>
  </tr>
  <tr>
   <td style="text-align:left;"> 25 </td>
   <td style="text-align:left;"> C_Reactive_Protein </td>
   <td style="text-align:left;"> C-reactive protein </td>
   <td style="text-align:right;"> -5.90 </td>
   <td style="text-align:right;"> 1.19 </td>
   <td style="text-align:right;"> -5.91 </td>
   <td style="text-align:left;"> <span style="     border-radius: 4px; padding-right: 4px; padding-left: 4px; background-color:  !important;">1.55</span> </td>
   <td style="text-align:right;"> -8.52 </td>
   <td style="text-align:right;"> -2.94 </td>
   <td style="text-align:left;"> <span style="     border-radius: 4px; padding-right: 4px; padding-left: 4px; background-color:  !important;">0.09</span> </td>
   <td style="text-align:left;"> <span style="     border-radius: 4px; padding-right: 4px; padding-left: 4px; background-color:  !important;">-0.5</span> </td>
   <td style="text-align:right;"> 333 </td>
   <td style="text-align:left;"> <span style="     border-radius: 4px; padding-right: 4px; padding-left: 4px; background-color:  !important;">100</span> </td>
  </tr>
  <tr>
   <td style="text-align:left;"> 26 </td>
   <td style="text-align:left;"> CD40 </td>
   <td style="text-align:left;"> CD40 </td>
   <td style="text-align:right;"> -1.26 </td>
   <td style="text-align:right;"> 0.22 </td>
   <td style="text-align:right;"> -1.27 </td>
   <td style="text-align:left;"> <span style="     border-radius: 4px; padding-right: 4px; padding-left: 4px; background-color:  !important;">0.25</span> </td>
   <td style="text-align:right;"> -1.94 </td>
   <td style="text-align:right;"> -0.55 </td>
   <td style="text-align:left;"> <span style="     border-radius: 4px; padding-right: 4px; padding-left: 4px; background-color:  !important;">-0.01</span> </td>
   <td style="text-align:left;"> <span style="     border-radius: 4px; padding-right: 4px; padding-left: 4px; background-color:  !important;">0.41</span> </td>
   <td style="text-align:right;"> 333 </td>
   <td style="text-align:left;"> <span style="     border-radius: 4px; padding-right: 4px; padding-left: 4px; background-color:  !important;">100</span> </td>
  </tr>
  <tr>
   <td style="text-align:left;"> 27 </td>
   <td style="text-align:left;"> CD5L </td>
   <td style="text-align:left;"> CD5L </td>
   <td style="text-align:right;"> -0.06 </td>
   <td style="text-align:right;"> 0.46 </td>
   <td style="text-align:right;"> -0.06 </td>
   <td style="text-align:left;"> <span style="     border-radius: 4px; padding-right: 4px; padding-left: 4px; background-color:  !important;">0.62</span> </td>
   <td style="text-align:right;"> -1.97 </td>
   <td style="text-align:right;"> 1.16 </td>
   <td style="text-align:left;"> <span style="     border-radius: 4px; padding-right: 4px; padding-left: 4px; background-color:  !important;">-0.16</span> </td>
   <td style="text-align:left;"> <span style="     border-radius: 4px; padding-right: 4px; padding-left: 4px; background-color:  !important;">0.57</span> </td>
   <td style="text-align:right;"> 333 </td>
   <td style="text-align:left;"> <span style="     border-radius: 4px; padding-right: 4px; padding-left: 4px; background-color:  !important;">100</span> </td>
  </tr>
  <tr>
   <td style="text-align:left;"> 28 </td>
   <td style="text-align:left;"> Calbindin </td>
   <td style="text-align:left;"> Calbindin </td>
   <td style="text-align:right;"> 22.25 </td>
   <td style="text-align:right;"> 4.20 </td>
   <td style="text-align:right;"> 22.08 </td>
   <td style="text-align:left;"> <span style="     border-radius: 4px; padding-right: 4px; padding-left: 4px; background-color:  !important;">4.96</span> </td>
   <td style="text-align:right;"> 10.81 </td>
   <td style="text-align:right;"> 35.36 </td>
   <td style="text-align:left;"> <span style="     border-radius: 4px; padding-right: 4px; padding-left: 4px; background-color:  !important;">0.03</span> </td>
   <td style="text-align:left;"> <span style="     border-radius: 4px; padding-right: 4px; padding-left: 4px; background-color:  !important;">0.25</span> </td>
   <td style="text-align:right;"> 333 </td>
   <td style="text-align:left;"> <span style="     border-radius: 4px; padding-right: 4px; padding-left: 4px; background-color:  !important;">100</span> </td>
  </tr>
  <tr>
   <td style="text-align:left;"> 29 </td>
   <td style="text-align:left;"> Calcitonin </td>
   <td style="text-align:left;"> Calcitonin </td>
   <td style="text-align:right;"> 1.69 </td>
   <td style="text-align:right;"> 0.88 </td>
   <td style="text-align:right;"> 1.65 </td>
   <td style="text-align:left;"> <span style="     border-radius: 4px; padding-right: 4px; padding-left: 4px; background-color:  !important;">1.18</span> </td>
   <td style="text-align:right;"> -0.71 </td>
   <td style="text-align:right;"> 4.11 </td>
   <td style="text-align:left;"> <span style="     border-radius: 4px; padding-right: 4px; padding-left: 4px; background-color:  !important;">0.11</span> </td>
   <td style="text-align:left;"> <span style="     border-radius: 4px; padding-right: 4px; padding-left: 4px; background-color:  !important;">-0.18</span> </td>
   <td style="text-align:right;"> 333 </td>
   <td style="text-align:left;"> <span style="     border-radius: 4px; padding-right: 4px; padding-left: 4px; background-color:  !important;">100</span> </td>
  </tr>
  <tr>
   <td style="text-align:left;"> 30 </td>
   <td style="text-align:left;"> CgA </td>
   <td style="text-align:left;"> Chromogranin A </td>
   <td style="text-align:right;"> 330.71 </td>
   <td style="text-align:right;"> 82.13 </td>
   <td style="text-align:right;"> 328.81 </td>
   <td style="text-align:left;"> <span style="     border-radius: 4px; padding-right: 4px; padding-left: 4px; background-color:  !important;">108.47</span> </td>
   <td style="text-align:right;"> 135.60 </td>
   <td style="text-align:right;"> 535.40 </td>
   <td style="text-align:left;"> <span style="     border-radius: 4px; padding-right: 4px; padding-left: 4px; background-color:  !important;">-0.01</span> </td>
   <td style="text-align:left;"> <span style="     border-radius: 4px; padding-right: 4px; padding-left: 4px; background-color:  !important;">-0.3</span> </td>
   <td style="text-align:right;"> 333 </td>
   <td style="text-align:left;"> <span style="     border-radius: 4px; padding-right: 4px; padding-left: 4px; background-color:  !important;">100</span> </td>
  </tr>
  <tr>
   <td style="text-align:left;"> 31 </td>
   <td style="text-align:left;"> Clusterin_Apo_J </td>
   <td style="text-align:left;"> Clusterin (ApoJ) </td>
   <td style="text-align:right;"> 2.88 </td>
   <td style="text-align:right;"> 0.30 </td>
   <td style="text-align:right;"> 2.89 </td>
   <td style="text-align:left;"> <span style="     border-radius: 4px; padding-right: 4px; padding-left: 4px; background-color:  !important;">0.34</span> </td>
   <td style="text-align:right;"> 1.87 </td>
   <td style="text-align:right;"> 3.76 </td>
   <td style="text-align:left;"> <span style="     border-radius: 4px; padding-right: 4px; padding-left: 4px; background-color:  !important;">-0.13</span> </td>
   <td style="text-align:left;"> <span style="     border-radius: 4px; padding-right: 4px; padding-left: 4px; background-color:  !important;">0.29</span> </td>
   <td style="text-align:right;"> 333 </td>
   <td style="text-align:left;"> <span style="     border-radius: 4px; padding-right: 4px; padding-left: 4px; background-color:  !important;">100</span> </td>
  </tr>
  <tr>
   <td style="text-align:left;"> 32 </td>
   <td style="text-align:left;"> Complement_3 </td>
   <td style="text-align:left;"> Complement component 3 </td>
   <td style="text-align:right;"> -15.67 </td>
   <td style="text-align:right;"> 2.49 </td>
   <td style="text-align:right;"> -15.71 </td>
   <td style="text-align:left;"> <span style="     border-radius: 4px; padding-right: 4px; padding-left: 4px; background-color:  !important;">3.69</span> </td>
   <td style="text-align:right;"> -23.39 </td>
   <td style="text-align:right;"> -9.56 </td>
   <td style="text-align:left;"> <span style="     border-radius: 4px; padding-right: 4px; padding-left: 4px; background-color:  !important;">0</span> </td>
   <td style="text-align:left;"> <span style="     border-radius: 4px; padding-right: 4px; padding-left: 4px; background-color:  !important;">-0.4</span> </td>
   <td style="text-align:right;"> 333 </td>
   <td style="text-align:left;"> <span style="     border-radius: 4px; padding-right: 4px; padding-left: 4px; background-color:  !important;">100</span> </td>
  </tr>
  <tr>
   <td style="text-align:left;"> 33 </td>
   <td style="text-align:left;"> Complement_Factor_H </td>
   <td style="text-align:left;"> Complement factor H </td>
   <td style="text-align:right;"> 3.52 </td>
   <td style="text-align:right;"> 1.25 </td>
   <td style="text-align:right;"> 3.57 </td>
   <td style="text-align:left;"> <span style="     border-radius: 4px; padding-right: 4px; padding-left: 4px; background-color:  !important;">1.5</span> </td>
   <td style="text-align:right;"> -0.84 </td>
   <td style="text-align:right;"> 7.62 </td>
   <td style="text-align:left;"> <span style="     border-radius: 4px; padding-right: 4px; padding-left: 4px; background-color:  !important;">-0.01</span> </td>
   <td style="text-align:left;"> <span style="     border-radius: 4px; padding-right: 4px; padding-left: 4px; background-color:  !important;">0.71</span> </td>
   <td style="text-align:right;"> 333 </td>
   <td style="text-align:left;"> <span style="     border-radius: 4px; padding-right: 4px; padding-left: 4px; background-color:  !important;">100</span> </td>
  </tr>
  <tr>
   <td style="text-align:left;"> 34 </td>
   <td style="text-align:left;"> Connective_Tissue_Growth_Factor </td>
   <td style="text-align:left;"> Connective tissue growth factor </td>
   <td style="text-align:right;"> 0.77 </td>
   <td style="text-align:right;"> 0.21 </td>
   <td style="text-align:right;"> 0.79 </td>
   <td style="text-align:left;"> <span style="     border-radius: 4px; padding-right: 4px; padding-left: 4px; background-color:  !important;">0.27</span> </td>
   <td style="text-align:right;"> 0.10 </td>
   <td style="text-align:right;"> 1.41 </td>
   <td style="text-align:left;"> <span style="     border-radius: 4px; padding-right: 4px; padding-left: 4px; background-color:  !important;">-0.04</span> </td>
   <td style="text-align:left;"> <span style="     border-radius: 4px; padding-right: 4px; padding-left: 4px; background-color:  !important;">0.23</span> </td>
   <td style="text-align:right;"> 333 </td>
   <td style="text-align:left;"> <span style="     border-radius: 4px; padding-right: 4px; padding-left: 4px; background-color:  !important;">100</span> </td>
  </tr>
  <tr>
   <td style="text-align:left;"> 35 </td>
   <td style="text-align:left;"> Cortisol </td>
   <td style="text-align:left;"> Cortisol </td>
   <td style="text-align:right;"> 11.68 </td>
   <td style="text-align:right;"> 3.97 </td>
   <td style="text-align:right;"> 12.00 </td>
   <td style="text-align:left;"> <span style="     border-radius: 4px; padding-right: 4px; padding-left: 4px; background-color:  !important;">4.5</span> </td>
   <td style="text-align:right;"> 0.10 </td>
   <td style="text-align:right;"> 29.00 </td>
   <td style="text-align:left;"> <span style="     border-radius: 4px; padding-right: 4px; padding-left: 4px; background-color:  !important;">0.47</span> </td>
   <td style="text-align:left;"> <span style="     border-radius: 4px; padding-right: 4px; padding-left: 4px; background-color:  !important;">2.6</span> </td>
   <td style="text-align:right;"> 333 </td>
   <td style="text-align:left;"> <span style="     border-radius: 4px; padding-right: 4px; padding-left: 4px; background-color:  !important;">100</span> </td>
  </tr>
  <tr>
   <td style="text-align:left;"> 36 </td>
   <td style="text-align:left;"> Creatine_Kinase_MB </td>
   <td style="text-align:left;"> Creatine kinase-MB </td>
   <td style="text-align:right;"> -1.67 </td>
   <td style="text-align:right;"> 0.09 </td>
   <td style="text-align:right;"> -1.67 </td>
   <td style="text-align:left;"> <span style="     border-radius: 4px; padding-right: 4px; padding-left: 4px; background-color:  !important;">0.12</span> </td>
   <td style="text-align:right;"> -1.87 </td>
   <td style="text-align:right;"> -1.38 </td>
   <td style="text-align:left;"> <span style="     border-radius: 4px; padding-right: 4px; padding-left: 4px; background-color:  !important;">0.06</span> </td>
   <td style="text-align:left;"> <span style="     border-radius: 4px; padding-right: 4px; padding-left: 4px; background-color:  !important;">0.13</span> </td>
   <td style="text-align:right;"> 333 </td>
   <td style="text-align:left;"> <span style="     border-radius: 4px; padding-right: 4px; padding-left: 4px; background-color:  !important;">100</span> </td>
  </tr>
  <tr>
   <td style="text-align:left;"> 37 </td>
   <td style="text-align:left;"> Cystatin_C </td>
   <td style="text-align:left;"> Cystatin C </td>
   <td style="text-align:right;"> 8.58 </td>
   <td style="text-align:right;"> 0.40 </td>
   <td style="text-align:right;"> 8.56 </td>
   <td style="text-align:left;"> <span style="     border-radius: 4px; padding-right: 4px; padding-left: 4px; background-color:  !important;">0.52</span> </td>
   <td style="text-align:right;"> 7.43 </td>
   <td style="text-align:right;"> 9.69 </td>
   <td style="text-align:left;"> <span style="     border-radius: 4px; padding-right: 4px; padding-left: 4px; background-color:  !important;">0.2</span> </td>
   <td style="text-align:left;"> <span style="     border-radius: 4px; padding-right: 4px; padding-left: 4px; background-color:  !important;">0.07</span> </td>
   <td style="text-align:right;"> 333 </td>
   <td style="text-align:left;"> <span style="     border-radius: 4px; padding-right: 4px; padding-left: 4px; background-color:  !important;">100</span> </td>
  </tr>
  <tr>
   <td style="text-align:left;"> 38 </td>
   <td style="text-align:left;"> EGF_R </td>
   <td style="text-align:left;"> Epidermal growth factor receptor </td>
   <td style="text-align:right;"> -0.70 </td>
   <td style="text-align:right;"> 0.23 </td>
   <td style="text-align:right;"> -0.68 </td>
   <td style="text-align:left;"> <span style="     border-radius: 4px; padding-right: 4px; padding-left: 4px; background-color:  !important;">0.31</span> </td>
   <td style="text-align:right;"> -1.36 </td>
   <td style="text-align:right;"> 0.19 </td>
   <td style="text-align:left;"> <span style="     border-radius: 4px; padding-right: 4px; padding-left: 4px; background-color:  !important;">-0.03</span> </td>
   <td style="text-align:left;"> <span style="     border-radius: 4px; padding-right: 4px; padding-left: 4px; background-color:  !important;">0.13</span> </td>
   <td style="text-align:right;"> 333 </td>
   <td style="text-align:left;"> <span style="     border-radius: 4px; padding-right: 4px; padding-left: 4px; background-color:  !important;">100</span> </td>
  </tr>
  <tr>
   <td style="text-align:left;"> 39 </td>
   <td style="text-align:left;"> EN_RAGE </td>
   <td style="text-align:left;"> EN-RAGE (extracellular newly identified RAGE-binding protein) </td>
   <td style="text-align:right;"> -3.63 </td>
   <td style="text-align:right;"> 0.90 </td>
   <td style="text-align:right;"> -3.65 </td>
   <td style="text-align:left;"> <span style="     border-radius: 4px; padding-right: 4px; padding-left: 4px; background-color:  !important;">1.05</span> </td>
   <td style="text-align:right;"> -8.38 </td>
   <td style="text-align:right;"> -0.39 </td>
   <td style="text-align:left;"> <span style="     border-radius: 4px; padding-right: 4px; padding-left: 4px; background-color:  !important;">-0.24</span> </td>
   <td style="text-align:left;"> <span style="     border-radius: 4px; padding-right: 4px; padding-left: 4px; background-color:  !important;">4.6</span> </td>
   <td style="text-align:right;"> 333 </td>
   <td style="text-align:left;"> <span style="     border-radius: 4px; padding-right: 4px; padding-left: 4px; background-color:  !important;">100</span> </td>
  </tr>
  <tr>
   <td style="text-align:left;"> 40 </td>
   <td style="text-align:left;"> ENA_78 </td>
   <td style="text-align:left;"> ENA-78 (epithelial-derived neutrophil-activating protein 78) </td>
   <td style="text-align:right;"> -1.37 </td>
   <td style="text-align:right;"> 0.01 </td>
   <td style="text-align:right;"> -1.37 </td>
   <td style="text-align:left;"> <span style="     border-radius: 4px; padding-right: 4px; padding-left: 4px; background-color:  !important;">0.02</span> </td>
   <td style="text-align:right;"> -1.41 </td>
   <td style="text-align:right;"> -1.34 </td>
   <td style="text-align:left;"> <span style="     border-radius: 4px; padding-right: 4px; padding-left: 4px; background-color:  !important;">0.01</span> </td>
   <td style="text-align:left;"> <span style="     border-radius: 4px; padding-right: 4px; padding-left: 4px; background-color:  !important;">0.03</span> </td>
   <td style="text-align:right;"> 233 </td>
   <td style="text-align:left;"> <span style="     border-radius: 4px; padding-right: 4px; padding-left: 4px; background-color: red !important;">69.97</span> </td>
  </tr>
  <tr>
   <td style="text-align:left;"> 41 </td>
   <td style="text-align:left;"> Eotaxin_3 </td>
   <td style="text-align:left;"> Eotaxin-3 </td>
   <td style="text-align:right;"> 57.65 </td>
   <td style="text-align:right;"> 16.36 </td>
   <td style="text-align:right;"> 57.00 </td>
   <td style="text-align:left;"> <span style="     border-radius: 4px; padding-right: 4px; padding-left: 4px; background-color:  !important;">26</span> </td>
   <td style="text-align:right;"> 7.00 </td>
   <td style="text-align:right;"> 107.00 </td>
   <td style="text-align:left;"> <span style="     border-radius: 4px; padding-right: 4px; padding-left: 4px; background-color:  !important;">0.21</span> </td>
   <td style="text-align:left;"> <span style="     border-radius: 4px; padding-right: 4px; padding-left: 4px; background-color:  !important;">-0.1</span> </td>
   <td style="text-align:right;"> 333 </td>
   <td style="text-align:left;"> <span style="     border-radius: 4px; padding-right: 4px; padding-left: 4px; background-color:  !important;">100</span> </td>
  </tr>
  <tr>
   <td style="text-align:left;"> 42 </td>
   <td style="text-align:left;"> FAS </td>
   <td style="text-align:left;"> Fas (tumor necrosis factor receptor superfamily member 6) </td>
   <td style="text-align:right;"> -0.53 </td>
   <td style="text-align:right;"> 0.30 </td>
   <td style="text-align:right;"> -0.53 </td>
   <td style="text-align:left;"> <span style="     border-radius: 4px; padding-right: 4px; padding-left: 4px; background-color:  !important;">0.4</span> </td>
   <td style="text-align:right;"> -1.51 </td>
   <td style="text-align:right;"> 0.34 </td>
   <td style="text-align:left;"> <span style="     border-radius: 4px; padding-right: 4px; padding-left: 4px; background-color:  !important;">-0.03</span> </td>
   <td style="text-align:left;"> <span style="     border-radius: 4px; padding-right: 4px; padding-left: 4px; background-color:  !important;">-0.27</span> </td>
   <td style="text-align:right;"> 333 </td>
   <td style="text-align:left;"> <span style="     border-radius: 4px; padding-right: 4px; padding-left: 4px; background-color:  !important;">100</span> </td>
  </tr>
  <tr>
   <td style="text-align:left;"> 43 </td>
   <td style="text-align:left;"> FSH_Follicle_Stimulation_Hormon </td>
   <td style="text-align:left;"> Follicle-stimulating hormone </td>
   <td style="text-align:right;"> -1.13 </td>
   <td style="text-align:right;"> 0.40 </td>
   <td style="text-align:right;"> -1.11 </td>
   <td style="text-align:left;"> <span style="     border-radius: 4px; padding-right: 4px; padding-left: 4px; background-color:  !important;">0.57</span> </td>
   <td style="text-align:right;"> -2.12 </td>
   <td style="text-align:right;"> 0.10 </td>
   <td style="text-align:left;"> <span style="     border-radius: 4px; padding-right: 4px; padding-left: 4px; background-color:  !important;">0.01</span> </td>
   <td style="text-align:left;"> <span style="     border-radius: 4px; padding-right: 4px; padding-left: 4px; background-color:  !important;">-0.44</span> </td>
   <td style="text-align:right;"> 333 </td>
   <td style="text-align:left;"> <span style="     border-radius: 4px; padding-right: 4px; padding-left: 4px; background-color:  !important;">100</span> </td>
  </tr>
  <tr>
   <td style="text-align:left;"> 44 </td>
   <td style="text-align:left;"> Fas_Ligand </td>
   <td style="text-align:left;"> Fas ligand </td>
   <td style="text-align:right;"> 2.90 </td>
   <td style="text-align:right;"> 1.08 </td>
   <td style="text-align:right;"> 2.85 </td>
   <td style="text-align:left;"> <span style="     border-radius: 4px; padding-right: 4px; padding-left: 4px; background-color:  !important;">1.3</span> </td>
   <td style="text-align:right;"> -0.15 </td>
   <td style="text-align:right;"> 7.63 </td>
   <td style="text-align:left;"> <span style="     border-radius: 4px; padding-right: 4px; padding-left: 4px; background-color:  !important;">0.03</span> </td>
   <td style="text-align:left;"> <span style="     border-radius: 4px; padding-right: 4px; padding-left: 4px; background-color:  !important;">0.85</span> </td>
   <td style="text-align:right;"> 333 </td>
   <td style="text-align:left;"> <span style="     border-radius: 4px; padding-right: 4px; padding-left: 4px; background-color:  !important;">100</span> </td>
  </tr>
  <tr>
   <td style="text-align:left;"> 45 </td>
   <td style="text-align:left;"> Fatty_Acid_Binding_Protein </td>
   <td style="text-align:left;"> Fatty acid-binding protein </td>
   <td style="text-align:right;"> 1.34 </td>
   <td style="text-align:right;"> 0.78 </td>
   <td style="text-align:right;"> 1.31 </td>
   <td style="text-align:left;"> <span style="     border-radius: 4px; padding-right: 4px; padding-left: 4px; background-color:  !important;">1.1</span> </td>
   <td style="text-align:right;"> -1.04 </td>
   <td style="text-align:right;"> 3.71 </td>
   <td style="text-align:left;"> <span style="     border-radius: 4px; padding-right: 4px; padding-left: 4px; background-color:  !important;">0.06</span> </td>
   <td style="text-align:left;"> <span style="     border-radius: 4px; padding-right: 4px; padding-left: 4px; background-color:  !important;">-0.13</span> </td>
   <td style="text-align:right;"> 333 </td>
   <td style="text-align:left;"> <span style="     border-radius: 4px; padding-right: 4px; padding-left: 4px; background-color:  !important;">100</span> </td>
  </tr>
  <tr>
   <td style="text-align:left;"> 46 </td>
   <td style="text-align:left;"> Ferritin </td>
   <td style="text-align:left;"> Ferritin </td>
   <td style="text-align:right;"> 2.75 </td>
   <td style="text-align:right;"> 0.78 </td>
   <td style="text-align:right;"> 2.73 </td>
   <td style="text-align:left;"> <span style="     border-radius: 4px; padding-right: 4px; padding-left: 4px; background-color:  !important;">1.01</span> </td>
   <td style="text-align:right;"> 0.61 </td>
   <td style="text-align:right;"> 4.93 </td>
   <td style="text-align:left;"> <span style="     border-radius: 4px; padding-right: 4px; padding-left: 4px; background-color:  !important;">0.02</span> </td>
   <td style="text-align:left;"> <span style="     border-radius: 4px; padding-right: 4px; padding-left: 4px; background-color:  !important;">0.03</span> </td>
   <td style="text-align:right;"> 333 </td>
   <td style="text-align:left;"> <span style="     border-radius: 4px; padding-right: 4px; padding-left: 4px; background-color:  !important;">100</span> </td>
  </tr>
  <tr>
   <td style="text-align:left;"> 47 </td>
   <td style="text-align:left;"> Fetuin_A </td>
   <td style="text-align:left;"> Fetuin-A </td>
   <td style="text-align:right;"> 1.36 </td>
   <td style="text-align:right;"> 0.38 </td>
   <td style="text-align:right;"> 1.34 </td>
   <td style="text-align:left;"> <span style="     border-radius: 4px; padding-right: 4px; padding-left: 4px; background-color:  !important;">0.54</span> </td>
   <td style="text-align:right;"> 0.47 </td>
   <td style="text-align:right;"> 2.25 </td>
   <td style="text-align:left;"> <span style="     border-radius: 4px; padding-right: 4px; padding-left: 4px; background-color:  !important;">0.09</span> </td>
   <td style="text-align:left;"> <span style="     border-radius: 4px; padding-right: 4px; padding-left: 4px; background-color:  !important;">-0.46</span> </td>
   <td style="text-align:right;"> 233 </td>
   <td style="text-align:left;"> <span style="     border-radius: 4px; padding-right: 4px; padding-left: 4px; background-color: red !important;">69.97</span> </td>
  </tr>
  <tr>
   <td style="text-align:left;"> 48 </td>
   <td style="text-align:left;"> Fibrinogen </td>
   <td style="text-align:left;"> Fibrinogen </td>
   <td style="text-align:right;"> -7.36 </td>
   <td style="text-align:right;"> 0.58 </td>
   <td style="text-align:right;"> -7.32 </td>
   <td style="text-align:left;"> <span style="     border-radius: 4px; padding-right: 4px; padding-left: 4px; background-color:  !important;">0.72</span> </td>
   <td style="text-align:right;"> -9.37 </td>
   <td style="text-align:right;"> -5.84 </td>
   <td style="text-align:left;"> <span style="     border-radius: 4px; padding-right: 4px; padding-left: 4px; background-color:  !important;">-0.12</span> </td>
   <td style="text-align:left;"> <span style="     border-radius: 4px; padding-right: 4px; padding-left: 4px; background-color:  !important;">0.31</span> </td>
   <td style="text-align:right;"> 333 </td>
   <td style="text-align:left;"> <span style="     border-radius: 4px; padding-right: 4px; padding-left: 4px; background-color:  !important;">100</span> </td>
  </tr>
  <tr>
   <td style="text-align:left;"> 49 </td>
   <td style="text-align:left;"> GRO_alpha </td>
   <td style="text-align:left;"> Growth-regulated alpha protein </td>
   <td style="text-align:right;"> 1.38 </td>
   <td style="text-align:right;"> 0.04 </td>
   <td style="text-align:right;"> 1.38 </td>
   <td style="text-align:left;"> <span style="     border-radius: 4px; padding-right: 4px; padding-left: 4px; background-color:  !important;">0.05</span> </td>
   <td style="text-align:right;"> 1.27 </td>
   <td style="text-align:right;"> 1.51 </td>
   <td style="text-align:left;"> <span style="     border-radius: 4px; padding-right: 4px; padding-left: 4px; background-color:  !important;">-0.03</span> </td>
   <td style="text-align:left;"> <span style="     border-radius: 4px; padding-right: 4px; padding-left: 4px; background-color:  !important;">0.23</span> </td>
   <td style="text-align:right;"> 333 </td>
   <td style="text-align:left;"> <span style="     border-radius: 4px; padding-right: 4px; padding-left: 4px; background-color:  !important;">100</span> </td>
  </tr>
  <tr>
   <td style="text-align:left;"> 50 </td>
   <td style="text-align:left;"> Gamma_Interferon_induced_Monokin </td>
   <td style="text-align:left;"> Gamma interferon-induced monokine </td>
   <td style="text-align:right;"> 2.78 </td>
   <td style="text-align:right;"> 0.11 </td>
   <td style="text-align:right;"> 2.78 </td>
   <td style="text-align:left;"> <span style="     border-radius: 4px; padding-right: 4px; padding-left: 4px; background-color:  !important;">0.16</span> </td>
   <td style="text-align:right;"> 2.39 </td>
   <td style="text-align:right;"> 3.07 </td>
   <td style="text-align:left;"> <span style="     border-radius: 4px; padding-right: 4px; padding-left: 4px; background-color:  !important;">-0.05</span> </td>
   <td style="text-align:left;"> <span style="     border-radius: 4px; padding-right: 4px; padding-left: 4px; background-color:  !important;">-0.16</span> </td>
   <td style="text-align:right;"> 333 </td>
   <td style="text-align:left;"> <span style="     border-radius: 4px; padding-right: 4px; padding-left: 4px; background-color:  !important;">100</span> </td>
  </tr>
  <tr>
   <td style="text-align:left;"> 51 </td>
   <td style="text-align:left;"> Glutathione_S_Transferase_alpha </td>
   <td style="text-align:left;"> Glutathione S-transferase alpha </td>
   <td style="text-align:right;"> 0.95 </td>
   <td style="text-align:right;"> 0.16 </td>
   <td style="text-align:right;"> 0.97 </td>
   <td style="text-align:left;"> <span style="     border-radius: 4px; padding-right: 4px; padding-left: 4px; background-color:  !important;">0.19</span> </td>
   <td style="text-align:right;"> 0.52 </td>
   <td style="text-align:right;"> 1.32 </td>
   <td style="text-align:left;"> <span style="     border-radius: 4px; padding-right: 4px; padding-left: 4px; background-color:  !important;">0.03</span> </td>
   <td style="text-align:left;"> <span style="     border-radius: 4px; padding-right: 4px; padding-left: 4px; background-color:  !important;">-0.44</span> </td>
   <td style="text-align:right;"> 333 </td>
   <td style="text-align:left;"> <span style="     border-radius: 4px; padding-right: 4px; padding-left: 4px; background-color:  !important;">100</span> </td>
  </tr>
  <tr>
   <td style="text-align:left;"> 52 </td>
   <td style="text-align:left;"> HB_EGF </td>
   <td style="text-align:left;"> Heparin-binding epidermal growth factor </td>
   <td style="text-align:right;"> 6.84 </td>
   <td style="text-align:right;"> 1.49 </td>
   <td style="text-align:right;"> 6.70 </td>
   <td style="text-align:left;"> <span style="     border-radius: 4px; padding-right: 4px; padding-left: 4px; background-color:  !important;">1.96</span> </td>
   <td style="text-align:right;"> 2.10 </td>
   <td style="text-align:right;"> 10.70 </td>
   <td style="text-align:left;"> <span style="     border-radius: 4px; padding-right: 4px; padding-left: 4px; background-color:  !important;">0.02</span> </td>
   <td style="text-align:left;"> <span style="     border-radius: 4px; padding-right: 4px; padding-left: 4px; background-color:  !important;">-0.15</span> </td>
   <td style="text-align:right;"> 333 </td>
   <td style="text-align:left;"> <span style="     border-radius: 4px; padding-right: 4px; padding-left: 4px; background-color:  !important;">100</span> </td>
  </tr>
  <tr>
   <td style="text-align:left;"> 53 </td>
   <td style="text-align:left;"> HCC_4 </td>
   <td style="text-align:left;"> HCC-4 (hemofiltrate CC chemokine-4) </td>
   <td style="text-align:right;"> -3.51 </td>
   <td style="text-align:right;"> 0.36 </td>
   <td style="text-align:right;"> -3.54 </td>
   <td style="text-align:left;"> <span style="     border-radius: 4px; padding-right: 4px; padding-left: 4px; background-color:  !important;">0.46</span> </td>
   <td style="text-align:right;"> -4.51 </td>
   <td style="text-align:right;"> -2.12 </td>
   <td style="text-align:left;"> <span style="     border-radius: 4px; padding-right: 4px; padding-left: 4px; background-color:  !important;">0.28</span> </td>
   <td style="text-align:left;"> <span style="     border-radius: 4px; padding-right: 4px; padding-left: 4px; background-color:  !important;">0.54</span> </td>
   <td style="text-align:right;"> 333 </td>
   <td style="text-align:left;"> <span style="     border-radius: 4px; padding-right: 4px; padding-left: 4px; background-color:  !important;">100</span> </td>
  </tr>
  <tr>
   <td style="text-align:left;"> 54 </td>
   <td style="text-align:left;"> Hepatocyte_Growth_Factor_HGF </td>
   <td style="text-align:left;"> Hepatocyte growth factor </td>
   <td style="text-align:right;"> 0.19 </td>
   <td style="text-align:right;"> 0.30 </td>
   <td style="text-align:right;"> 0.18 </td>
   <td style="text-align:left;"> <span style="     border-radius: 4px; padding-right: 4px; padding-left: 4px; background-color:  !important;">0.41</span> </td>
   <td style="text-align:right;"> -0.63 </td>
   <td style="text-align:right;"> 1.10 </td>
   <td style="text-align:left;"> <span style="     border-radius: 4px; padding-right: 4px; padding-left: 4px; background-color:  !important;">0.05</span> </td>
   <td style="text-align:left;"> <span style="     border-radius: 4px; padding-right: 4px; padding-left: 4px; background-color:  !important;">-0.01</span> </td>
   <td style="text-align:right;"> 333 </td>
   <td style="text-align:left;"> <span style="     border-radius: 4px; padding-right: 4px; padding-left: 4px; background-color:  !important;">100</span> </td>
  </tr>
  <tr>
   <td style="text-align:left;"> 55 </td>
   <td style="text-align:left;"> I_309 </td>
   <td style="text-align:left;"> I-309 (TCA-3) </td>
   <td style="text-align:right;"> 2.95 </td>
   <td style="text-align:right;"> 0.37 </td>
   <td style="text-align:right;"> 2.94 </td>
   <td style="text-align:left;"> <span style="     border-radius: 4px; padding-right: 4px; padding-left: 4px; background-color:  !important;">0.47</span> </td>
   <td style="text-align:right;"> 1.76 </td>
   <td style="text-align:right;"> 4.14 </td>
   <td style="text-align:left;"> <span style="     border-radius: 4px; padding-right: 4px; padding-left: 4px; background-color:  !important;">-0.17</span> </td>
   <td style="text-align:left;"> <span style="     border-radius: 4px; padding-right: 4px; padding-left: 4px; background-color:  !important;">0.34</span> </td>
   <td style="text-align:right;"> 333 </td>
   <td style="text-align:left;"> <span style="     border-radius: 4px; padding-right: 4px; padding-left: 4px; background-color:  !important;">100</span> </td>
  </tr>
  <tr>
   <td style="text-align:left;"> 56 </td>
   <td style="text-align:left;"> ICAM_1 </td>
   <td style="text-align:left;"> Intercellular adhesion molecule 1 </td>
   <td style="text-align:right;"> -0.59 </td>
   <td style="text-align:right;"> 0.33 </td>
   <td style="text-align:right;"> -0.59 </td>
   <td style="text-align:left;"> <span style="     border-radius: 4px; padding-right: 4px; padding-left: 4px; background-color:  !important;">0.42</span> </td>
   <td style="text-align:right;"> -1.53 </td>
   <td style="text-align:right;"> 0.52 </td>
   <td style="text-align:left;"> <span style="     border-radius: 4px; padding-right: 4px; padding-left: 4px; background-color:  !important;">-0.06</span> </td>
   <td style="text-align:left;"> <span style="     border-radius: 4px; padding-right: 4px; padding-left: 4px; background-color:  !important;">0.05</span> </td>
   <td style="text-align:right;"> 333 </td>
   <td style="text-align:left;"> <span style="     border-radius: 4px; padding-right: 4px; padding-left: 4px; background-color:  !important;">100</span> </td>
  </tr>
  <tr>
   <td style="text-align:left;"> 57 </td>
   <td style="text-align:left;"> IGF_BP_2 </td>
   <td style="text-align:left;"> Insulin-like growth factor-binding protein 2 </td>
   <td style="text-align:right;"> 5.31 </td>
   <td style="text-align:right;"> 0.21 </td>
   <td style="text-align:right;"> 5.30 </td>
   <td style="text-align:left;"> <span style="     border-radius: 4px; padding-right: 4px; padding-left: 4px; background-color:  !important;">0.28</span> </td>
   <td style="text-align:right;"> 4.63 </td>
   <td style="text-align:right;"> 5.95 </td>
   <td style="text-align:left;"> <span style="     border-radius: 4px; padding-right: 4px; padding-left: 4px; background-color:  !important;">-0.05</span> </td>
   <td style="text-align:left;"> <span style="     border-radius: 4px; padding-right: 4px; padding-left: 4px; background-color:  !important;">0.27</span> </td>
   <td style="text-align:right;"> 333 </td>
   <td style="text-align:left;"> <span style="     border-radius: 4px; padding-right: 4px; padding-left: 4px; background-color:  !important;">100</span> </td>
  </tr>
  <tr>
   <td style="text-align:left;"> 58 </td>
   <td style="text-align:left;"> IL_11 </td>
   <td style="text-align:left;"> Interleukin 11 </td>
   <td style="text-align:right;"> 4.71 </td>
   <td style="text-align:right;"> 1.42 </td>
   <td style="text-align:right;"> 4.81 </td>
   <td style="text-align:left;"> <span style="     border-radius: 4px; padding-right: 4px; padding-left: 4px; background-color:  !important;">2</span> </td>
   <td style="text-align:right;"> 1.75 </td>
   <td style="text-align:right;"> 8.69 </td>
   <td style="text-align:left;"> <span style="     border-radius: 4px; padding-right: 4px; padding-left: 4px; background-color:  !important;">-0.01</span> </td>
   <td style="text-align:left;"> <span style="     border-radius: 4px; padding-right: 4px; padding-left: 4px; background-color:  !important;">-0.39</span> </td>
   <td style="text-align:right;"> 333 </td>
   <td style="text-align:left;"> <span style="     border-radius: 4px; padding-right: 4px; padding-left: 4px; background-color:  !important;">100</span> </td>
  </tr>
  <tr>
   <td style="text-align:left;"> 59 </td>
   <td style="text-align:left;"> IL_13 </td>
   <td style="text-align:left;"> Interleukin 13 </td>
   <td style="text-align:right;"> 1.28 </td>
   <td style="text-align:right;"> 0.01 </td>
   <td style="text-align:right;"> 1.28 </td>
   <td style="text-align:left;"> <span style="     border-radius: 4px; padding-right: 4px; padding-left: 4px; background-color:  !important;">0.02</span> </td>
   <td style="text-align:right;"> 1.23 </td>
   <td style="text-align:right;"> 1.32 </td>
   <td style="text-align:left;"> <span style="     border-radius: 4px; padding-right: 4px; padding-left: 4px; background-color:  !important;">-0.03</span> </td>
   <td style="text-align:left;"> <span style="     border-radius: 4px; padding-right: 4px; padding-left: 4px; background-color:  !important;">1.55</span> </td>
   <td style="text-align:right;"> 333 </td>
   <td style="text-align:left;"> <span style="     border-radius: 4px; padding-right: 4px; padding-left: 4px; background-color:  !important;">100</span> </td>
  </tr>
  <tr>
   <td style="text-align:left;"> 60 </td>
   <td style="text-align:left;"> IL_16 </td>
   <td style="text-align:left;"> Interleukin 16 </td>
   <td style="text-align:right;"> 2.91 </td>
   <td style="text-align:right;"> 0.67 </td>
   <td style="text-align:right;"> 2.88 </td>
   <td style="text-align:left;"> <span style="     border-radius: 4px; padding-right: 4px; padding-left: 4px; background-color:  !important;">0.89</span> </td>
   <td style="text-align:right;"> 0.96 </td>
   <td style="text-align:right;"> 4.94 </td>
   <td style="text-align:left;"> <span style="     border-radius: 4px; padding-right: 4px; padding-left: 4px; background-color:  !important;">0</span> </td>
   <td style="text-align:left;"> <span style="     border-radius: 4px; padding-right: 4px; padding-left: 4px; background-color:  !important;">0.15</span> </td>
   <td style="text-align:right;"> 333 </td>
   <td style="text-align:left;"> <span style="     border-radius: 4px; padding-right: 4px; padding-left: 4px; background-color:  !important;">100</span> </td>
  </tr>
  <tr>
   <td style="text-align:left;"> 61 </td>
   <td style="text-align:left;"> IL_17E </td>
   <td style="text-align:left;"> Interleukin 17E </td>
   <td style="text-align:right;"> 4.84 </td>
   <td style="text-align:right;"> 1.33 </td>
   <td style="text-align:right;"> 4.75 </td>
   <td style="text-align:left;"> <span style="     border-radius: 4px; padding-right: 4px; padding-left: 4px; background-color:  !important;">1.48</span> </td>
   <td style="text-align:right;"> 1.05 </td>
   <td style="text-align:right;"> 8.95 </td>
   <td style="text-align:left;"> <span style="     border-radius: 4px; padding-right: 4px; padding-left: 4px; background-color:  !important;">0.06</span> </td>
   <td style="text-align:left;"> <span style="     border-radius: 4px; padding-right: 4px; padding-left: 4px; background-color:  !important;">0.22</span> </td>
   <td style="text-align:right;"> 333 </td>
   <td style="text-align:left;"> <span style="     border-radius: 4px; padding-right: 4px; padding-left: 4px; background-color:  !important;">100</span> </td>
  </tr>
  <tr>
   <td style="text-align:left;"> 62 </td>
   <td style="text-align:left;"> IL_1alpha </td>
   <td style="text-align:left;"> Interleukin 1 alpha </td>
   <td style="text-align:right;"> -7.52 </td>
   <td style="text-align:right;"> 0.40 </td>
   <td style="text-align:right;"> -7.54 </td>
   <td style="text-align:left;"> <span style="     border-radius: 4px; padding-right: 4px; padding-left: 4px; background-color:  !important;">0.56</span> </td>
   <td style="text-align:right;"> -8.52 </td>
   <td style="text-align:right;"> -5.95 </td>
   <td style="text-align:left;"> <span style="     border-radius: 4px; padding-right: 4px; padding-left: 4px; background-color:  !important;">0.28</span> </td>
   <td style="text-align:left;"> <span style="     border-radius: 4px; padding-right: 4px; padding-left: 4px; background-color:  !important;">0.35</span> </td>
   <td style="text-align:right;"> 333 </td>
   <td style="text-align:left;"> <span style="     border-radius: 4px; padding-right: 4px; padding-left: 4px; background-color:  !important;">100</span> </td>
  </tr>
  <tr>
   <td style="text-align:left;"> 63 </td>
   <td style="text-align:left;"> IL_3 </td>
   <td style="text-align:left;"> Interleukin 3 </td>
   <td style="text-align:right;"> -3.95 </td>
   <td style="text-align:right;"> 0.51 </td>
   <td style="text-align:right;"> -3.91 </td>
   <td style="text-align:left;"> <span style="     border-radius: 4px; padding-right: 4px; padding-left: 4px; background-color:  !important;">0.66</span> </td>
   <td style="text-align:right;"> -5.91 </td>
   <td style="text-align:right;"> -2.45 </td>
   <td style="text-align:left;"> <span style="     border-radius: 4px; padding-right: 4px; padding-left: 4px; background-color:  !important;">-0.22</span> </td>
   <td style="text-align:left;"> <span style="     border-radius: 4px; padding-right: 4px; padding-left: 4px; background-color:  !important;">0.47</span> </td>
   <td style="text-align:right;"> 333 </td>
   <td style="text-align:left;"> <span style="     border-radius: 4px; padding-right: 4px; padding-left: 4px; background-color:  !important;">100</span> </td>
  </tr>
  <tr>
   <td style="text-align:left;"> 64 </td>
   <td style="text-align:left;"> IL_4 </td>
   <td style="text-align:left;"> Interleukin 4 </td>
   <td style="text-align:right;"> 1.77 </td>
   <td style="text-align:right;"> 0.51 </td>
   <td style="text-align:right;"> 1.81 </td>
   <td style="text-align:left;"> <span style="     border-radius: 4px; padding-right: 4px; padding-left: 4px; background-color:  !important;">0.68</span> </td>
   <td style="text-align:right;"> 0.53 </td>
   <td style="text-align:right;"> 3.04 </td>
   <td style="text-align:left;"> <span style="     border-radius: 4px; padding-right: 4px; padding-left: 4px; background-color:  !important;">0</span> </td>
   <td style="text-align:left;"> <span style="     border-radius: 4px; padding-right: 4px; padding-left: 4px; background-color:  !important;">-0.27</span> </td>
   <td style="text-align:right;"> 333 </td>
   <td style="text-align:left;"> <span style="     border-radius: 4px; padding-right: 4px; padding-left: 4px; background-color:  !important;">100</span> </td>
  </tr>
  <tr>
   <td style="text-align:left;"> 65 </td>
   <td style="text-align:left;"> IL_5 </td>
   <td style="text-align:left;"> Interleukin 5 </td>
   <td style="text-align:right;"> 0.19 </td>
   <td style="text-align:right;"> 0.45 </td>
   <td style="text-align:right;"> 0.18 </td>
   <td style="text-align:left;"> <span style="     border-radius: 4px; padding-right: 4px; padding-left: 4px; background-color:  !important;">0.56</span> </td>
   <td style="text-align:right;"> -1.43 </td>
   <td style="text-align:right;"> 1.95 </td>
   <td style="text-align:left;"> <span style="     border-radius: 4px; padding-right: 4px; padding-left: 4px; background-color:  !important;">-0.12</span> </td>
   <td style="text-align:left;"> <span style="     border-radius: 4px; padding-right: 4px; padding-left: 4px; background-color:  !important;">0.58</span> </td>
   <td style="text-align:right;"> 333 </td>
   <td style="text-align:left;"> <span style="     border-radius: 4px; padding-right: 4px; padding-left: 4px; background-color:  !important;">100</span> </td>
  </tr>
  <tr>
   <td style="text-align:left;"> 66 </td>
   <td style="text-align:left;"> IL_6 </td>
   <td style="text-align:left;"> Interleukin 6 </td>
   <td style="text-align:right;"> -0.15 </td>
   <td style="text-align:right;"> 0.54 </td>
   <td style="text-align:right;"> -0.16 </td>
   <td style="text-align:left;"> <span style="     border-radius: 4px; padding-right: 4px; padding-left: 4px; background-color:  !important;">0.49</span> </td>
   <td style="text-align:right;"> -1.53 </td>
   <td style="text-align:right;"> 1.53 </td>
   <td style="text-align:left;"> <span style="     border-radius: 4px; padding-right: 4px; padding-left: 4px; background-color:  !important;">-0.08</span> </td>
   <td style="text-align:left;"> <span style="     border-radius: 4px; padding-right: 4px; padding-left: 4px; background-color:  !important;">0.67</span> </td>
   <td style="text-align:right;"> 233 </td>
   <td style="text-align:left;"> <span style="     border-radius: 4px; padding-right: 4px; padding-left: 4px; background-color: red !important;">69.97</span> </td>
  </tr>
  <tr>
   <td style="text-align:left;"> 67 </td>
   <td style="text-align:left;"> IL_6_Receptor </td>
   <td style="text-align:left;"> Interleukin 6 receptor </td>
   <td style="text-align:right;"> 0.09 </td>
   <td style="text-align:right;"> 0.32 </td>
   <td style="text-align:right;"> 0.10 </td>
   <td style="text-align:left;"> <span style="     border-radius: 4px; padding-right: 4px; padding-left: 4px; background-color:  !important;">0.5</span> </td>
   <td style="text-align:right;"> -0.75 </td>
   <td style="text-align:right;"> 0.83 </td>
   <td style="text-align:left;"> <span style="     border-radius: 4px; padding-right: 4px; padding-left: 4px; background-color:  !important;">-0.06</span> </td>
   <td style="text-align:left;"> <span style="     border-radius: 4px; padding-right: 4px; padding-left: 4px; background-color:  !important;">-0.6</span> </td>
   <td style="text-align:right;"> 333 </td>
   <td style="text-align:left;"> <span style="     border-radius: 4px; padding-right: 4px; padding-left: 4px; background-color:  !important;">100</span> </td>
  </tr>
  <tr>
   <td style="text-align:left;"> 68 </td>
   <td style="text-align:left;"> IL_7 </td>
   <td style="text-align:left;"> Interleukin 7 </td>
   <td style="text-align:right;"> 2.90 </td>
   <td style="text-align:right;"> 1.02 </td>
   <td style="text-align:right;"> 2.92 </td>
   <td style="text-align:left;"> <span style="     border-radius: 4px; padding-right: 4px; padding-left: 4px; background-color:  !important;">1.55</span> </td>
   <td style="text-align:right;"> 0.56 </td>
   <td style="text-align:right;"> 5.71 </td>
   <td style="text-align:left;"> <span style="     border-radius: 4px; padding-right: 4px; padding-left: 4px; background-color:  !important;">-0.06</span> </td>
   <td style="text-align:left;"> <span style="     border-radius: 4px; padding-right: 4px; padding-left: 4px; background-color:  !important;">-0.48</span> </td>
   <td style="text-align:right;"> 333 </td>
   <td style="text-align:left;"> <span style="     border-radius: 4px; padding-right: 4px; padding-left: 4px; background-color:  !important;">100</span> </td>
  </tr>
  <tr>
   <td style="text-align:left;"> 69 </td>
   <td style="text-align:left;"> IL_8 </td>
   <td style="text-align:left;"> Interleukin 8 </td>
   <td style="text-align:right;"> 1.70 </td>
   <td style="text-align:right;"> 0.04 </td>
   <td style="text-align:right;"> 1.71 </td>
   <td style="text-align:left;"> <span style="     border-radius: 4px; padding-right: 4px; padding-left: 4px; background-color:  !important;">0.05</span> </td>
   <td style="text-align:right;"> 1.57 </td>
   <td style="text-align:right;"> 1.84 </td>
   <td style="text-align:left;"> <span style="     border-radius: 4px; padding-right: 4px; padding-left: 4px; background-color:  !important;">-0.03</span> </td>
   <td style="text-align:left;"> <span style="     border-radius: 4px; padding-right: 4px; padding-left: 4px; background-color:  !important;">0.68</span> </td>
   <td style="text-align:right;"> 333 </td>
   <td style="text-align:left;"> <span style="     border-radius: 4px; padding-right: 4px; padding-left: 4px; background-color:  !important;">100</span> </td>
  </tr>
  <tr>
   <td style="text-align:left;"> 70 </td>
   <td style="text-align:left;"> IP_10_Inducible_Protein_10 </td>
   <td style="text-align:left;"> Inducible protein 10 </td>
   <td style="text-align:right;"> 5.73 </td>
   <td style="text-align:right;"> 0.51 </td>
   <td style="text-align:right;"> 5.72 </td>
   <td style="text-align:left;"> <span style="     border-radius: 4px; padding-right: 4px; padding-left: 4px; background-color:  !important;">0.67</span> </td>
   <td style="text-align:right;"> 4.26 </td>
   <td style="text-align:right;"> 7.50 </td>
   <td style="text-align:left;"> <span style="     border-radius: 4px; padding-right: 4px; padding-left: 4px; background-color:  !important;">0.29</span> </td>
   <td style="text-align:left;"> <span style="     border-radius: 4px; padding-right: 4px; padding-left: 4px; background-color:  !important;">0.39</span> </td>
   <td style="text-align:right;"> 333 </td>
   <td style="text-align:left;"> <span style="     border-radius: 4px; padding-right: 4px; padding-left: 4px; background-color:  !important;">100</span> </td>
  </tr>
  <tr>
   <td style="text-align:left;"> 71 </td>
   <td style="text-align:left;"> IgA </td>
   <td style="text-align:left;"> Immunoglobulin A </td>
   <td style="text-align:right;"> -6.11 </td>
   <td style="text-align:right;"> 0.74 </td>
   <td style="text-align:right;"> -6.12 </td>
   <td style="text-align:left;"> <span style="     border-radius: 4px; padding-right: 4px; padding-left: 4px; background-color:  !important;">1.05</span> </td>
   <td style="text-align:right;"> -10.52 </td>
   <td style="text-align:right;"> -4.20 </td>
   <td style="text-align:left;"> <span style="     border-radius: 4px; padding-right: 4px; padding-left: 4px; background-color:  !important;">-0.55</span> </td>
   <td style="text-align:left;"> <span style="     border-radius: 4px; padding-right: 4px; padding-left: 4px; background-color:  !important;">3.07</span> </td>
   <td style="text-align:right;"> 333 </td>
   <td style="text-align:left;"> <span style="     border-radius: 4px; padding-right: 4px; padding-left: 4px; background-color:  !important;">100</span> </td>
  </tr>
  <tr>
   <td style="text-align:left;"> 72 </td>
   <td style="text-align:left;"> Insulin </td>
   <td style="text-align:left;"> Insulin </td>
   <td style="text-align:right;"> -1.23 </td>
   <td style="text-align:right;"> 0.34 </td>
   <td style="text-align:right;"> -1.25 </td>
   <td style="text-align:left;"> <span style="     border-radius: 4px; padding-right: 4px; padding-left: 4px; background-color:  !important;">0.41</span> </td>
   <td style="text-align:right;"> -2.17 </td>
   <td style="text-align:right;"> -0.16 </td>
   <td style="text-align:left;"> <span style="     border-radius: 4px; padding-right: 4px; padding-left: 4px; background-color:  !important;">-0.04</span> </td>
   <td style="text-align:left;"> <span style="     border-radius: 4px; padding-right: 4px; padding-left: 4px; background-color:  !important;">0.57</span> </td>
   <td style="text-align:right;"> 333 </td>
   <td style="text-align:left;"> <span style="     border-radius: 4px; padding-right: 4px; padding-left: 4px; background-color:  !important;">100</span> </td>
  </tr>
  <tr>
   <td style="text-align:left;"> 73 </td>
   <td style="text-align:left;"> Kidney_Injury_Molecule_1_KIM_1 </td>
   <td style="text-align:left;"> Kidney injury molecule 1 </td>
   <td style="text-align:right;"> -1.19 </td>
   <td style="text-align:right;"> 0.03 </td>
   <td style="text-align:right;"> -1.18 </td>
   <td style="text-align:left;"> <span style="     border-radius: 4px; padding-right: 4px; padding-left: 4px; background-color:  !important;">0.04</span> </td>
   <td style="text-align:right;"> -1.26 </td>
   <td style="text-align:right;"> -1.10 </td>
   <td style="text-align:left;"> <span style="     border-radius: 4px; padding-right: 4px; padding-left: 4px; background-color:  !important;">0.01</span> </td>
   <td style="text-align:left;"> <span style="     border-radius: 4px; padding-right: 4px; padding-left: 4px; background-color:  !important;">-0.25</span> </td>
   <td style="text-align:right;"> 333 </td>
   <td style="text-align:left;"> <span style="     border-radius: 4px; padding-right: 4px; padding-left: 4px; background-color:  !important;">100</span> </td>
  </tr>
  <tr>
   <td style="text-align:left;"> 74 </td>
   <td style="text-align:left;"> LOX_1 </td>
   <td style="text-align:left;"> Lectin-like oxidized LDL receptor 1 </td>
   <td style="text-align:right;"> 1.27 </td>
   <td style="text-align:right;"> 0.41 </td>
   <td style="text-align:right;"> 1.25 </td>
   <td style="text-align:left;"> <span style="     border-radius: 4px; padding-right: 4px; padding-left: 4px; background-color:  !important;">0.5</span> </td>
   <td style="text-align:right;"> 0.00 </td>
   <td style="text-align:right;"> 2.40 </td>
   <td style="text-align:left;"> <span style="     border-radius: 4px; padding-right: 4px; padding-left: 4px; background-color:  !important;">-0.04</span> </td>
   <td style="text-align:left;"> <span style="     border-radius: 4px; padding-right: 4px; padding-left: 4px; background-color:  !important;">0.14</span> </td>
   <td style="text-align:right;"> 333 </td>
   <td style="text-align:left;"> <span style="     border-radius: 4px; padding-right: 4px; padding-left: 4px; background-color:  !important;">100</span> </td>
  </tr>
  <tr>
   <td style="text-align:left;"> 75 </td>
   <td style="text-align:left;"> Leptin </td>
   <td style="text-align:left;"> Leptin </td>
   <td style="text-align:right;"> -1.49 </td>
   <td style="text-align:right;"> 0.27 </td>
   <td style="text-align:right;"> -1.47 </td>
   <td style="text-align:left;"> <span style="     border-radius: 4px; padding-right: 4px; padding-left: 4px; background-color:  !important;">0.38</span> </td>
   <td style="text-align:right;"> -2.15 </td>
   <td style="text-align:right;"> -0.62 </td>
   <td style="text-align:left;"> <span style="     border-radius: 4px; padding-right: 4px; padding-left: 4px; background-color:  !important;">0.04</span> </td>
   <td style="text-align:left;"> <span style="     border-radius: 4px; padding-right: 4px; padding-left: 4px; background-color:  !important;">-0.09</span> </td>
   <td style="text-align:right;"> 333 </td>
   <td style="text-align:left;"> <span style="     border-radius: 4px; padding-right: 4px; padding-left: 4px; background-color:  !important;">100</span> </td>
  </tr>
  <tr>
   <td style="text-align:left;"> 76 </td>
   <td style="text-align:left;"> Lipoprotein_a </td>
   <td style="text-align:left;"> Lipoprotein(a) </td>
   <td style="text-align:right;"> -4.44 </td>
   <td style="text-align:right;"> 1.07 </td>
   <td style="text-align:right;"> -4.63 </td>
   <td style="text-align:left;"> <span style="     border-radius: 4px; padding-right: 4px; padding-left: 4px; background-color:  !important;">1.7</span> </td>
   <td style="text-align:right;"> -6.81 </td>
   <td style="text-align:right;"> -1.39 </td>
   <td style="text-align:left;"> <span style="     border-radius: 4px; padding-right: 4px; padding-left: 4px; background-color:  !important;">0.38</span> </td>
   <td style="text-align:left;"> <span style="     border-radius: 4px; padding-right: 4px; padding-left: 4px; background-color:  !important;">-0.5</span> </td>
   <td style="text-align:right;"> 333 </td>
   <td style="text-align:left;"> <span style="     border-radius: 4px; padding-right: 4px; padding-left: 4px; background-color:  !important;">100</span> </td>
  </tr>
  <tr>
   <td style="text-align:left;"> 77 </td>
   <td style="text-align:left;"> MCP_1 </td>
   <td style="text-align:left;"> Monocyte chemoattractant protein 1 </td>
   <td style="text-align:right;"> 6.49 </td>
   <td style="text-align:right;"> 0.26 </td>
   <td style="text-align:right;"> 6.49 </td>
   <td style="text-align:left;"> <span style="     border-radius: 4px; padding-right: 4px; padding-left: 4px; background-color:  !important;">0.36</span> </td>
   <td style="text-align:right;"> 5.83 </td>
   <td style="text-align:right;"> 7.23 </td>
   <td style="text-align:left;"> <span style="     border-radius: 4px; padding-right: 4px; padding-left: 4px; background-color:  !important;">0.02</span> </td>
   <td style="text-align:left;"> <span style="     border-radius: 4px; padding-right: 4px; padding-left: 4px; background-color:  !important;">-0.24</span> </td>
   <td style="text-align:right;"> 333 </td>
   <td style="text-align:left;"> <span style="     border-radius: 4px; padding-right: 4px; padding-left: 4px; background-color:  !important;">100</span> </td>
  </tr>
  <tr>
   <td style="text-align:left;"> 78 </td>
   <td style="text-align:left;"> MCP_2 </td>
   <td style="text-align:left;"> Monocyte chemoattractant protein 2 </td>
   <td style="text-align:right;"> 1.86 </td>
   <td style="text-align:right;"> 0.64 </td>
   <td style="text-align:right;"> 1.85 </td>
   <td style="text-align:left;"> <span style="     border-radius: 4px; padding-right: 4px; padding-left: 4px; background-color:  !important;">0.65</span> </td>
   <td style="text-align:right;"> 0.40 </td>
   <td style="text-align:right;"> 4.02 </td>
   <td style="text-align:left;"> <span style="     border-radius: 4px; padding-right: 4px; padding-left: 4px; background-color:  !important;">0.04</span> </td>
   <td style="text-align:left;"> <span style="     border-radius: 4px; padding-right: 4px; padding-left: 4px; background-color:  !important;">1.01</span> </td>
   <td style="text-align:right;"> 333 </td>
   <td style="text-align:left;"> <span style="     border-radius: 4px; padding-right: 4px; padding-left: 4px; background-color:  !important;">100</span> </td>
  </tr>
  <tr>
   <td style="text-align:left;"> 79 </td>
   <td style="text-align:left;"> MIF </td>
   <td style="text-align:left;"> Macrophage migration inhibitory factor </td>
   <td style="text-align:right;"> -1.88 </td>
   <td style="text-align:right;"> 0.33 </td>
   <td style="text-align:right;"> -1.90 </td>
   <td style="text-align:left;"> <span style="     border-radius: 4px; padding-right: 4px; padding-left: 4px; background-color:  !important;">0.46</span> </td>
   <td style="text-align:right;"> -2.85 </td>
   <td style="text-align:right;"> -0.84 </td>
   <td style="text-align:left;"> <span style="     border-radius: 4px; padding-right: 4px; padding-left: 4px; background-color:  !important;">0.17</span> </td>
   <td style="text-align:left;"> <span style="     border-radius: 4px; padding-right: 4px; padding-left: 4px; background-color:  !important;">0.08</span> </td>
   <td style="text-align:right;"> 333 </td>
   <td style="text-align:left;"> <span style="     border-radius: 4px; padding-right: 4px; padding-left: 4px; background-color:  !important;">100</span> </td>
  </tr>
  <tr>
   <td style="text-align:left;"> 80 </td>
   <td style="text-align:left;"> MIP_1alpha </td>
   <td style="text-align:left;"> Macrophage inflammatory protein 1 alpha </td>
   <td style="text-align:right;"> 4.02 </td>
   <td style="text-align:right;"> 1.01 </td>
   <td style="text-align:right;"> 3.96 </td>
   <td style="text-align:left;"> <span style="     border-radius: 4px; padding-right: 4px; padding-left: 4px; background-color:  !important;">1.42</span> </td>
   <td style="text-align:right;"> 0.93 </td>
   <td style="text-align:right;"> 6.80 </td>
   <td style="text-align:left;"> <span style="     border-radius: 4px; padding-right: 4px; padding-left: 4px; background-color:  !important;">0.04</span> </td>
   <td style="text-align:left;"> <span style="     border-radius: 4px; padding-right: 4px; padding-left: 4px; background-color:  !important;">-0.11</span> </td>
   <td style="text-align:right;"> 333 </td>
   <td style="text-align:left;"> <span style="     border-radius: 4px; padding-right: 4px; padding-left: 4px; background-color:  !important;">100</span> </td>
  </tr>
  <tr>
   <td style="text-align:left;"> 81 </td>
   <td style="text-align:left;"> MIP_1beta </td>
   <td style="text-align:left;"> Macrophage inflammatory protein 1 beta </td>
   <td style="text-align:right;"> 2.81 </td>
   <td style="text-align:right;"> 0.38 </td>
   <td style="text-align:right;"> 2.83 </td>
   <td style="text-align:left;"> <span style="     border-radius: 4px; padding-right: 4px; padding-left: 4px; background-color:  !important;">0.48</span> </td>
   <td style="text-align:right;"> 1.92 </td>
   <td style="text-align:right;"> 4.01 </td>
   <td style="text-align:left;"> <span style="     border-radius: 4px; padding-right: 4px; padding-left: 4px; background-color:  !important;">0.16</span> </td>
   <td style="text-align:left;"> <span style="     border-radius: 4px; padding-right: 4px; padding-left: 4px; background-color:  !important;">-0.08</span> </td>
   <td style="text-align:right;"> 333 </td>
   <td style="text-align:left;"> <span style="     border-radius: 4px; padding-right: 4px; padding-left: 4px; background-color:  !important;">100</span> </td>
  </tr>
  <tr>
   <td style="text-align:left;"> 82 </td>
   <td style="text-align:left;"> MMP_2 </td>
   <td style="text-align:left;"> Matrix metalloproteinase 2 </td>
   <td style="text-align:right;"> 2.91 </td>
   <td style="text-align:right;"> 0.94 </td>
   <td style="text-align:right;"> 2.97 </td>
   <td style="text-align:left;"> <span style="     border-radius: 4px; padding-right: 4px; padding-left: 4px; background-color:  !important;">1.22</span> </td>
   <td style="text-align:right;"> 0.10 </td>
   <td style="text-align:right;"> 6.10 </td>
   <td style="text-align:left;"> <span style="     border-radius: 4px; padding-right: 4px; padding-left: 4px; background-color:  !important;">-0.02</span> </td>
   <td style="text-align:left;"> <span style="     border-radius: 4px; padding-right: 4px; padding-left: 4px; background-color:  !important;">0.25</span> </td>
   <td style="text-align:right;"> 333 </td>
   <td style="text-align:left;"> <span style="     border-radius: 4px; padding-right: 4px; padding-left: 4px; background-color:  !important;">100</span> </td>
  </tr>
  <tr>
   <td style="text-align:left;"> 83 </td>
   <td style="text-align:left;"> MMP_3 </td>
   <td style="text-align:left;"> Matrix metalloproteinase 3 </td>
   <td style="text-align:right;"> -2.45 </td>
   <td style="text-align:right;"> 0.58 </td>
   <td style="text-align:right;"> -2.48 </td>
   <td style="text-align:left;"> <span style="     border-radius: 4px; padding-right: 4px; padding-left: 4px; background-color:  !important;">0.66</span> </td>
   <td style="text-align:right;"> -4.42 </td>
   <td style="text-align:right;"> -0.53 </td>
   <td style="text-align:left;"> <span style="     border-radius: 4px; padding-right: 4px; padding-left: 4px; background-color:  !important;">-0.08</span> </td>
   <td style="text-align:left;"> <span style="     border-radius: 4px; padding-right: 4px; padding-left: 4px; background-color:  !important;">0.37</span> </td>
   <td style="text-align:right;"> 333 </td>
   <td style="text-align:left;"> <span style="     border-radius: 4px; padding-right: 4px; padding-left: 4px; background-color:  !important;">100</span> </td>
  </tr>
  <tr>
   <td style="text-align:left;"> 84 </td>
   <td style="text-align:left;"> MMP10 </td>
   <td style="text-align:left;"> Matrix metalloproteinase 10 </td>
   <td style="text-align:right;"> -3.64 </td>
   <td style="text-align:right;"> 0.43 </td>
   <td style="text-align:right;"> -3.61 </td>
   <td style="text-align:left;"> <span style="     border-radius: 4px; padding-right: 4px; padding-left: 4px; background-color:  !important;">0.61</span> </td>
   <td style="text-align:right;"> -4.95 </td>
   <td style="text-align:right;"> -2.21 </td>
   <td style="text-align:left;"> <span style="     border-radius: 4px; padding-right: 4px; padding-left: 4px; background-color:  !important;">0.09</span> </td>
   <td style="text-align:left;"> <span style="     border-radius: 4px; padding-right: 4px; padding-left: 4px; background-color:  !important;">0.26</span> </td>
   <td style="text-align:right;"> 333 </td>
   <td style="text-align:left;"> <span style="     border-radius: 4px; padding-right: 4px; padding-left: 4px; background-color:  !important;">100</span> </td>
  </tr>
  <tr>
   <td style="text-align:left;"> 85 </td>
   <td style="text-align:left;"> MMP7 </td>
   <td style="text-align:left;"> Matrix metalloproteinase 7 </td>
   <td style="text-align:right;"> -3.83 </td>
   <td style="text-align:right;"> 1.55 </td>
   <td style="text-align:right;"> -3.77 </td>
   <td style="text-align:left;"> <span style="     border-radius: 4px; padding-right: 4px; padding-left: 4px; background-color:  !important;">2.05</span> </td>
   <td style="text-align:right;"> -8.40 </td>
   <td style="text-align:right;"> -0.20 </td>
   <td style="text-align:left;"> <span style="     border-radius: 4px; padding-right: 4px; padding-left: 4px; background-color:  !important;">-0.04</span> </td>
   <td style="text-align:left;"> <span style="     border-radius: 4px; padding-right: 4px; padding-left: 4px; background-color:  !important;">-0.27</span> </td>
   <td style="text-align:right;"> 333 </td>
   <td style="text-align:left;"> <span style="     border-radius: 4px; padding-right: 4px; padding-left: 4px; background-color:  !important;">100</span> </td>
  </tr>
  <tr>
   <td style="text-align:left;"> 86 </td>
   <td style="text-align:left;"> Myoglobin </td>
   <td style="text-align:left;"> Myoglobin </td>
   <td style="text-align:right;"> -1.38 </td>
   <td style="text-align:right;"> 0.94 </td>
   <td style="text-align:right;"> -1.47 </td>
   <td style="text-align:left;"> <span style="     border-radius: 4px; padding-right: 4px; padding-left: 4px; background-color:  !important;">1.26</span> </td>
   <td style="text-align:right;"> -3.30 </td>
   <td style="text-align:right;"> 1.77 </td>
   <td style="text-align:left;"> <span style="     border-radius: 4px; padding-right: 4px; padding-left: 4px; background-color:  !important;">0.63</span> </td>
   <td style="text-align:left;"> <span style="     border-radius: 4px; padding-right: 4px; padding-left: 4px; background-color:  !important;">0.47</span> </td>
   <td style="text-align:right;"> 333 </td>
   <td style="text-align:left;"> <span style="     border-radius: 4px; padding-right: 4px; padding-left: 4px; background-color:  !important;">100</span> </td>
  </tr>
  <tr>
   <td style="text-align:left;"> 87 </td>
   <td style="text-align:left;"> NT_proBNP </td>
   <td style="text-align:left;"> N-terminal pro b-type natriuretic peptide </td>
   <td style="text-align:right;"> 4.53 </td>
   <td style="text-align:right;"> 0.37 </td>
   <td style="text-align:right;"> 4.54 </td>
   <td style="text-align:left;"> <span style="     border-radius: 4px; padding-right: 4px; padding-left: 4px; background-color:  !important;">0.46</span> </td>
   <td style="text-align:right;"> 3.18 </td>
   <td style="text-align:right;"> 5.89 </td>
   <td style="text-align:left;"> <span style="     border-radius: 4px; padding-right: 4px; padding-left: 4px; background-color:  !important;">-0.25</span> </td>
   <td style="text-align:left;"> <span style="     border-radius: 4px; padding-right: 4px; padding-left: 4px; background-color:  !important;">0.95</span> </td>
   <td style="text-align:right;"> 233 </td>
   <td style="text-align:left;"> <span style="     border-radius: 4px; padding-right: 4px; padding-left: 4px; background-color: red !important;">69.97</span> </td>
  </tr>
  <tr>
   <td style="text-align:left;"> 88 </td>
   <td style="text-align:left;"> NrCAM </td>
   <td style="text-align:left;"> Neuron-glia cell adhesion molecule </td>
   <td style="text-align:right;"> 4.37 </td>
   <td style="text-align:right;"> 0.55 </td>
   <td style="text-align:right;"> 4.38 </td>
   <td style="text-align:left;"> <span style="     border-radius: 4px; padding-right: 4px; padding-left: 4px; background-color:  !important;">0.7</span> </td>
   <td style="text-align:right;"> 2.83 </td>
   <td style="text-align:right;"> 6.01 </td>
   <td style="text-align:left;"> <span style="     border-radius: 4px; padding-right: 4px; padding-left: 4px; background-color:  !important;">-0.1</span> </td>
   <td style="text-align:left;"> <span style="     border-radius: 4px; padding-right: 4px; padding-left: 4px; background-color:  !important;">0.12</span> </td>
   <td style="text-align:right;"> 233 </td>
   <td style="text-align:left;"> <span style="     border-radius: 4px; padding-right: 4px; padding-left: 4px; background-color: red !important;">69.97</span> </td>
  </tr>
  <tr>
   <td style="text-align:left;"> 89 </td>
   <td style="text-align:left;"> Osteopontin </td>
   <td style="text-align:left;"> Osteopontin </td>
   <td style="text-align:right;"> 5.20 </td>
   <td style="text-align:right;"> 0.39 </td>
   <td style="text-align:right;"> 5.19 </td>
   <td style="text-align:left;"> <span style="     border-radius: 4px; padding-right: 4px; padding-left: 4px; background-color:  !important;">0.49</span> </td>
   <td style="text-align:right;"> 4.08 </td>
   <td style="text-align:right;"> 6.32 </td>
   <td style="text-align:left;"> <span style="     border-radius: 4px; padding-right: 4px; padding-left: 4px; background-color:  !important;">0.05</span> </td>
   <td style="text-align:left;"> <span style="     border-radius: 4px; padding-right: 4px; padding-left: 4px; background-color:  !important;">0.22</span> </td>
   <td style="text-align:right;"> 333 </td>
   <td style="text-align:left;"> <span style="     border-radius: 4px; padding-right: 4px; padding-left: 4px; background-color:  !important;">100</span> </td>
  </tr>
  <tr>
   <td style="text-align:left;"> 90 </td>
   <td style="text-align:left;"> PAI_1 </td>
   <td style="text-align:left;"> Plasminogen activator inhibitor 1 </td>
   <td style="text-align:right;"> 0.06 </td>
   <td style="text-align:right;"> 0.42 </td>
   <td style="text-align:right;"> 0.09 </td>
   <td style="text-align:left;"> <span style="     border-radius: 4px; padding-right: 4px; padding-left: 4px; background-color:  !important;">0.51</span> </td>
   <td style="text-align:right;"> -0.99 </td>
   <td style="text-align:right;"> 1.17 </td>
   <td style="text-align:left;"> <span style="     border-radius: 4px; padding-right: 4px; padding-left: 4px; background-color:  !important;">0.01</span> </td>
   <td style="text-align:left;"> <span style="     border-radius: 4px; padding-right: 4px; padding-left: 4px; background-color:  !important;">-0.32</span> </td>
   <td style="text-align:right;"> 333 </td>
   <td style="text-align:left;"> <span style="     border-radius: 4px; padding-right: 4px; padding-left: 4px; background-color:  !important;">100</span> </td>
  </tr>
  <tr>
   <td style="text-align:left;"> 91 </td>
   <td style="text-align:left;"> PAPP_A </td>
   <td style="text-align:left;"> Pregnancy-associated plasma protein A </td>
   <td style="text-align:right;"> -2.85 </td>
   <td style="text-align:right;"> 0.14 </td>
   <td style="text-align:right;"> -2.87 </td>
   <td style="text-align:left;"> <span style="     border-radius: 4px; padding-right: 4px; padding-left: 4px; background-color:  !important;">0.23</span> </td>
   <td style="text-align:right;"> -3.31 </td>
   <td style="text-align:right;"> -2.49 </td>
   <td style="text-align:left;"> <span style="     border-radius: 4px; padding-right: 4px; padding-left: 4px; background-color:  !important;">-0.03</span> </td>
   <td style="text-align:left;"> <span style="     border-radius: 4px; padding-right: 4px; padding-left: 4px; background-color:  !important;">-0.38</span> </td>
   <td style="text-align:right;"> 333 </td>
   <td style="text-align:left;"> <span style="     border-radius: 4px; padding-right: 4px; padding-left: 4px; background-color:  !important;">100</span> </td>
  </tr>
  <tr>
   <td style="text-align:left;"> 92 </td>
   <td style="text-align:left;"> PLGF </td>
   <td style="text-align:left;"> Placental growth factor </td>
   <td style="text-align:right;"> 3.91 </td>
   <td style="text-align:right;"> 0.40 </td>
   <td style="text-align:right;"> 3.87 </td>
   <td style="text-align:left;"> <span style="     border-radius: 4px; padding-right: 4px; padding-left: 4px; background-color:  !important;">0.55</span> </td>
   <td style="text-align:right;"> 2.48 </td>
   <td style="text-align:right;"> 5.17 </td>
   <td style="text-align:left;"> <span style="     border-radius: 4px; padding-right: 4px; padding-left: 4px; background-color:  !important;">-0.11</span> </td>
   <td style="text-align:left;"> <span style="     border-radius: 4px; padding-right: 4px; padding-left: 4px; background-color:  !important;">0.14</span> </td>
   <td style="text-align:right;"> 333 </td>
   <td style="text-align:left;"> <span style="     border-radius: 4px; padding-right: 4px; padding-left: 4px; background-color:  !important;">100</span> </td>
  </tr>
  <tr>
   <td style="text-align:left;"> 93 </td>
   <td style="text-align:left;"> PYY </td>
   <td style="text-align:left;"> Peptide YY </td>
   <td style="text-align:right;"> 3.01 </td>
   <td style="text-align:right;"> 0.29 </td>
   <td style="text-align:right;"> 3.00 </td>
   <td style="text-align:left;"> <span style="     border-radius: 4px; padding-right: 4px; padding-left: 4px; background-color:  !important;">0.34</span> </td>
   <td style="text-align:right;"> 2.19 </td>
   <td style="text-align:right;"> 3.93 </td>
   <td style="text-align:left;"> <span style="     border-radius: 4px; padding-right: 4px; padding-left: 4px; background-color:  !important;">0.16</span> </td>
   <td style="text-align:left;"> <span style="     border-radius: 4px; padding-right: 4px; padding-left: 4px; background-color:  !important;">0.33</span> </td>
   <td style="text-align:right;"> 333 </td>
   <td style="text-align:left;"> <span style="     border-radius: 4px; padding-right: 4px; padding-left: 4px; background-color:  !important;">100</span> </td>
  </tr>
  <tr>
   <td style="text-align:left;"> 94 </td>
   <td style="text-align:left;"> Pancreatic_polypeptide </td>
   <td style="text-align:left;"> Pancreatic polypeptide </td>
   <td style="text-align:right;"> -0.01 </td>
   <td style="text-align:right;"> 0.72 </td>
   <td style="text-align:right;"> -0.01 </td>
   <td style="text-align:left;"> <span style="     border-radius: 4px; padding-right: 4px; padding-left: 4px; background-color:  !important;">1.04</span> </td>
   <td style="text-align:right;"> -2.12 </td>
   <td style="text-align:right;"> 1.93 </td>
   <td style="text-align:left;"> <span style="     border-radius: 4px; padding-right: 4px; padding-left: 4px; background-color:  !important;">0.01</span> </td>
   <td style="text-align:left;"> <span style="     border-radius: 4px; padding-right: 4px; padding-left: 4px; background-color:  !important;">-0.36</span> </td>
   <td style="text-align:right;"> 333 </td>
   <td style="text-align:left;"> <span style="     border-radius: 4px; padding-right: 4px; padding-left: 4px; background-color:  !important;">100</span> </td>
  </tr>
  <tr>
   <td style="text-align:left;"> 95 </td>
   <td style="text-align:left;"> Prolactin </td>
   <td style="text-align:left;"> Prolactin </td>
   <td style="text-align:right;"> 0.05 </td>
   <td style="text-align:right;"> 0.30 </td>
   <td style="text-align:right;"> 0.00 </td>
   <td style="text-align:left;"> <span style="     border-radius: 4px; padding-right: 4px; padding-left: 4px; background-color:  !important;">0.39</span> </td>
   <td style="text-align:right;"> -1.31 </td>
   <td style="text-align:right;"> 0.99 </td>
   <td style="text-align:left;"> <span style="     border-radius: 4px; padding-right: 4px; padding-left: 4px; background-color:  !important;">0.08</span> </td>
   <td style="text-align:left;"> <span style="     border-radius: 4px; padding-right: 4px; padding-left: 4px; background-color:  !important;">1.34</span> </td>
   <td style="text-align:right;"> 333 </td>
   <td style="text-align:left;"> <span style="     border-radius: 4px; padding-right: 4px; padding-left: 4px; background-color:  !important;">100</span> </td>
  </tr>
  <tr>
   <td style="text-align:left;"> 96 </td>
   <td style="text-align:left;"> Prostatic_Acid_Phosphatase </td>
   <td style="text-align:left;"> Prostatic acid phosphatase </td>
   <td style="text-align:right;"> -1.69 </td>
   <td style="text-align:right;"> 0.06 </td>
   <td style="text-align:right;"> -1.69 </td>
   <td style="text-align:left;"> <span style="     border-radius: 4px; padding-right: 4px; padding-left: 4px; background-color:  !important;">0.07</span> </td>
   <td style="text-align:right;"> -1.93 </td>
   <td style="text-align:right;"> -1.42 </td>
   <td style="text-align:left;"> <span style="     border-radius: 4px; padding-right: 4px; padding-left: 4px; background-color:  !important;">0.24</span> </td>
   <td style="text-align:left;"> <span style="     border-radius: 4px; padding-right: 4px; padding-left: 4px; background-color:  !important;">2</span> </td>
   <td style="text-align:right;"> 333 </td>
   <td style="text-align:left;"> <span style="     border-radius: 4px; padding-right: 4px; padding-left: 4px; background-color:  !important;">100</span> </td>
  </tr>
  <tr>
   <td style="text-align:left;"> 97 </td>
   <td style="text-align:left;"> Protein_S </td>
   <td style="text-align:left;"> Protein S </td>
   <td style="text-align:right;"> -2.25 </td>
   <td style="text-align:right;"> 0.36 </td>
   <td style="text-align:right;"> -2.26 </td>
   <td style="text-align:left;"> <span style="     border-radius: 4px; padding-right: 4px; padding-left: 4px; background-color:  !important;">0.46</span> </td>
   <td style="text-align:right;"> -3.34 </td>
   <td style="text-align:right;"> -1.22 </td>
   <td style="text-align:left;"> <span style="     border-radius: 4px; padding-right: 4px; padding-left: 4px; background-color:  !important;">-0.01</span> </td>
   <td style="text-align:left;"> <span style="     border-radius: 4px; padding-right: 4px; padding-left: 4px; background-color:  !important;">0.12</span> </td>
   <td style="text-align:right;"> 333 </td>
   <td style="text-align:left;"> <span style="     border-radius: 4px; padding-right: 4px; padding-left: 4px; background-color:  !important;">100</span> </td>
  </tr>
  <tr>
   <td style="text-align:left;"> 98 </td>
   <td style="text-align:left;"> Pulmonary_and_Activation_Regulat </td>
   <td style="text-align:left;"> Pulmonary and activation-regulated chemokine </td>
   <td style="text-align:right;"> -1.54 </td>
   <td style="text-align:right;"> 0.44 </td>
   <td style="text-align:right;"> -1.56 </td>
   <td style="text-align:left;"> <span style="     border-radius: 4px; padding-right: 4px; padding-left: 4px; background-color:  !important;">0.59</span> </td>
   <td style="text-align:right;"> -2.51 </td>
   <td style="text-align:right;"> -0.27 </td>
   <td style="text-align:left;"> <span style="     border-radius: 4px; padding-right: 4px; padding-left: 4px; background-color:  !important;">0.28</span> </td>
   <td style="text-align:left;"> <span style="     border-radius: 4px; padding-right: 4px; padding-left: 4px; background-color:  !important;">-0.19</span> </td>
   <td style="text-align:right;"> 233 </td>
   <td style="text-align:left;"> <span style="     border-radius: 4px; padding-right: 4px; padding-left: 4px; background-color: red !important;">69.97</span> </td>
  </tr>
  <tr>
   <td style="text-align:left;"> 99 </td>
   <td style="text-align:left;"> RANTES </td>
   <td style="text-align:left;"> Regulated on activation, normal T cell expressed and secreted </td>
   <td style="text-align:right;"> -6.52 </td>
   <td style="text-align:right;"> 0.32 </td>
   <td style="text-align:right;"> -6.50 </td>
   <td style="text-align:left;"> <span style="     border-radius: 4px; padding-right: 4px; padding-left: 4px; background-color:  !important;">0.41</span> </td>
   <td style="text-align:right;"> -7.24 </td>
   <td style="text-align:right;"> -5.55 </td>
   <td style="text-align:left;"> <span style="     border-radius: 4px; padding-right: 4px; padding-left: 4px; background-color:  !important;">0.22</span> </td>
   <td style="text-align:left;"> <span style="     border-radius: 4px; padding-right: 4px; padding-left: 4px; background-color:  !important;">-0.06</span> </td>
   <td style="text-align:right;"> 333 </td>
   <td style="text-align:left;"> <span style="     border-radius: 4px; padding-right: 4px; padding-left: 4px; background-color:  !important;">100</span> </td>
  </tr>
  <tr>
   <td style="text-align:left;"> 100 </td>
   <td style="text-align:left;"> Resistin </td>
   <td style="text-align:left;"> Resistin </td>
   <td style="text-align:right;"> -17.76 </td>
   <td style="text-align:right;"> 5.69 </td>
   <td style="text-align:right;"> -17.47 </td>
   <td style="text-align:left;"> <span style="     border-radius: 4px; padding-right: 4px; padding-left: 4px; background-color:  !important;">7.66</span> </td>
   <td style="text-align:right;"> -34.97 </td>
   <td style="text-align:right;"> -2.24 </td>
   <td style="text-align:left;"> <span style="     border-radius: 4px; padding-right: 4px; padding-left: 4px; background-color:  !important;">-0.04</span> </td>
   <td style="text-align:left;"> <span style="     border-radius: 4px; padding-right: 4px; padding-left: 4px; background-color:  !important;">-0.06</span> </td>
   <td style="text-align:right;"> 333 </td>
   <td style="text-align:left;"> <span style="     border-radius: 4px; padding-right: 4px; padding-left: 4px; background-color:  !important;">100</span> </td>
  </tr>
  <tr>
   <td style="text-align:left;"> 101 </td>
   <td style="text-align:left;"> S100b </td>
   <td style="text-align:left;"> S100 calcium-binding protein B </td>
   <td style="text-align:right;"> 1.24 </td>
   <td style="text-align:right;"> 0.35 </td>
   <td style="text-align:right;"> 1.21 </td>
   <td style="text-align:left;"> <span style="     border-radius: 4px; padding-right: 4px; padding-left: 4px; background-color:  !important;">0.48</span> </td>
   <td style="text-align:right;"> 0.19 </td>
   <td style="text-align:right;"> 2.37 </td>
   <td style="text-align:left;"> <span style="     border-radius: 4px; padding-right: 4px; padding-left: 4px; background-color:  !important;">0.04</span> </td>
   <td style="text-align:left;"> <span style="     border-radius: 4px; padding-right: 4px; padding-left: 4px; background-color:  !important;">0.04</span> </td>
   <td style="text-align:right;"> 333 </td>
   <td style="text-align:left;"> <span style="     border-radius: 4px; padding-right: 4px; padding-left: 4px; background-color:  !important;">100</span> </td>
  </tr>
  <tr>
   <td style="text-align:left;"> 102 </td>
   <td style="text-align:left;"> SGOT </td>
   <td style="text-align:left;"> Serum glutamic-oxaloacetic transaminase </td>
   <td style="text-align:right;"> -0.42 </td>
   <td style="text-align:right;"> 0.35 </td>
   <td style="text-align:right;"> -0.40 </td>
   <td style="text-align:left;"> <span style="     border-radius: 4px; padding-right: 4px; padding-left: 4px; background-color:  !important;">0.44</span> </td>
   <td style="text-align:right;"> -1.90 </td>
   <td style="text-align:right;"> 0.74 </td>
   <td style="text-align:left;"> <span style="     border-radius: 4px; padding-right: 4px; padding-left: 4px; background-color:  !important;">-0.06</span> </td>
   <td style="text-align:left;"> <span style="     border-radius: 4px; padding-right: 4px; padding-left: 4px; background-color:  !important;">0.8</span> </td>
   <td style="text-align:right;"> 333 </td>
   <td style="text-align:left;"> <span style="     border-radius: 4px; padding-right: 4px; padding-left: 4px; background-color:  !important;">100</span> </td>
  </tr>
  <tr>
   <td style="text-align:left;"> 103 </td>
   <td style="text-align:left;"> SHBG </td>
   <td style="text-align:left;"> Sex hormone-binding globulin </td>
   <td style="text-align:right;"> -2.52 </td>
   <td style="text-align:right;"> 0.57 </td>
   <td style="text-align:right;"> -2.51 </td>
   <td style="text-align:left;"> <span style="     border-radius: 4px; padding-right: 4px; padding-left: 4px; background-color:  !important;">0.68</span> </td>
   <td style="text-align:right;"> -4.14 </td>
   <td style="text-align:right;"> -1.11 </td>
   <td style="text-align:left;"> <span style="     border-radius: 4px; padding-right: 4px; padding-left: 4px; background-color:  !important;">0.02</span> </td>
   <td style="text-align:left;"> <span style="     border-radius: 4px; padding-right: 4px; padding-left: 4px; background-color:  !important;">-0.14</span> </td>
   <td style="text-align:right;"> 333 </td>
   <td style="text-align:left;"> <span style="     border-radius: 4px; padding-right: 4px; padding-left: 4px; background-color:  !important;">100</span> </td>
  </tr>
  <tr>
   <td style="text-align:left;"> 104 </td>
   <td style="text-align:left;"> SOD </td>
   <td style="text-align:left;"> Superoxide dismutase </td>
   <td style="text-align:right;"> 5.33 </td>
   <td style="text-align:right;"> 0.38 </td>
   <td style="text-align:right;"> 5.35 </td>
   <td style="text-align:left;"> <span style="     border-radius: 4px; padding-right: 4px; padding-left: 4px; background-color:  !important;">0.5</span> </td>
   <td style="text-align:right;"> 4.32 </td>
   <td style="text-align:right;"> 6.46 </td>
   <td style="text-align:left;"> <span style="     border-radius: 4px; padding-right: 4px; padding-left: 4px; background-color:  !important;">-0.03</span> </td>
   <td style="text-align:left;"> <span style="     border-radius: 4px; padding-right: 4px; padding-left: 4px; background-color:  !important;">0.14</span> </td>
   <td style="text-align:right;"> 333 </td>
   <td style="text-align:left;"> <span style="     border-radius: 4px; padding-right: 4px; padding-left: 4px; background-color:  !important;">100</span> </td>
  </tr>
  <tr>
   <td style="text-align:left;"> 105 </td>
   <td style="text-align:left;"> Serum_Amyloid_P </td>
   <td style="text-align:left;"> Serum amyloid P component </td>
   <td style="text-align:right;"> -6.03 </td>
   <td style="text-align:right;"> 0.55 </td>
   <td style="text-align:right;"> -6.03 </td>
   <td style="text-align:left;"> <span style="     border-radius: 4px; padding-right: 4px; padding-left: 4px; background-color:  !important;">0.78</span> </td>
   <td style="text-align:right;"> -7.51 </td>
   <td style="text-align:right;"> -4.65 </td>
   <td style="text-align:left;"> <span style="     border-radius: 4px; padding-right: 4px; padding-left: 4px; background-color:  !important;">-0.03</span> </td>
   <td style="text-align:left;"> <span style="     border-radius: 4px; padding-right: 4px; padding-left: 4px; background-color:  !important;">-0.2</span> </td>
   <td style="text-align:right;"> 333 </td>
   <td style="text-align:left;"> <span style="     border-radius: 4px; padding-right: 4px; padding-left: 4px; background-color:  !important;">100</span> </td>
  </tr>
  <tr>
   <td style="text-align:left;"> 106 </td>
   <td style="text-align:left;"> Sortilin </td>
   <td style="text-align:left;"> Sortilin </td>
   <td style="text-align:right;"> 3.84 </td>
   <td style="text-align:right;"> 0.87 </td>
   <td style="text-align:right;"> 3.87 </td>
   <td style="text-align:left;"> <span style="     border-radius: 4px; padding-right: 4px; padding-left: 4px; background-color:  !important;">1.09</span> </td>
   <td style="text-align:right;"> 1.51 </td>
   <td style="text-align:right;"> 6.23 </td>
   <td style="text-align:left;"> <span style="     border-radius: 4px; padding-right: 4px; padding-left: 4px; background-color:  !important;">0</span> </td>
   <td style="text-align:left;"> <span style="     border-radius: 4px; padding-right: 4px; padding-left: 4px; background-color:  !important;">-0.13</span> </td>
   <td style="text-align:right;"> 333 </td>
   <td style="text-align:left;"> <span style="     border-radius: 4px; padding-right: 4px; padding-left: 4px; background-color:  !important;">100</span> </td>
  </tr>
  <tr>
   <td style="text-align:left;"> 107 </td>
   <td style="text-align:left;"> Stem_Cell_Factor </td>
   <td style="text-align:left;"> Stem cell factor </td>
   <td style="text-align:right;"> 3.29 </td>
   <td style="text-align:right;"> 0.36 </td>
   <td style="text-align:right;"> 3.30 </td>
   <td style="text-align:left;"> <span style="     border-radius: 4px; padding-right: 4px; padding-left: 4px; background-color:  !important;">0.48</span> </td>
   <td style="text-align:right;"> 2.22 </td>
   <td style="text-align:right;"> 4.28 </td>
   <td style="text-align:left;"> <span style="     border-radius: 4px; padding-right: 4px; padding-left: 4px; background-color:  !important;">0</span> </td>
   <td style="text-align:left;"> <span style="     border-radius: 4px; padding-right: 4px; padding-left: 4px; background-color:  !important;">-0.03</span> </td>
   <td style="text-align:right;"> 333 </td>
   <td style="text-align:left;"> <span style="     border-radius: 4px; padding-right: 4px; padding-left: 4px; background-color:  !important;">100</span> </td>
  </tr>
  <tr>
   <td style="text-align:left;"> 108 </td>
   <td style="text-align:left;"> TGF_alpha </td>
   <td style="text-align:left;"> Transforming growth factor alpha </td>
   <td style="text-align:right;"> 9.80 </td>
   <td style="text-align:right;"> 1.28 </td>
   <td style="text-align:right;"> 9.83 </td>
   <td style="text-align:left;"> <span style="     border-radius: 4px; padding-right: 4px; padding-left: 4px; background-color:  !important;">1.84</span> </td>
   <td style="text-align:right;"> 6.84 </td>
   <td style="text-align:right;"> 13.83 </td>
   <td style="text-align:left;"> <span style="     border-radius: 4px; padding-right: 4px; padding-left: 4px; background-color:  !important;">0.01</span> </td>
   <td style="text-align:left;"> <span style="     border-radius: 4px; padding-right: 4px; padding-left: 4px; background-color:  !important;">-0.15</span> </td>
   <td style="text-align:right;"> 333 </td>
   <td style="text-align:left;"> <span style="     border-radius: 4px; padding-right: 4px; padding-left: 4px; background-color:  !important;">100</span> </td>
  </tr>
  <tr>
   <td style="text-align:left;"> 109 </td>
   <td style="text-align:left;"> TIMP_1 </td>
   <td style="text-align:left;"> Tissue inhibitor of metalloproteinases 1 </td>
   <td style="text-align:right;"> 11.70 </td>
   <td style="text-align:right;"> 1.85 </td>
   <td style="text-align:right;"> 11.56 </td>
   <td style="text-align:left;"> <span style="     border-radius: 4px; padding-right: 4px; padding-left: 4px; background-color:  !important;">2.21</span> </td>
   <td style="text-align:right;"> 1.74 </td>
   <td style="text-align:right;"> 18.88 </td>
   <td style="text-align:left;"> <span style="     border-radius: 4px; padding-right: 4px; padding-left: 4px; background-color:  !important;">0.22</span> </td>
   <td style="text-align:left;"> <span style="     border-radius: 4px; padding-right: 4px; padding-left: 4px; background-color:  !important;">2.68</span> </td>
   <td style="text-align:right;"> 333 </td>
   <td style="text-align:left;"> <span style="     border-radius: 4px; padding-right: 4px; padding-left: 4px; background-color:  !important;">100</span> </td>
  </tr>
  <tr>
   <td style="text-align:left;"> 110 </td>
   <td style="text-align:left;"> TNF_RII </td>
   <td style="text-align:left;"> Tumor necrosis factor receptor II </td>
   <td style="text-align:right;"> -0.60 </td>
   <td style="text-align:right;"> 0.34 </td>
   <td style="text-align:right;"> -0.60 </td>
   <td style="text-align:left;"> <span style="     border-radius: 4px; padding-right: 4px; padding-left: 4px; background-color:  !important;">0.46</span> </td>
   <td style="text-align:right;"> -1.66 </td>
   <td style="text-align:right;"> 0.47 </td>
   <td style="text-align:left;"> <span style="     border-radius: 4px; padding-right: 4px; padding-left: 4px; background-color:  !important;">0.03</span> </td>
   <td style="text-align:left;"> <span style="     border-radius: 4px; padding-right: 4px; padding-left: 4px; background-color:  !important;">0.16</span> </td>
   <td style="text-align:right;"> 333 </td>
   <td style="text-align:left;"> <span style="     border-radius: 4px; padding-right: 4px; padding-left: 4px; background-color:  !important;">100</span> </td>
  </tr>
  <tr>
   <td style="text-align:left;"> 111 </td>
   <td style="text-align:left;"> TRAIL_R3 </td>
   <td style="text-align:left;"> TNF-related apoptosis-inducing ligand receptor 3 </td>
   <td style="text-align:right;"> -0.55 </td>
   <td style="text-align:right;"> 0.24 </td>
   <td style="text-align:right;"> -0.55 </td>
   <td style="text-align:left;"> <span style="     border-radius: 4px; padding-right: 4px; padding-left: 4px; background-color:  !important;">0.32</span> </td>
   <td style="text-align:right;"> -1.31 </td>
   <td style="text-align:right;"> 0.27 </td>
   <td style="text-align:left;"> <span style="     border-radius: 4px; padding-right: 4px; padding-left: 4px; background-color:  !important;">0.03</span> </td>
   <td style="text-align:left;"> <span style="     border-radius: 4px; padding-right: 4px; padding-left: 4px; background-color:  !important;">0.43</span> </td>
   <td style="text-align:right;"> 333 </td>
   <td style="text-align:left;"> <span style="     border-radius: 4px; padding-right: 4px; padding-left: 4px; background-color:  !important;">100</span> </td>
  </tr>
  <tr>
   <td style="text-align:left;"> 112 </td>
   <td style="text-align:left;"> TTR_prealbumin </td>
   <td style="text-align:left;"> Transthyretin (prealbumin) </td>
   <td style="text-align:right;"> 2.85 </td>
   <td style="text-align:right;"> 0.14 </td>
   <td style="text-align:right;"> 2.89 </td>
   <td style="text-align:left;"> <span style="     border-radius: 4px; padding-right: 4px; padding-left: 4px; background-color:  !important;">0.17</span> </td>
   <td style="text-align:right;"> 2.48 </td>
   <td style="text-align:right;"> 3.33 </td>
   <td style="text-align:left;"> <span style="     border-radius: 4px; padding-right: 4px; padding-left: 4px; background-color:  !important;">-0.05</span> </td>
   <td style="text-align:left;"> <span style="     border-radius: 4px; padding-right: 4px; padding-left: 4px; background-color:  !important;">0.03</span> </td>
   <td style="text-align:right;"> 233 </td>
   <td style="text-align:left;"> <span style="     border-radius: 4px; padding-right: 4px; padding-left: 4px; background-color: red !important;">69.97</span> </td>
  </tr>
  <tr>
   <td style="text-align:left;"> 113 </td>
   <td style="text-align:left;"> Tamm_Horsfall_Protein_THP </td>
   <td style="text-align:left;"> Tamm-Horsfall protein </td>
   <td style="text-align:right;"> -3.12 </td>
   <td style="text-align:right;"> 0.03 </td>
   <td style="text-align:right;"> -3.12 </td>
   <td style="text-align:left;"> <span style="     border-radius: 4px; padding-right: 4px; padding-left: 4px; background-color:  !important;">0.04</span> </td>
   <td style="text-align:right;"> -3.21 </td>
   <td style="text-align:right;"> -3.04 </td>
   <td style="text-align:left;"> <span style="     border-radius: 4px; padding-right: 4px; padding-left: 4px; background-color:  !important;">-0.11</span> </td>
   <td style="text-align:left;"> <span style="     border-radius: 4px; padding-right: 4px; padding-left: 4px; background-color:  !important;">0.16</span> </td>
   <td style="text-align:right;"> 233 </td>
   <td style="text-align:left;"> <span style="     border-radius: 4px; padding-right: 4px; padding-left: 4px; background-color: red !important;">69.97</span> </td>
  </tr>
  <tr>
   <td style="text-align:left;"> 114 </td>
   <td style="text-align:left;"> Thrombomodulin </td>
   <td style="text-align:left;"> Thrombomodulin </td>
   <td style="text-align:right;"> -1.51 </td>
   <td style="text-align:right;"> 0.23 </td>
   <td style="text-align:right;"> -1.49 </td>
   <td style="text-align:left;"> <span style="     border-radius: 4px; padding-right: 4px; padding-left: 4px; background-color:  !important;">0.33</span> </td>
   <td style="text-align:right;"> -2.05 </td>
   <td style="text-align:right;"> -0.82 </td>
   <td style="text-align:left;"> <span style="     border-radius: 4px; padding-right: 4px; padding-left: 4px; background-color:  !important;">-0.04</span> </td>
   <td style="text-align:left;"> <span style="     border-radius: 4px; padding-right: 4px; padding-left: 4px; background-color:  !important;">-0.22</span> </td>
   <td style="text-align:right;"> 333 </td>
   <td style="text-align:left;"> <span style="     border-radius: 4px; padding-right: 4px; padding-left: 4px; background-color:  !important;">100</span> </td>
  </tr>
  <tr>
   <td style="text-align:left;"> 115 </td>
   <td style="text-align:left;"> Thrombopoietin </td>
   <td style="text-align:left;"> Thrombopoietin </td>
   <td style="text-align:right;"> -0.76 </td>
   <td style="text-align:right;"> 0.24 </td>
   <td style="text-align:right;"> -0.75 </td>
   <td style="text-align:left;"> <span style="     border-radius: 4px; padding-right: 4px; padding-left: 4px; background-color:  !important;">0.29</span> </td>
   <td style="text-align:right;"> -1.54 </td>
   <td style="text-align:right;"> 0.10 </td>
   <td style="text-align:left;"> <span style="     border-radius: 4px; padding-right: 4px; padding-left: 4px; background-color:  !important;">0.07</span> </td>
   <td style="text-align:left;"> <span style="     border-radius: 4px; padding-right: 4px; padding-left: 4px; background-color:  !important;">0.58</span> </td>
   <td style="text-align:right;"> 233 </td>
   <td style="text-align:left;"> <span style="     border-radius: 4px; padding-right: 4px; padding-left: 4px; background-color: red !important;">69.97</span> </td>
  </tr>
  <tr>
   <td style="text-align:left;"> 116 </td>
   <td style="text-align:left;"> Thymus_Expressed_Chemokine_TECK </td>
   <td style="text-align:left;"> Thymus-expressed chemokine (TECK) </td>
   <td style="text-align:right;"> 3.83 </td>
   <td style="text-align:right;"> 0.79 </td>
   <td style="text-align:right;"> 3.81 </td>
   <td style="text-align:left;"> <span style="     border-radius: 4px; padding-right: 4px; padding-left: 4px; background-color:  !important;">0.97</span> </td>
   <td style="text-align:right;"> 1.51 </td>
   <td style="text-align:right;"> 6.23 </td>
   <td style="text-align:left;"> <span style="     border-radius: 4px; padding-right: 4px; padding-left: 4px; background-color:  !important;">0.06</span> </td>
   <td style="text-align:left;"> <span style="     border-radius: 4px; padding-right: 4px; padding-left: 4px; background-color:  !important;">0.54</span> </td>
   <td style="text-align:right;"> 333 </td>
   <td style="text-align:left;"> <span style="     border-radius: 4px; padding-right: 4px; padding-left: 4px; background-color:  !important;">100</span> </td>
  </tr>
  <tr>
   <td style="text-align:left;"> 117 </td>
   <td style="text-align:left;"> Thyroid_Stimulating_Hormone </td>
   <td style="text-align:left;"> Thyroid-stimulating hormone </td>
   <td style="text-align:right;"> -4.44 </td>
   <td style="text-align:right;"> 0.77 </td>
   <td style="text-align:right;"> -4.42 </td>
   <td style="text-align:left;"> <span style="     border-radius: 4px; padding-right: 4px; padding-left: 4px; background-color:  !important;">0.93</span> </td>
   <td style="text-align:right;"> -6.19 </td>
   <td style="text-align:right;"> -1.71 </td>
   <td style="text-align:left;"> <span style="     border-radius: 4px; padding-right: 4px; padding-left: 4px; background-color:  !important;">0.09</span> </td>
   <td style="text-align:left;"> <span style="     border-radius: 4px; padding-right: 4px; padding-left: 4px; background-color:  !important;">0.77</span> </td>
   <td style="text-align:right;"> 333 </td>
   <td style="text-align:left;"> <span style="     border-radius: 4px; padding-right: 4px; padding-left: 4px; background-color:  !important;">100</span> </td>
  </tr>
  <tr>
   <td style="text-align:left;"> 118 </td>
   <td style="text-align:left;"> Thyroxine_Binding_Globulin </td>
   <td style="text-align:left;"> Thyroxine-binding globulin </td>
   <td style="text-align:right;"> -1.48 </td>
   <td style="text-align:right;"> 0.40 </td>
   <td style="text-align:right;"> -1.51 </td>
   <td style="text-align:left;"> <span style="     border-radius: 4px; padding-right: 4px; padding-left: 4px; background-color:  !important;">0.53</span> </td>
   <td style="text-align:right;"> -2.48 </td>
   <td style="text-align:right;"> -0.21 </td>
   <td style="text-align:left;"> <span style="     border-radius: 4px; padding-right: 4px; padding-left: 4px; background-color:  !important;">0.23</span> </td>
   <td style="text-align:left;"> <span style="     border-radius: 4px; padding-right: 4px; padding-left: 4px; background-color:  !important;">-0.21</span> </td>
   <td style="text-align:right;"> 333 </td>
   <td style="text-align:left;"> <span style="     border-radius: 4px; padding-right: 4px; padding-left: 4px; background-color:  !important;">100</span> </td>
  </tr>
  <tr>
   <td style="text-align:left;"> 119 </td>
   <td style="text-align:left;"> Tissue_Factor </td>
   <td style="text-align:left;"> Tissue factor </td>
   <td style="text-align:right;"> 1.16 </td>
   <td style="text-align:right;"> 0.51 </td>
   <td style="text-align:right;"> 1.19 </td>
   <td style="text-align:left;"> <span style="     border-radius: 4px; padding-right: 4px; padding-left: 4px; background-color:  !important;">0.69</span> </td>
   <td style="text-align:right;"> -0.21 </td>
   <td style="text-align:right;"> 2.71 </td>
   <td style="text-align:left;"> <span style="     border-radius: 4px; padding-right: 4px; padding-left: 4px; background-color:  !important;">-0.06</span> </td>
   <td style="text-align:left;"> <span style="     border-radius: 4px; padding-right: 4px; padding-left: 4px; background-color:  !important;">0.02</span> </td>
   <td style="text-align:right;"> 333 </td>
   <td style="text-align:left;"> <span style="     border-radius: 4px; padding-right: 4px; padding-left: 4px; background-color:  !important;">100</span> </td>
  </tr>
  <tr>
   <td style="text-align:left;"> 120 </td>
   <td style="text-align:left;"> Transferrin </td>
   <td style="text-align:left;"> Transferrin </td>
   <td style="text-align:right;"> 2.91 </td>
   <td style="text-align:right;"> 0.28 </td>
   <td style="text-align:right;"> 2.89 </td>
   <td style="text-align:left;"> <span style="     border-radius: 4px; padding-right: 4px; padding-left: 4px; background-color:  !important;">0.38</span> </td>
   <td style="text-align:right;"> 1.93 </td>
   <td style="text-align:right;"> 3.76 </td>
   <td style="text-align:left;"> <span style="     border-radius: 4px; padding-right: 4px; padding-left: 4px; background-color:  !important;">-0.05</span> </td>
   <td style="text-align:left;"> <span style="     border-radius: 4px; padding-right: 4px; padding-left: 4px; background-color:  !important;">0.45</span> </td>
   <td style="text-align:right;"> 333 </td>
   <td style="text-align:left;"> <span style="     border-radius: 4px; padding-right: 4px; padding-left: 4px; background-color:  !important;">100</span> </td>
  </tr>
  <tr>
   <td style="text-align:left;"> 121 </td>
   <td style="text-align:left;"> Trefoil_Factor_3_TFF3 </td>
   <td style="text-align:left;"> Trefoil factor 3 (TFF3) </td>
   <td style="text-align:right;"> -3.89 </td>
   <td style="text-align:right;"> 0.34 </td>
   <td style="text-align:right;"> -3.91 </td>
   <td style="text-align:left;"> <span style="     border-radius: 4px; padding-right: 4px; padding-left: 4px; background-color:  !important;">0.45</span> </td>
   <td style="text-align:right;"> -4.91 </td>
   <td style="text-align:right;"> -2.96 </td>
   <td style="text-align:left;"> <span style="     border-radius: 4px; padding-right: 4px; padding-left: 4px; background-color:  !important;">0.1</span> </td>
   <td style="text-align:left;"> <span style="     border-radius: 4px; padding-right: 4px; padding-left: 4px; background-color:  !important;">-0.09</span> </td>
   <td style="text-align:right;"> 333 </td>
   <td style="text-align:left;"> <span style="     border-radius: 4px; padding-right: 4px; padding-left: 4px; background-color:  !important;">100</span> </td>
  </tr>
  <tr>
   <td style="text-align:left;"> 122 </td>
   <td style="text-align:left;"> VCAM_1 </td>
   <td style="text-align:left;"> Vascular cell adhesion molecule 1 </td>
   <td style="text-align:right;"> 2.68 </td>
   <td style="text-align:right;"> 0.32 </td>
   <td style="text-align:right;"> 2.71 </td>
   <td style="text-align:left;"> <span style="     border-radius: 4px; padding-right: 4px; padding-left: 4px; background-color:  !important;">0.41</span> </td>
   <td style="text-align:right;"> 1.72 </td>
   <td style="text-align:right;"> 3.69 </td>
   <td style="text-align:left;"> <span style="     border-radius: 4px; padding-right: 4px; padding-left: 4px; background-color:  !important;">-0.06</span> </td>
   <td style="text-align:left;"> <span style="     border-radius: 4px; padding-right: 4px; padding-left: 4px; background-color:  !important;">0.02</span> </td>
   <td style="text-align:right;"> 333 </td>
   <td style="text-align:left;"> <span style="     border-radius: 4px; padding-right: 4px; padding-left: 4px; background-color:  !important;">100</span> </td>
  </tr>
  <tr>
   <td style="text-align:left;"> 123 </td>
   <td style="text-align:left;"> VEGF </td>
   <td style="text-align:left;"> Vascular endothelial growth factor </td>
   <td style="text-align:right;"> 16.93 </td>
   <td style="text-align:right;"> 1.87 </td>
   <td style="text-align:right;"> 17.08 </td>
   <td style="text-align:left;"> <span style="     border-radius: 4px; padding-right: 4px; padding-left: 4px; background-color:  !important;">2.43</span> </td>
   <td style="text-align:right;"> 11.83 </td>
   <td style="text-align:right;"> 22.38 </td>
   <td style="text-align:left;"> <span style="     border-radius: 4px; padding-right: 4px; padding-left: 4px; background-color:  !important;">0.03</span> </td>
   <td style="text-align:left;"> <span style="     border-radius: 4px; padding-right: 4px; padding-left: 4px; background-color:  !important;">0.05</span> </td>
   <td style="text-align:right;"> 333 </td>
   <td style="text-align:left;"> <span style="     border-radius: 4px; padding-right: 4px; padding-left: 4px; background-color:  !important;">100</span> </td>
  </tr>
  <tr>
   <td style="text-align:left;"> 124 </td>
   <td style="text-align:left;"> Vitronectin </td>
   <td style="text-align:left;"> Vitronectin </td>
   <td style="text-align:right;"> -0.28 </td>
   <td style="text-align:right;"> 0.33 </td>
   <td style="text-align:right;"> -0.29 </td>
   <td style="text-align:left;"> <span style="     border-radius: 4px; padding-right: 4px; padding-left: 4px; background-color:  !important;">0.47</span> </td>
   <td style="text-align:right;"> -1.43 </td>
   <td style="text-align:right;"> 0.53 </td>
   <td style="text-align:left;"> <span style="     border-radius: 4px; padding-right: 4px; padding-left: 4px; background-color:  !important;">-0.04</span> </td>
   <td style="text-align:left;"> <span style="     border-radius: 4px; padding-right: 4px; padding-left: 4px; background-color:  !important;">-0.28</span> </td>
   <td style="text-align:right;"> 333 </td>
   <td style="text-align:left;"> <span style="     border-radius: 4px; padding-right: 4px; padding-left: 4px; background-color:  !important;">100</span> </td>
  </tr>
  <tr>
   <td style="text-align:left;"> 125 </td>
   <td style="text-align:left;"> von_Willebrand_Factor </td>
   <td style="text-align:left;"> von Willebrand factor </td>
   <td style="text-align:right;"> -3.93 </td>
   <td style="text-align:right;"> 0.38 </td>
   <td style="text-align:right;"> -3.91 </td>
   <td style="text-align:left;"> <span style="     border-radius: 4px; padding-right: 4px; padding-left: 4px; background-color:  !important;">0.55</span> </td>
   <td style="text-align:right;"> -4.99 </td>
   <td style="text-align:right;"> -2.96 </td>
   <td style="text-align:left;"> <span style="     border-radius: 4px; padding-right: 4px; padding-left: 4px; background-color:  !important;">-0.06</span> </td>
   <td style="text-align:left;"> <span style="     border-radius: 4px; padding-right: 4px; padding-left: 4px; background-color:  !important;">-0.4</span> </td>
   <td style="text-align:right;"> 333 </td>
   <td style="text-align:left;"> <span style="     border-radius: 4px; padding-right: 4px; padding-left: 4px; background-color:  !important;">100</span> </td>
  </tr>
  <tr>
   <td style="text-align:left;"> 126 </td>
   <td style="text-align:left;"> tau </td>
   <td style="text-align:left;"> Tau protein </td>
   <td style="text-align:right;"> 5.74 </td>
   <td style="text-align:right;"> 0.56 </td>
   <td style="text-align:right;"> 5.74 </td>
   <td style="text-align:left;"> <span style="     border-radius: 4px; padding-right: 4px; padding-left: 4px; background-color:  !important;">0.8</span> </td>
   <td style="text-align:right;"> 4.60 </td>
   <td style="text-align:right;"> 7.17 </td>
   <td style="text-align:left;"> <span style="     border-radius: 4px; padding-right: 4px; padding-left: 4px; background-color:  !important;">0.22</span> </td>
   <td style="text-align:left;"> <span style="     border-radius: 4px; padding-right: 4px; padding-left: 4px; background-color:  !important;">-0.52</span> </td>
   <td style="text-align:right;"> 233 </td>
   <td style="text-align:left;"> <span style="     border-radius: 4px; padding-right: 4px; padding-left: 4px; background-color: red !important;">69.97</span> </td>
  </tr>
  <tr>
   <td style="text-align:left;"> 127 </td>
   <td style="text-align:left;"> p_tau </td>
   <td style="text-align:left;"> Phosphorylated tau protein </td>
   <td style="text-align:right;"> 4.04 </td>
   <td style="text-align:right;"> 0.46 </td>
   <td style="text-align:right;"> 4.04 </td>
   <td style="text-align:left;"> <span style="     border-radius: 4px; padding-right: 4px; padding-left: 4px; background-color:  !important;">0.63</span> </td>
   <td style="text-align:right;"> 2.96 </td>
   <td style="text-align:right;"> 5.47 </td>
   <td style="text-align:left;"> <span style="     border-radius: 4px; padding-right: 4px; padding-left: 4px; background-color:  !important;">0.28</span> </td>
   <td style="text-align:left;"> <span style="     border-radius: 4px; padding-right: 4px; padding-left: 4px; background-color:  !important;">-0.11</span> </td>
   <td style="text-align:right;"> 333 </td>
   <td style="text-align:left;"> <span style="     border-radius: 4px; padding-right: 4px; padding-left: 4px; background-color:  !important;">100</span> </td>
  </tr>
  <tr>
   <td style="text-align:left;"> 128 </td>
   <td style="text-align:left;"> Ab_42 </td>
   <td style="text-align:left;"> Amyloid beta 42 </td>
   <td style="text-align:right;"> 12.36 </td>
   <td style="text-align:right;"> 1.55 </td>
   <td style="text-align:right;"> 12.38 </td>
   <td style="text-align:left;"> <span style="     border-radius: 4px; padding-right: 4px; padding-left: 4px; background-color:  !important;">2.43</span> </td>
   <td style="text-align:right;"> 9.45 </td>
   <td style="text-align:right;"> 15.96 </td>
   <td style="text-align:left;"> <span style="     border-radius: 4px; padding-right: 4px; padding-left: 4px; background-color:  !important;">0.07</span> </td>
   <td style="text-align:left;"> <span style="     border-radius: 4px; padding-right: 4px; padding-left: 4px; background-color:  !important;">-0.89</span> </td>
   <td style="text-align:right;"> 233 </td>
   <td style="text-align:left;"> <span style="     border-radius: 4px; padding-right: 4px; padding-left: 4px; background-color: red !important;">69.97</span> </td>
  </tr>
</tbody>
</table></div>
> PlotContinuousDistributions(df_Revalued, vars_Continuous[1:12], 
+     ncol = 3)
Warning: Removed 111 rows containing non-finite outside the scale range
(`stat_half_ydensity()`).
Warning: Removed 111 rows containing non-finite outside the scale range
(`stat_boxplot()`).
Warning: Removed 111 rows containing missing values or values outside the scale range
(`geom_point_sorted()`).

> PlotCategoricalDistributions(df_Revalued, vars_Categorical)

> PlotAssociations(df_Revalued, "age", "Adiponectin")
